airline,carrier_name,src,dst,dst_country,region,equipment,aircraft_name,eis_year,type_vintage_age,body,is_widebody,seats,distance_km,dest_connectivity,is_africa
AF,Air France,ABE,ATL,United States,North America,CRJ,Bombardier CRJ-200,1992,32,regional_jet,0,50,1113.7519369386584,911,0
AF,Air France,ABJ,CDG,France,Europe,772,Boeing 777-200,1995,29,widebody,1,314,4903.2126932143765,517,0
AF,Air France,ABQ,ATL,United States,North America,757,Boeing 757-200,1983,41,narrowbody,0,200,2038.333296863863,911,0
AF,Air France,ABQ,ATL,United States,North America,320,Airbus A320,1988,36,narrowbody,0,150,2038.333296863863,911,0
AF,Air France,ABV,CDG,France,Europe,332,Airbus A330-200,1998,26,widebody,1,247,4470.1300128505545,517,0
AF,Air France,ABV,PHC,Nigeria,Africa,332,Airbus A330-200,1998,26,widebody,1,247,445.1590343192692,8,1
AF,Air France,ABY,ATL,United States,North America,CRJ,Bombardier CRJ-200,1992,32,regional_jet,0,50,234.66539121322768,911,0
AF,Air France,ABZ,CDG,France,Europe,E70,Embraer 170,2004,20,regional_jet,0,76,963.5818608445471,517,0
AF,Air France,AEX,ATL,United States,North America,CRJ,Bombardier CRJ-200,1992,32,regional_jet,0,50,803.641253202455,911,0
AF,Air France,AGP,CDG,France,Europe,738,Boeing 737-800,1998,26,narrowbody,0,162,1485.8180661695942,517,0
AF,Air France,AGS,ATL,United States,North America,CRJ,Bombardier CRJ-200,1992,32,regional_jet,0,50,230.3385221563136,911,0
AF,Air France,AGS,ATL,United States,North America,717,Boeing 717,1999,25,narrowbody,0,106,230.3385221563136,911,0
AF,Air France,AJA,LGG,Belgium,Europe,320,Airbus A320,1988,36,narrowbody,0,150,1002.4615902163572,8,0
AF,Air France,AJA,LYS,France,Europe,320,Airbus A320,1988,36,narrowbody,0,150,517.4295941758219,140,0
AF,Air France,AJA,MRS,France,Europe,320,Airbus A320,1988,36,narrowbody,0,150,337.76273478913697,129,0
AF,Air France,AJA,MRS,France,Europe,AT7,ATR 72,1989,35,turboprop,0,70,337.76273478913697,129,0
AF,Air France,AJA,NCE,France,Europe,AT7,ATR 72,1989,35,turboprop,0,70,232.32835493983816,134,0
AF,Air France,AJA,NTE,France,Europe,320,Airbus A320,1988,36,narrowbody,0,150,1008.2645470427656,91,0
AF,Air France,AJA,ORY,France,Europe,321,Airbus A321,1994,30,narrowbody,0,185,906.9422322787123,203,0
AF,Air France,AJA,ORY,France,Europe,320,Airbus A320,1988,36,narrowbody,0,150,906.9422322787123,203,0
AF,Air France,AJA,ORY,France,Europe,319,Airbus A319,1996,28,narrowbody,0,124,906.9422322787123,203,0
AF,Air France,AJA,TLS,France,Europe,320,Airbus A320,1988,36,narrowbody,0,150,635.8294201155211,83,0
AF,Air France,ALB,ATL,United States,North America,CR9,Bombardier CRJ-900,2003,21,regional_jet,0,90,1372.141779651512,911,0
AF,Air France,ALB,ATL,United States,North America,M88,McDonnell Douglas MD-88,1987,37,narrowbody,0,150,1372.141779651512,911,0
AF,Air France,ALG,CDG,France,Europe,319,Airbus A319,1996,28,narrowbody,0,124,1371.1796814652766,517,0
AF,Air France,ALG,MRS,France,Europe,320,Airbus A320,1988,36,narrowbody,0,150,769.4774346760329,129,0
AF,Air France,ALG,MRS,France,Europe,319,Airbus A319,1996,28,narrowbody,0,124,769.4774346760329,129,0
AF,Air France,AMM,CDG,France,Europe,320,Airbus A320,1988,36,narrowbody,0,150,3381.238933447555,517,0
AF,Air France,AMS,AUH,United Arab Emirates,Asia,332,Airbus A330-200,1998,26,widebody,1,247,5191.564071367668,236,0
AF,Air France,AMS,BOD,France,Europe,E90,Embraer 190,2005,19,regional_jet,0,100,923.6920529628386,67,0
AF,Air France,AMS,BOD,France,Europe,73W,Boeing 737-700 (winglets),1998,26,narrowbody,0,143,923.6920529628386,67,0
AF,Air France,AMS,BOD,France,Europe,F70,Fokker 70,1994,30,regional_jet,0,79,923.6920529628386,67,0
AF,Air France,AMS,BSL,France,Europe,F70,Fokker 70,1994,30,regional_jet,0,79,560.6426157815108,94,0
AF,Air France,AMS,BSL,France,Europe,E90,Embraer 190,2005,19,regional_jet,0,100,560.6426157815108,94,0
AF,Air France,AMS,CDG,France,Europe,321,Airbus A321,1994,30,narrowbody,0,185,398.26978308829587,517,0
AF,Air France,AMS,CDG,France,Europe,320,Airbus A320,1988,36,narrowbody,0,150,398.26978308829587,517,0
AF,Air France,AMS,CDG,France,Europe,319,Airbus A319,1996,28,narrowbody,0,124,398.26978308829587,517,0
AF,Air France,AMS,CDG,France,Europe,318,Airbus A318,2003,21,narrowbody,0,107,398.26978308829587,517,0
AF,Air France,AMS,CDG,France,Europe,32A,Airbus A320 (sharklets),1988,36,narrowbody,0,150,398.26978308829587,517,0
AF,Air France,AMS,CFE,France,Europe,ER4,Embraer ERJ-145,1996,28,regional_jet,0,50,734.4065638802323,9,0
AF,Air France,AMS,DMM,Saudi Arabia,Asia,332,Airbus A330-200,1998,26,widebody,1,247,4704.766546321854,82,0
AF,Air France,AMS,DOH,Qatar,Asia,332,Airbus A330-200,1998,26,widebody,1,247,4923.0923048828745,188,0
AF,Air France,AMS,HRE,Zimbabwe,Africa,332,Airbus A330-200,1998,26,widebody,1,247,8214.553627357824,31,1
AF,Air France,AMS,JRO,Tanzania,Africa,332,Airbus A330-200,1998,26,widebody,1,247,6901.247433528279,21,1
AF,Air France,AMS,KGL,Rwanda,Africa,332,Airbus A330-200,1998,26,widebody,1,247,6486.878921716191,38,1
AF,Air France,AMS,KUL,Malaysia,Asia,772,Boeing 777-200,1995,29,widebody,1,314,10236.638950503195,257,0
AF,Air France,AMS,KWI,Kuwait,Asia,332,Airbus A330-200,1998,26,widebody,1,247,4355.279554852435,119,0
AF,Air France,AMS,LCY,United Kingdom,Europe,AR8,Avro RJ85 (BAe 146),1993,31,regional_jet,0,100,335.0673301551608,66,0
AF,Air France,AMS,LYS,France,Europe,F70,Fokker 70,1994,30,regional_jet,0,79,732.3646569525172,140,0
AF,Air France,AMS,MRS,France,Europe,319,Airbus A319,1996,28,narrowbody,0,124,986.8091147715683,129,0
AF,Air France,AMS,NCE,France,Europe,73W,Boeing 737-700 (winglets),1998,26,narrowbody,0,143,978.8644304917758,134,0
AF,Air France,AMS,NCE,France,Europe,E90,Embraer 190,2005,19,regional_jet,0,100,978.8644304917758,134,0
AF,Air France,AMS,NCE,France,Europe,73H,Boeing 737-800 (winglets),1998,26,narrowbody,0,162,978.8644304917758,134,0
AF,Air France,AMS,NTE,France,Europe,ER4,Embraer ERJ-145,1996,28,regional_jet,0,50,733.2666987433632,91,0
AF,Air France,AMS,SXB,France,Europe,ER4,Embraer ERJ-145,1996,28,regional_jet,0,50,465.6734807856442,35,0
AF,Air France,AMS,SXB,France,Europe,CR7,Bombardier CRJ-700,2001,23,regional_jet,0,70,465.6734807856442,35,0
AF,Air France,AMS,SXB,France,Europe,E70,Embraer 170,2004,20,regional_jet,0,76,465.6734807856442,35,0
AF,Air France,AMS,TLS,France,Europe,E90,Embraer 190,2005,19,regional_jet,0,100,997.4661996251601,83,0
AF,Air France,AMS,TPE,Taiwan,Asia,77W,Boeing 777-300ER,2004,20,widebody,1,365,9442.514489805226,263,0
AF,Air France,AMS,UIO,Ecuador,South America,772,Boeing 777-200,1995,29,widebody,1,314,9551.998748971982,39,0
AF,Air France,ANR,LCY,United Kingdom,Europe,F50,Fokker 50,1987,37,turboprop,0,56,307.8985957784923,66,0
AF,Air France,ARN,CDG,France,Europe,320,Airbus A320,1988,36,narrowbody,0,150,1539.1558006232403,517,0
AF,Air France,ARN,CDG,France,Europe,321,Airbus A321,1994,30,narrowbody,0,185,1539.1558006232403,517,0
AF,Air France,ARN,CDG,France,Europe,32A,Airbus A320 (sharklets),1988,36,narrowbody,0,150,1539.1558006232403,517,0
AF,Air France,ARN,CDG,France,Europe,319,Airbus A319,1996,28,narrowbody,0,124,1539.1558006232403,517,0
AF,Air France,ATH,CDG,France,Europe,32A,Airbus A320 (sharklets),1988,36,narrowbody,0,150,2108.652268711337,517,0
AF,Air France,ATH,CDG,France,Europe,319,Airbus A319,1996,28,narrowbody,0,124,2108.652268711337,517,0
AF,Air France,ATH,CDG,France,Europe,320,Airbus A320,1988,36,narrowbody,0,150,2108.652268711337,517,0
AF,Air France,ATH,CDG,France,Europe,321,Airbus A321,1994,30,narrowbody,0,185,2108.652268711337,517,0
AF,Air France,ATH,MRS,France,Europe,319,Airbus A319,1996,28,narrowbody,0,124,1688.4696976267583,129,0
AF,Air France,ATH,TLS,France,Europe,320,Airbus A320,1988,36,narrowbody,0,150,1996.3810737331041,83,0
AF,Air France,ATL,ABE,United States,North America,717,Boeing 717,1999,25,narrowbody,0,106,1113.7519369386584,13,0
AF,Air France,ATL,ABQ,United States,North America,757,Boeing 757-200,1983,41,narrowbody,0,200,2038.333296863863,41,0
AF,Air France,ATL,ABY,United States,North America,CRJ,Bombardier CRJ-200,1992,32,regional_jet,0,50,234.66539121322768,4,0
AF,Air France,ATL,AEX,United States,North America,CRJ,Bombardier CRJ-200,1992,32,regional_jet,0,50,803.641253202455,6,0
AF,Air France,ATL,AEX,United States,North America,CR9,Bombardier CRJ-900,2003,21,regional_jet,0,90,803.641253202455,6,0
AF,Air France,ATL,AGS,United States,North America,CRJ,Bombardier CRJ-200,1992,32,regional_jet,0,50,230.3385221563136,7,0
AF,Air France,ATL,AGS,United States,North America,M88,McDonnell Douglas MD-88,1987,37,narrowbody,0,150,230.3385221563136,7,0
AF,Air France,ATL,AGS,United States,North America,717,Boeing 717,1999,25,narrowbody,0,106,230.3385221563136,7,0
AF,Air France,ATL,ALB,United States,North America,M88,McDonnell Douglas MD-88,1987,37,narrowbody,0,150,1372.141779651512,29,0
AF,Air France,ATL,ATW,United States,North America,CR9,Bombardier CRJ-900,2003,21,regional_jet,0,90,1232.4561895554398,9,0
AF,Air France,ATL,AUS,United States,North America,M90,McDonnell Douglas MD-90,1995,29,narrowbody,0,158,1305.9912879785675,84,0
AF,Air France,ATL,AUS,United States,North America,M88,McDonnell Douglas MD-88,1987,37,narrowbody,0,150,1305.9912879785675,84,0
AF,Air France,ATL,AVL,United States,North America,CRJ,Bombardier CRJ-200,1992,32,regional_jet,0,50,264.35772692163215,12,0
AF,Air France,ATL,AVL,United States,North America,M88,McDonnell Douglas MD-88,1987,37,narrowbody,0,150,264.35772692163215,12,0
AF,Air France,ATL,AVP,United States,North America,CR7,Bombardier CRJ-700,2001,23,regional_jet,0,70,1149.092057252161,10,0
AF,Air France,ATL,BDL,United States,North America,M88,McDonnell Douglas MD-88,1987,37,narrowbody,0,150,1382.3194090292877,52,0
AF,Air France,ATL,BDL,United States,North America,73W,Boeing 737-700 (winglets),1998,26,narrowbody,0,143,1382.3194090292877,52,0
AF,Air France,ATL,BHM,United States,North America,M88,McDonnell Douglas MD-88,1987,37,narrowbody,0,150,215.52298129318808,35,0
AF,Air France,ATL,BMI,United States,North America,CR7,Bombardier CRJ-700,2001,23,regional_jet,0,70,858.2492516324287,12,0
AF,Air France,ATL,BMI,United States,North America,CR9,Bombardier CRJ-900,2003,21,regional_jet,0,90,858.2492516324287,12,0
AF,Air France,ATL,BNA,United States,North America,M88,McDonnell Douglas MD-88,1987,37,narrowbody,0,150,344.4330795074149,82,0
AF,Air France,ATL,BNA,United States,North America,319,Airbus A319,1996,28,narrowbody,0,124,344.4330795074149,82,0
AF,Air France,ATL,BNA,United States,North America,738,Boeing 737-800,1998,26,narrowbody,0,162,344.4330795074149,82,0
AF,Air France,ATL,BNA,United States,North America,73H,Boeing 737-800 (winglets),1998,26,narrowbody,0,162,344.4330795074149,82,0
AF,Air France,ATL,BNA,United States,North America,717,Boeing 717,1999,25,narrowbody,0,106,344.4330795074149,82,0
AF,Air France,ATL,BNA,United States,North America,320,Airbus A320,1988,36,narrowbody,0,150,344.4330795074149,82,0
AF,Air France,ATL,BOS,United States,North America,M90,McDonnell Douglas MD-90,1995,29,narrowbody,0,158,1521.5537657651757,212,0
AF,Air France,ATL,BOS,United States,North America,757,Boeing 757-200,1983,41,narrowbody,0,200,1521.5537657651757,212,0
AF,Air France,ATL,BOS,United States,North America,320,Airbus A320,1988,36,narrowbody,0,150,1521.5537657651757,212,0
AF,Air France,ATL,BOS,United States,North America,738,Boeing 737-800,1998,26,narrowbody,0,162,1521.5537657651757,212,0
AF,Air France,ATL,BOS,United States,North America,319,Airbus A319,1996,28,narrowbody,0,124,1521.5537657651757,212,0
AF,Air France,ATL,BQK,United States,North America,CRJ,Bombardier CRJ-200,1992,32,regional_jet,0,50,383.55351979815015,3,0
AF,Air France,ATL,BRU,Belgium,Europe,76W,Boeing 767-300ER (winglets),1988,36,widebody,1,218,7106.023938289066,315,0
AF,Air France,ATL,BTR,United States,North America,CR7,Bombardier CRJ-700,2001,23,regional_jet,0,70,720.9292278073489,8,0
AF,Air France,ATL,BTR,United States,North America,CRJ,Bombardier CRJ-200,1992,32,regional_jet,0,50,720.9292278073489,8,0
AF,Air France,ATL,BTR,United States,North America,319,Airbus A319,1996,28,narrowbody,0,124,720.9292278073489,8,0
AF,Air France,ATL,BTR,United States,North America,CR9,Bombardier CRJ-900,2003,21,regional_jet,0,90,720.9292278073489,8,0
AF,Air France,ATL,BTV,United States,North America,CR9,Bombardier CRJ-900,2003,21,regional_jet,0,90,1545.8883124764327,14,0
AF,Air France,ATL,BUF,United States,North America,M90,McDonnell Douglas MD-90,1995,29,narrowbody,0,158,1147.0626194832444,35,0
AF,Air France,ATL,BUF,United States,North America,M88,McDonnell Douglas MD-88,1987,37,narrowbody,0,150,1147.0626194832444,35,0
AF,Air France,ATL,BWI,United States,North America,M90,McDonnell Douglas MD-90,1995,29,narrowbody,0,158,927.5307689689373,144,0
AF,Air France,ATL,BWI,United States,North America,757,Boeing 757-200,1983,41,narrowbody,0,200,927.5307689689373,144,0
AF,Air France,ATL,BWI,United States,North America,320,Airbus A320,1988,36,narrowbody,0,150,927.5307689689373,144,0
AF,Air France,ATL,CAE,United States,North America,M88,McDonnell Douglas MD-88,1987,37,narrowbody,0,150,307.5885579580446,17,0
AF,Air France,ATL,CAE,United States,North America,CRJ,Bombardier CRJ-200,1992,32,regional_jet,0,50,307.5885579580446,17,0
AF,Air France,ATL,CAE,United States,North America,319,Airbus A319,1996,28,narrowbody,0,124,307.5885579580446,17,0
AF,Air France,ATL,CAE,United States,North America,717,Boeing 717,1999,25,narrowbody,0,106,307.5885579580446,17,0
AF,Air France,ATL,CAK,United States,North America,M88,McDonnell Douglas MD-88,1987,37,narrowbody,0,150,851.3024186481874,22,0
AF,Air France,ATL,CDG,France,Europe,77W,Boeing 777-300ER,2004,20,widebody,1,365,7055.72646139429,517,0
AF,Air France,ATL,CDG,France,Europe,744,Boeing 747-400,1989,35,widebody,1,416,7055.72646139429,517,0
AF,Air France,ATL,CDG,France,Europe,772,Boeing 777-200,1995,29,widebody,1,314,7055.72646139429,517,0
AF,Air France,ATL,CHA,United States,North America,CRJ,Bombardier CRJ-200,1992,32,regional_jet,0,50,171.04902083897997,16,0
AF,Air France,ATL,CHA,United States,North America,M88,McDonnell Douglas MD-88,1987,37,narrowbody,0,150,171.04902083897997,16,0
AF,Air France,ATL,CHO,United States,North America,CRJ,Bombardier CRJ-200,1992,32,regional_jet,0,50,734.755638156895,13,0
AF,Air France,ATL,CHS,United States,North America,320,Airbus A320,1988,36,narrowbody,0,150,416.06300813054,35,0
AF,Air France,ATL,CHS,United States,North America,M88,McDonnell Douglas MD-88,1987,37,narrowbody,0,150,416.06300813054,35,0
AF,Air France,ATL,CHS,United States,North America,73W,Boeing 737-700 (winglets),1998,26,narrowbody,0,143,416.06300813054,35,0
AF,Air France,ATL,CHS,United States,North America,717,Boeing 717,1999,25,narrowbody,0,106,416.06300813054,35,0
AF,Air France,ATL,CHS,United States,North America,319,Airbus A319,1996,28,narrowbody,0,124,416.06300813054,35,0
AF,Air France,ATL,CID,United States,North America,CRJ,Bombardier CRJ-200,1992,32,regional_jet,0,50,1117.5025110844736,18,0
AF,Air France,ATL,CLE,United States,North America,717,Boeing 717,1999,25,narrowbody,0,106,893.8160893493864,80,0
AF,Air France,ATL,CLE,United States,North America,CR9,Bombardier CRJ-900,2003,21,regional_jet,0,90,893.8160893493864,80,0
AF,Air France,ATL,CLT,United States,North America,M90,McDonnell Douglas MD-90,1995,29,narrowbody,0,158,364.56708046971005,299,0
AF,Air France,ATL,CLT,United States,North America,M88,McDonnell Douglas MD-88,1987,37,narrowbody,0,150,364.56708046971005,299,0
AF,Air France,ATL,CLT,United States,North America,319,Airbus A319,1996,28,narrowbody,0,124,364.56708046971005,299,0
AF,Air France,ATL,CMH,United States,North America,73W,Boeing 737-700 (winglets),1998,26,narrowbody,0,143,720.4056053118145,65,0
AF,Air France,ATL,CMH,United States,North America,M88,McDonnell Douglas MD-88,1987,37,narrowbody,0,150,720.4056053118145,65,0
AF,Air France,ATL,CMH,United States,North America,738,Boeing 737-800,1998,26,narrowbody,0,162,720.4056053118145,65,0
AF,Air France,ATL,COS,United States,North America,738,Boeing 737-800,1998,26,narrowbody,0,162,1902.5379334175639,14,0
AF,Air France,ATL,CRW,United States,North America,CRJ,Bombardier CRJ-200,1992,32,regional_jet,0,50,585.0668999383439,15,0
AF,Air France,ATL,CRW,United States,North America,319,Airbus A319,1996,28,narrowbody,0,124,585.0668999383439,15,0
AF,Air France,ATL,CSG,United States,North America,CRJ,Bombardier CRJ-200,1992,32,regional_jet,0,50,133.36375513525203,3,0
AF,Air France,ATL,CUN,Mexico,North America,M88,McDonnell Douglas MD-88,1987,37,narrowbody,0,150,1421.6576140193617,154,0
AF,Air France,ATL,CVG,United States,North America,738,Boeing 737-800,1998,26,narrowbody,0,162,602.1803007933798,75,0
AF,Air France,ATL,CVG,United States,North America,M88,McDonnell Douglas MD-88,1987,37,narrowbody,0,150,602.1803007933798,75,0
AF,Air France,ATL,CVG,United States,North America,319,Airbus A319,1996,28,narrowbody,0,124,602.1803007933798,75,0
AF,Air France,ATL,CZM,Mexico,North America,M88,McDonnell Douglas MD-88,1987,37,narrowbody,0,150,1478.8966111789432,16,0
AF,Air France,ATL,DAB,United States,North America,M90,McDonnell Douglas MD-90,1995,29,narrowbody,0,158,589.7126936511381,5,0
AF,Air France,ATL,DAL,United States,North America,CRJ,Bombardier CRJ-200,1992,32,regional_jet,0,50,1158.026383400293,36,0
AF,Air France,ATL,DAY,United States,North America,M88,McDonnell Douglas MD-88,1987,37,narrowbody,0,150,696.9614585702037,32,0
AF,Air France,ATL,DCA,United States,North America,M88,McDonnell Douglas MD-88,1987,37,narrowbody,0,150,880.0933329876362,192,0
AF,Air France,ATL,DCA,United States,North America,M90,McDonnell Douglas MD-90,1995,29,narrowbody,0,158,880.0933329876362,192,0
AF,Air France,ATL,DCA,United States,North America,320,Airbus A320,1988,36,narrowbody,0,150,880.0933329876362,192,0
AF,Air France,ATL,DEN,United States,North America,M90,McDonnell Douglas MD-90,1995,29,narrowbody,0,158,1926.6178297784163,374,0
AF,Air France,ATL,DEN,United States,North America,757,Boeing 757-200,1983,41,narrowbody,0,200,1926.6178297784163,374,0
AF,Air France,ATL,DEN,United States,North America,738,Boeing 737-800,1998,26,narrowbody,0,162,1926.6178297784163,374,0
AF,Air France,ATL,DFW,United States,North America,M88,McDonnell Douglas MD-88,1987,37,narrowbody,0,150,1174.5318236036762,467,0
AF,Air France,ATL,DFW,United States,North America,319,Airbus A319,1996,28,narrowbody,0,124,1174.5318236036762,467,0
AF,Air France,ATL,DHN,United States,North America,CRJ,Bombardier CRJ-200,1992,32,regional_jet,0,50,274.7080703306349,3,0
AF,Air France,ATL,DSM,United States,North America,M88,McDonnell Douglas MD-88,1987,37,narrowbody,0,150,1195.7717645356188,28,0
AF,Air France,ATL,DTW,United States,North America,M88,McDonnell Douglas MD-88,1987,37,narrowbody,0,150,958.1975913594938,217,0
AF,Air France,ATL,DTW,United States,North America,M90,McDonnell Douglas MD-90,1995,29,narrowbody,0,158,958.1975913594938,217,0
AF,Air France,ATL,DTW,United States,North America,757,Boeing 757-200,1983,41,narrowbody,0,200,958.1975913594938,217,0
AF,Air France,ATL,DUB,Ireland,Europe,76W,Boeing 767-300ER (winglets),1988,36,widebody,1,218,6322.9025137978815,207,0
AF,Air France,ATL,DUS,Germany,Europe,76W,Boeing 767-300ER (winglets),1988,36,widebody,1,218,7236.381003970272,285,0
AF,Air France,ATL,ECP,United States,North America,717,Boeing 717,1999,25,narrowbody,0,106,386.78515770925776,7,0
AF,Air France,ATL,ECP,United States,North America,M88,McDonnell Douglas MD-88,1987,37,narrowbody,0,150,386.78515770925776,7,0
AF,Air France,ATL,ELP,United States,North America,M88,McDonnell Douglas MD-88,1987,37,narrowbody,0,150,2059.5544231171243,23,0
AF,Air France,ATL,EVV,United States,North America,CRJ,Bombardier CRJ-200,1992,32,regional_jet,0,50,563.5671813013649,9,0
AF,Air France,ATL,EWN,United States,North America,CRJ,Bombardier CRJ-200,1992,32,regional_jet,0,50,696.3169163964745,5,0
AF,Air France,ATL,EWR,United States,North America,717,Boeing 717,1999,25,narrowbody,0,106,1199.316353924153,252,0
AF,Air France,ATL,EYW,United States,North America,73W,Boeing 737-700 (winglets),1998,26,narrowbody,0,143,1042.3425917786137,17,0
AF,Air France,ATL,EYW,United States,North America,CR7,Bombardier CRJ-700,2001,23,regional_jet,0,70,1042.3425917786137,17,0
AF,Air France,ATL,FAY,United States,North America,CRJ,Bombardier CRJ-200,1992,32,regional_jet,0,50,531.2309701068226,8,0
AF,Air France,ATL,FAY,United States,North America,73W,Boeing 737-700 (winglets),1998,26,narrowbody,0,143,531.2309701068226,8,0
AF,Air France,ATL,FCO,Italy,Europe,333,Airbus A330-300,1994,30,widebody,1,277,8085.346591570423,331,0
AF,Air France,ATL,FLL,United States,North America,757,Boeing 757-200,1983,41,narrowbody,0,200,936.441360903343,188,0
AF,Air France,ATL,FLL,United States,North America,M90,McDonnell Douglas MD-90,1995,29,narrowbody,0,158,936.441360903343,188,0
AF,Air France,ATL,FNT,United States,North America,M88,McDonnell Douglas MD-88,1987,37,narrowbody,0,150,1039.0115901398274,12,0
AF,Air France,ATL,FRA,Germany,Europe,764,Boeing 767-400,2000,24,widebody,1,245,7409.649808022339,493,0
AF,Air France,ATL,FSM,United States,North America,CRJ,Bombardier CRJ-200,1992,32,regional_jet,0,50,929.9351484718937,5,0
AF,Air France,ATL,FWA,United States,North America,CRJ,Bombardier CRJ-200,1992,32,regional_jet,0,50,819.1739529373724,16,0
AF,Air France,ATL,GDL,Mexico,North America,320,Airbus A320,1988,36,narrowbody,0,150,2363.848835053403,92,0
AF,Air France,ATL,GNV,United States,North America,CR9,Bombardier CRJ-900,2003,21,regional_jet,0,90,483.9359906282761,12,0
AF,Air France,ATL,GNV,United States,North America,717,Boeing 717,1999,25,narrowbody,0,106,483.9359906282761,12,0
AF,Air France,ATL,GNV,United States,North America,CR7,Bombardier CRJ-700,2001,23,regional_jet,0,70,483.9359906282761,12,0
AF,Air France,ATL,GPT,United States,North America,M88,McDonnell Douglas MD-88,1987,37,narrowbody,0,150,565.9744945565579,9,0
AF,Air France,ATL,GPT,United States,North America,CR7,Bombardier CRJ-700,2001,23,regional_jet,0,70,565.9744945565579,9,0
AF,Air France,ATL,GPT,United States,North America,CRJ,Bombardier CRJ-200,1992,32,regional_jet,0,50,565.9744945565579,9,0
AF,Air France,ATL,GRB,United States,North America,CR7,Bombardier CRJ-700,2001,23,regional_jet,0,70,1247.5339721419944,8,0
AF,Air France,ATL,GRK,United States,North America,CR9,Bombardier CRJ-900,2003,21,regional_jet,0,90,1289.7897422212989,6,0
AF,Air France,ATL,GRR,United States,North America,M88,McDonnell Douglas MD-88,1987,37,narrowbody,0,150,1032.303554138231,28,0
AF,Air France,ATL,GRR,United States,North America,320,Airbus A320,1988,36,narrowbody,0,150,1032.303554138231,28,0
AF,Air France,ATL,GSO,United States,North America,M88,McDonnell Douglas MD-88,1987,37,narrowbody,0,150,492.6065324161367,26,0
AF,Air France,ATL,GSO,United States,North America,320,Airbus A320,1988,36,narrowbody,0,150,492.6065324161367,26,0
AF,Air France,ATL,GSO,United States,North America,319,Airbus A319,1996,28,narrowbody,0,124,492.6065324161367,26,0
AF,Air France,ATL,GSP,United States,North America,CR7,Bombardier CRJ-700,2001,23,regional_jet,0,70,246.5917792704738,29,0
AF,Air France,ATL,GSP,United States,North America,319,Airbus A319,1996,28,narrowbody,0,124,246.5917792704738,29,0
AF,Air France,ATL,GSP,United States,North America,M88,McDonnell Douglas MD-88,1987,37,narrowbody,0,150,246.5917792704738,29,0
AF,Air France,ATL,GSP,United States,North America,717,Boeing 717,1999,25,narrowbody,0,106,246.5917792704738,29,0
AF,Air France,ATL,GSP,United States,North America,CRJ,Bombardier CRJ-200,1992,32,regional_jet,0,50,246.5917792704738,29,0
AF,Air France,ATL,GTR,United States,North America,CRJ,Bombardier CRJ-200,1992,32,regional_jet,0,50,386.3731483179377,3,0
AF,Air France,ATL,HPN,United States,North America,CR7,Bombardier CRJ-700,2001,23,regional_jet,0,70,1255.4471146665528,23,0
AF,Air France,ATL,HSV,United States,North America,717,Boeing 717,1999,25,narrowbody,0,106,242.96364002557888,18,0
AF,Air France,ATL,HSV,United States,North America,M88,McDonnell Douglas MD-88,1987,37,narrowbody,0,150,242.96364002557888,18,0
AF,Air France,ATL,HSV,United States,North America,CRJ,Bombardier CRJ-200,1992,32,regional_jet,0,50,242.96364002557888,18,0
AF,Air France,ATL,IAD,United States,North America,320,Airbus A320,1988,36,narrowbody,0,150,859.0311610793252,190,0
AF,Air France,ATL,IAD,United States,North America,M88,McDonnell Douglas MD-88,1987,37,narrowbody,0,150,859.0311610793252,190,0
AF,Air France,ATL,IAH,United States,North America,M88,McDonnell Douglas MD-88,1987,37,narrowbody,0,150,1107.5625747320166,242,0
AF,Air France,ATL,IAH,United States,North America,717,Boeing 717,1999,25,narrowbody,0,106,1107.5625747320166,242,0
AF,Air France,ATL,IAH,United States,North America,320,Airbus A320,1988,36,narrowbody,0,150,1107.5625747320166,242,0
AF,Air France,ATL,IAH,United States,North America,319,Airbus A319,1996,28,narrowbody,0,124,1107.5625747320166,242,0
AF,Air France,ATL,ICT,United States,North America,CR9,Bombardier CRJ-900,2003,21,regional_jet,0,90,1255.6787625519178,20,0
AF,Air France,ATL,ICT,United States,North America,M88,McDonnell Douglas MD-88,1987,37,narrowbody,0,150,1255.6787625519178,20,0
AF,Air France,ATL,ILM,United States,North America,CRJ,Bombardier CRJ-200,1992,32,regional_jet,0,50,605.8847963590904,13,0
AF,Air France,ATL,ILM,United States,North America,319,Airbus A319,1996,28,narrowbody,0,124,605.8847963590904,13,0
AF,Air France,ATL,IND,United States,North America,320,Airbus A320,1988,36,narrowbody,0,150,696.265301572822,69,0
AF,Air France,ATL,IND,United States,North America,M88,McDonnell Douglas MD-88,1987,37,narrowbody,0,150,696.265301572822,69,0
AF,Air France,ATL,IND,United States,North America,M90,McDonnell Douglas MD-90,1995,29,narrowbody,0,158,696.265301572822,69,0
AF,Air France,ATL,JAN,United States,North America,717,Boeing 717,1999,25,narrowbody,0,106,546.9875906917429,18,0
AF,Air France,ATL,JAN,United States,North America,CR9,Bombardier CRJ-900,2003,21,regional_jet,0,90,546.9875906917429,18,0
AF,Air France,ATL,JAN,United States,North America,M88,McDonnell Douglas MD-88,1987,37,narrowbody,0,150,546.9875906917429,18,0
AF,Air France,ATL,JAN,United States,North America,CRJ,Bombardier CRJ-200,1992,32,regional_jet,0,50,546.9875906917429,18,0
AF,Air France,ATL,JAX,United States,North America,757,Boeing 757-200,1983,41,narrowbody,0,200,434.4457415223961,45,0
AF,Air France,ATL,JFK,United States,North America,319,Airbus A319,1996,28,narrowbody,0,124,1222.0934389187266,455,0
AF,Air France,ATL,JFK,United States,North America,752,Boeing 757-200,1983,41,narrowbody,0,200,1222.0934389187266,455,0
AF,Air France,ATL,JFK,United States,North America,M88,McDonnell Douglas MD-88,1987,37,narrowbody,0,150,1222.0934389187266,455,0
AF,Air France,ATL,JFK,United States,North America,738,Boeing 737-800,1998,26,narrowbody,0,162,1222.0934389187266,455,0
AF,Air France,ATL,LAS,United States,North America,757,Boeing 757-200,1983,41,narrowbody,0,200,2804.8279085707227,252,0
AF,Air France,ATL,LAS,United States,North America,753,Boeing 757-300,1999,25,narrowbody,0,243,2804.8279085707227,252,0
AF,Air France,ATL,LAX,United States,North America,76W,Boeing 767-300ER (winglets),1988,36,widebody,1,218,3125.7765263601914,498,0
AF,Air France,ATL,LAX,United States,North America,763,Boeing 767-300,1986,38,widebody,1,218,3125.7765263601914,498,0
AF,Air France,ATL,LAX,United States,North America,757,Boeing 757-200,1983,41,narrowbody,0,200,3125.7765263601914,498,0
AF,Air France,ATL,LAX,United States,North America,739,Boeing 737-900,2001,23,narrowbody,0,177,3125.7765263601914,498,0
AF,Air France,ATL,LEX,United States,North America,CR9,Bombardier CRJ-900,2003,21,regional_jet,0,90,489.49747598534117,20,0
AF,Air France,ATL,LEX,United States,North America,M88,McDonnell Douglas MD-88,1987,37,narrowbody,0,150,489.49747598534117,20,0
AF,Air France,ATL,LEX,United States,North America,CRJ,Bombardier CRJ-200,1992,32,regional_jet,0,50,489.49747598534117,20,0
AF,Air France,ATL,LEX,United States,North America,717,Boeing 717,1999,25,narrowbody,0,106,489.49747598534117,20,0
AF,Air France,ATL,LFT,United States,North America,CRJ,Bombardier CRJ-200,1992,32,regional_jet,0,50,808.7514007543349,6,0
AF,Air France,ATL,LGA,United States,North America,757,Boeing 757-200,1983,41,narrowbody,0,200,1224.8675556123217,158,0
AF,Air France,ATL,LGA,United States,North America,739,Boeing 737-900,2001,23,narrowbody,0,177,1224.8675556123217,158,0
AF,Air France,ATL,LHR,United Kingdom,Europe,764,Boeing 767-400,2000,24,widebody,1,245,6760.763839225036,524,0
AF,Air France,ATL,LHR,United Kingdom,Europe,77L,Boeing 777-200LR,2006,18,widebody,1,317,6760.763839225036,524,0
AF,Air France,ATL,LHR,United Kingdom,Europe,76W,Boeing 767-300ER (winglets),1988,36,widebody,1,218,6760.763839225036,524,0
AF,Air France,ATL,LIT,United States,North America,M88,McDonnell Douglas MD-88,1987,37,narrowbody,0,150,727.1602851633608,29,0
AF,Air France,ATL,MAD,Spain,Europe,764,Boeing 767-400,2000,24,widebody,1,245,6961.619005812714,331,0
AF,Air France,ATL,MAN,United Kingdom,Europe,76W,Boeing 767-300ER (winglets),1988,36,widebody,1,218,6580.99385905668,311,0
AF,Air France,ATL,MCI,United States,North America,M88,McDonnell Douglas MD-88,1987,37,narrowbody,0,150,1113.375497783347,77,0
AF,Air France,ATL,MCI,United States,North America,M90,McDonnell Douglas MD-90,1995,29,narrowbody,0,158,1113.375497783347,77,0
AF,Air France,ATL,MCI,United States,North America,757,Boeing 757-200,1983,41,narrowbody,0,200,1113.375497783347,77,0
AF,Air France,ATL,MCO,United States,North America,757,Boeing 757-200,1983,41,narrowbody,0,200,650.7363446314482,238,0
AF,Air France,ATL,MDT,United States,North America,CRJ,Bombardier CRJ-200,1992,32,regional_jet,0,50,997.1336620358046,19,0
AF,Air France,ATL,MDT,United States,North America,M88,McDonnell Douglas MD-88,1987,37,narrowbody,0,150,997.1336620358046,19,0
AF,Air France,ATL,MDW,United States,North America,319,Airbus A319,1996,28,narrowbody,0,124,951.9605263942913,132,0
AF,Air France,ATL,MDW,United States,North America,717,Boeing 717,1999,25,narrowbody,0,106,951.9605263942913,132,0
AF,Air France,ATL,MDW,United States,North America,320,Airbus A320,1988,36,narrowbody,0,150,951.9605263942913,132,0
AF,Air France,ATL,MEM,United States,North America,M88,McDonnell Douglas MD-88,1987,37,narrowbody,0,150,532.7925237937135,54,0
AF,Air France,ATL,MEX,Mexico,North America,73W,Boeing 737-700 (winglets),1998,26,narrowbody,0,143,2143.394505722193,242,0
AF,Air France,ATL,MEX,Mexico,North America,73H,Boeing 737-800 (winglets),1998,26,narrowbody,0,162,2143.394505722193,242,0
AF,Air France,ATL,MGM,United States,North America,CRJ,Bombardier CRJ-200,1992,32,regional_jet,0,50,236.0132387800246,7,0
AF,Air France,ATL,MHT,United States,North America,320,Airbus A320,1988,36,narrowbody,0,150,1531.067789453141,20,0
AF,Air France,ATL,MIA,United States,North America,M90,McDonnell Douglas MD-90,1995,29,narrowbody,0,158,959.0645602676874,366,0
AF,Air France,ATL,MIA,United States,North America,757,Boeing 757-200,1983,41,narrowbody,0,200,959.0645602676874,366,0
AF,Air France,ATL,MIA,United States,North America,320,Airbus A320,1988,36,narrowbody,0,150,959.0645602676874,366,0
AF,Air France,ATL,MKE,United States,North America,M90,McDonnell Douglas MD-90,1995,29,narrowbody,0,158,1078.353344778379,60,0
AF,Air France,ATL,MKE,United States,North America,M88,McDonnell Douglas MD-88,1987,37,narrowbody,0,150,1078.353344778379,60,0
AF,Air France,ATL,MLB,United States,North America,M88,McDonnell Douglas MD-88,1987,37,narrowbody,0,150,713.283052522829,5,0
AF,Air France,ATL,MLI,United States,North America,CR9,Bombardier CRJ-900,2003,21,regional_jet,0,90,1020.0406541073008,15,0
AF,Air France,ATL,MLI,United States,North America,CR7,Bombardier CRJ-700,2001,23,regional_jet,0,70,1020.0406541073008,15,0
AF,Air France,ATL,MLU,United States,North America,CRJ,Bombardier CRJ-200,1992,32,regional_jet,0,50,719.8329698416734,6,0
AF,Air France,ATL,MOB,United States,North America,CR9,Bombardier CRJ-900,2003,21,regional_jet,0,90,485.9345770414259,9,0
AF,Air France,ATL,MOB,United States,North America,717,Boeing 717,1999,25,narrowbody,0,106,485.9345770414259,9,0
AF,Air France,ATL,MOB,United States,North America,CR7,Bombardier CRJ-700,2001,23,regional_jet,0,70,485.9345770414259,9,0
AF,Air France,ATL,MOB,United States,North America,319,Airbus A319,1996,28,narrowbody,0,124,485.9345770414259,9,0
AF,Air France,ATL,MOB,United States,North America,CRJ,Bombardier CRJ-200,1992,32,regional_jet,0,50,485.9345770414259,9,0
AF,Air France,ATL,MSN,United States,North America,320,Airbus A320,1988,36,narrowbody,0,150,1139.5015096744899,17,0
AF,Air France,ATL,MSN,United States,North America,73W,Boeing 737-700 (winglets),1998,26,narrowbody,0,143,1139.5015096744899,17,0
AF,Air France,ATL,MSN,United States,North America,CR9,Bombardier CRJ-900,2003,21,regional_jet,0,90,1139.5015096744899,17,0
AF,Air France,ATL,MSP,United States,North America,320,Airbus A320,1988,36,narrowbody,0,150,1459.718127018694,212,0
AF,Air France,ATL,MSP,United States,North America,M90,McDonnell Douglas MD-90,1995,29,narrowbody,0,158,1459.718127018694,212,0
AF,Air France,ATL,MSP,United States,North America,757,Boeing 757-200,1983,41,narrowbody,0,200,1459.718127018694,212,0
AF,Air France,ATL,MSY,United States,North America,M90,McDonnell Douglas MD-90,1995,29,narrowbody,0,158,683.5719060307287,125,0
AF,Air France,ATL,MSY,United States,North America,M88,McDonnell Douglas MD-88,1987,37,narrowbody,0,150,683.5719060307287,125,0
AF,Air France,ATL,MSY,United States,North America,757,Boeing 757-200,1983,41,narrowbody,0,200,683.5719060307287,125,0
AF,Air France,ATL,MTY,Mexico,North America,CR9,Bombardier CRJ-900,2003,21,regional_jet,0,90,1745.2431573265299,73,0
AF,Air France,ATL,MUC,Germany,Europe,764,Boeing 767-400,2000,24,widebody,1,245,7701.967004873525,360,0
AF,Air France,ATL,MYR,United States,North America,CR7,Bombardier CRJ-700,2001,23,regional_jet,0,70,508.99139141477025,34,0
AF,Air France,ATL,MYR,United States,North America,M88,McDonnell Douglas MD-88,1987,37,narrowbody,0,150,508.99139141477025,34,0
AF,Air France,ATL,NAS,Bahamas,North America,M88,McDonnell Douglas MD-88,1987,37,narrowbody,0,150,1169.4387087746934,68,0
AF,Air France,ATL,OAJ,United States,North America,CRJ,Bombardier CRJ-200,1992,32,regional_jet,0,50,640.3389285403601,7,0
AF,Air France,ATL,OKC,United States,North America,CR9,Bombardier CRJ-900,2003,21,regional_jet,0,90,1221.6451687396157,41,0
AF,Air France,ATL,OKC,United States,North America,M88,McDonnell Douglas MD-88,1987,37,narrowbody,0,150,1221.6451687396157,41,0
AF,Air France,ATL,OMA,United States,North America,M88,McDonnell Douglas MD-88,1987,37,narrowbody,0,150,1321.0472363918216,35,0
AF,Air France,ATL,OMA,United States,North America,M90,McDonnell Douglas MD-90,1995,29,narrowbody,0,158,1321.0472363918216,35,0
AF,Air France,ATL,ORD,United States,North America,757,Boeing 757-200,1983,41,narrowbody,0,200,976.3278291656196,550,0
AF,Air France,ATL,ORD,United States,North America,319,Airbus A319,1996,28,narrowbody,0,124,976.3278291656196,550,0
AF,Air France,ATL,ORD,United States,North America,320,Airbus A320,1988,36,narrowbody,0,150,976.3278291656196,550,0
AF,Air France,ATL,ORD,United States,North America,M88,McDonnell Douglas MD-88,1987,37,narrowbody,0,150,976.3278291656196,550,0
AF,Air France,ATL,ORD,United States,North America,M90,McDonnell Douglas MD-90,1995,29,narrowbody,0,158,976.3278291656196,550,0
AF,Air France,ATL,ORF,United States,North America,M88,McDonnell Douglas MD-88,1987,37,narrowbody,0,150,829.7069492609256,38,0
AF,Air France,ATL,ORF,United States,North America,M90,McDonnell Douglas MD-90,1995,29,narrowbody,0,158,829.7069492609256,38,0
AF,Air France,ATL,PBI,United States,North America,M90,McDonnell Douglas MD-90,1995,29,narrowbody,0,158,877.9982503333684,44,0
AF,Air France,ATL,PBI,United States,North America,757,Boeing 757-200,1983,41,narrowbody,0,200,877.9982503333684,44,0
AF,Air France,ATL,PDX,United States,North America,73H,Boeing 737-800 (winglets),1998,26,narrowbody,0,162,3489.1612400893214,117,0
AF,Air France,ATL,PDX,United States,North America,738,Boeing 737-800,1998,26,narrowbody,0,162,3489.1612400893214,117,0
AF,Air France,ATL,PHF,United States,North America,CRJ,Bombardier CRJ-200,1992,32,regional_jet,0,50,817.2204221283627,9,0
AF,Air France,ATL,PHL,United States,North America,320,Airbus A320,1988,36,narrowbody,0,150,1071.592953109364,287,0
AF,Air France,ATL,PHL,United States,North America,M90,McDonnell Douglas MD-90,1995,29,narrowbody,0,158,1071.592953109364,287,0
AF,Air France,ATL,PHL,United States,North America,757,Boeing 757-200,1983,41,narrowbody,0,200,1071.592953109364,287,0
AF,Air France,ATL,PHL,United States,North America,73H,Boeing 737-800 (winglets),1998,26,narrowbody,0,162,1071.592953109364,287,0
AF,Air France,ATL,PHL,United States,North America,M88,McDonnell Douglas MD-88,1987,37,narrowbody,0,150,1071.592953109364,287,0
AF,Air France,ATL,PHX,United States,North America,757,Boeing 757-200,1983,41,narrowbody,0,200,2549.081233958843,257,0
AF,Air France,ATL,PHX,United States,North America,73H,Boeing 737-800 (winglets),1998,26,narrowbody,0,162,2549.081233958843,257,0
AF,Air France,ATL,PHX,United States,North America,739,Boeing 737-900,2001,23,narrowbody,0,177,2549.081233958843,257,0
AF,Air France,ATL,PHX,United States,North America,738,Boeing 737-800,1998,26,narrowbody,0,162,2549.081233958843,257,0
AF,Air France,ATL,PIA,United States,North America,CRJ,Bombardier CRJ-200,1992,32,regional_jet,0,50,909.7134603806975,15,0
AF,Air France,ATL,PIT,United States,North America,M88,McDonnell Douglas MD-88,1987,37,narrowbody,0,150,847.9783528811499,74,0
AF,Air France,ATL,PIT,United States,North America,CR9,Bombardier CRJ-900,2003,21,regional_jet,0,90,847.9783528811499,74,0
AF,Air France,ATL,PNS,United States,North America,M90,McDonnell Douglas MD-90,1995,29,narrowbody,0,158,437.3380279892479,21,0
AF,Air France,ATL,PTY,Panama,North America,738,Boeing 737-800,1998,26,narrowbody,0,162,2779.9424541114654,106,0
AF,Air France,ATL,PVD,United States,North America,M88,McDonnell Douglas MD-88,1987,37,narrowbody,0,150,1453.4222437163291,28,0
AF,Air France,ATL,PWM,United States,North America,M88,McDonnell Douglas MD-88,1987,37,narrowbody,0,150,1651.74630609182,18,0
AF,Air France,ATL,RDU,United States,North America,M88,McDonnell Douglas MD-88,1987,37,narrowbody,0,150,572.24839306195,84,0
AF,Air France,ATL,RDU,United States,North America,739,Boeing 737-900,2001,23,narrowbody,0,177,572.24839306195,84,0
AF,Air France,ATL,RDU,United States,North America,320,Airbus A320,1988,36,narrowbody,0,150,572.24839306195,84,0
AF,Air France,ATL,RIC,United States,North America,73H,Boeing 737-800 (winglets),1998,26,narrowbody,0,162,773.1799646136883,38,0
AF,Air France,ATL,RIC,United States,North America,M90,McDonnell Douglas MD-90,1995,29,narrowbody,0,158,773.1799646136883,38,0
AF,Air France,ATL,RIC,United States,North America,M88,McDonnell Douglas MD-88,1987,37,narrowbody,0,150,773.1799646136883,38,0
AF,Air France,ATL,ROA,United States,North America,CRJ,Bombardier CRJ-200,1992,32,regional_jet,0,50,575.0017892715338,15,0
AF,Air France,ATL,ROA,United States,North America,319,Airbus A319,1996,28,narrowbody,0,124,575.0017892715338,15,0
AF,Air France,ATL,ROC,United States,North America,M90,McDonnell Douglas MD-90,1995,29,narrowbody,0,158,1206.6707367402778,30,0
AF,Air France,ATL,ROC,United States,North America,M88,McDonnell Douglas MD-88,1987,37,narrowbody,0,150,1206.6707367402778,30,0
AF,Air France,ATL,RSW,United States,North America,M90,McDonnell Douglas MD-90,1995,29,narrowbody,0,158,830.2624833138959,65,0
AF,Air France,ATL,RSW,United States,North America,M88,McDonnell Douglas MD-88,1987,37,narrowbody,0,150,830.2624833138959,65,0
AF,Air France,ATL,RSW,United States,North America,757,Boeing 757-200,1983,41,narrowbody,0,200,830.2624833138959,65,0
AF,Air France,ATL,SAN,United States,North America,739,Boeing 737-900,2001,23,narrowbody,0,177,3037.6832293226093,119,0
AF,Air France,ATL,SAN,United States,North America,763,Boeing 767-300,1986,38,widebody,1,218,3037.6832293226093,119,0
AF,Air France,ATL,SAT,United States,North America,757,Boeing 757-200,1983,41,narrowbody,0,200,1404.6983915857159,68,0
AF,Air France,ATL,SAT,United States,North America,M90,McDonnell Douglas MD-90,1995,29,narrowbody,0,158,1404.6983915857159,68,0
AF,Air France,ATL,SAT,United States,North America,320,Airbus A320,1988,36,narrowbody,0,150,1404.6983915857159,68,0
AF,Air France,ATL,SAV,United States,North America,717,Boeing 717,1999,25,narrowbody,0,106,344.8008765372291,23,0
AF,Air France,ATL,SAV,United States,North America,M88,McDonnell Douglas MD-88,1987,37,narrowbody,0,150,344.8008765372291,23,0
AF,Air France,ATL,SAV,United States,North America,319,Airbus A319,1996,28,narrowbody,0,124,344.8008765372291,23,0
AF,Air France,ATL,SBN,United States,North America,CRJ,Bombardier CRJ-200,1992,32,regional_jet,0,50,912.7658333008968,11,0
AF,Air France,ATL,SDF,United States,North America,M88,McDonnell Douglas MD-88,1987,37,narrowbody,0,150,518.1191694134917,42,0
AF,Air France,ATL,SDF,United States,North America,M90,McDonnell Douglas MD-90,1995,29,narrowbody,0,158,518.1191694134917,42,0
AF,Air France,ATL,SEA,United States,North America,757,Boeing 757-200,1983,41,narrowbody,0,200,3504.977057741039,202,0
AF,Air France,ATL,SEA,United States,North America,763,Boeing 767-300,1986,38,widebody,1,218,3504.977057741039,202,0
AF,Air France,ATL,SEA,United States,North America,739,Boeing 737-900,2001,23,narrowbody,0,177,3504.977057741039,202,0
AF,Air France,ATL,SFO,United States,North America,763,Boeing 767-300,1986,38,widebody,1,218,3434.718035567292,250,0
AF,Air France,ATL,SFO,United States,North America,739,Boeing 737-900,2001,23,narrowbody,0,177,3434.718035567292,250,0
AF,Air France,ATL,SFO,United States,North America,757,Boeing 757-200,1983,41,narrowbody,0,200,3434.718035567292,250,0
AF,Air France,ATL,SGF,United States,North America,CRJ,Bombardier CRJ-200,1992,32,regional_jet,0,50,904.9730602758367,14,0
AF,Air France,ATL,SGF,United States,North America,CR9,Bombardier CRJ-900,2003,21,regional_jet,0,90,904.9730602758367,14,0
AF,Air France,ATL,SHV,United States,North America,CRJ,Bombardier CRJ-200,1992,32,regional_jet,0,50,885.5733939633427,8,0
AF,Air France,ATL,SJO,Costa Rica,North America,738,Boeing 737-800,1998,26,narrowbody,0,162,2629.0592431444747,73,0
AF,Air France,ATL,SJU,Puerto Rico,North America,757,Boeing 757-200,1983,41,narrowbody,0,200,2490.942451680013,102,0
AF,Air France,ATL,SLC,United States,North America,757,Boeing 757-200,1983,41,narrowbody,0,200,2553.6041879707514,137,0
AF,Air France,ATL,SLC,United States,North America,763,Boeing 767-300,1986,38,widebody,1,218,2553.6041879707514,137,0
AF,Air France,ATL,SLC,United States,North America,320,Airbus A320,1988,36,narrowbody,0,150,2553.6041879707514,137,0
AF,Air France,ATL,SMF,United States,North America,757,Boeing 757-200,1983,41,narrowbody,0,200,3359.744794162667,53,0
AF,Air France,ATL,SNA,United States,North America,757,Boeing 757-200,1983,41,narrowbody,0,200,3081.274293568246,44,0
AF,Air France,ATL,SRQ,United States,North America,M90,McDonnell Douglas MD-90,1995,29,narrowbody,0,158,716.7896163540396,13,0
AF,Air France,ATL,SRQ,United States,North America,757,Boeing 757-200,1983,41,narrowbody,0,200,716.7896163540396,13,0
AF,Air France,ATL,STL,United States,North America,M90,McDonnell Douglas MD-90,1995,29,narrowbody,0,158,779.0051856208637,107,0
AF,Air France,ATL,STL,United States,North America,717,Boeing 717,1999,25,narrowbody,0,106,779.0051856208637,107,0
AF,Air France,ATL,STL,United States,North America,757,Boeing 757-200,1983,41,narrowbody,0,200,779.0051856208637,107,0
AF,Air France,ATL,STL,United States,North America,319,Airbus A319,1996,28,narrowbody,0,124,779.0051856208637,107,0
AF,Air France,ATL,STL,United States,North America,M88,McDonnell Douglas MD-88,1987,37,narrowbody,0,150,779.0051856208637,107,0
AF,Air France,ATL,STR,Germany,Europe,76W,Boeing 767-300ER (winglets),1988,36,widebody,1,218,7516.640262305393,136,0
AF,Air France,ATL,SYR,United States,North America,CR9,Bombardier CRJ-900,2003,21,regional_jet,0,90,1277.6344706811449,26,0
AF,Air France,ATL,SYR,United States,North America,M88,McDonnell Douglas MD-88,1987,37,narrowbody,0,150,1277.6344706811449,26,0
AF,Air France,ATL,TLH,United States,North America,CRJ,Bombardier CRJ-200,1992,32,regional_jet,0,50,360.3684525064865,15,0
AF,Air France,ATL,TLH,United States,North America,M88,McDonnell Douglas MD-88,1987,37,narrowbody,0,150,360.3684525064865,15,0
AF,Air France,ATL,TLH,United States,North America,319,Airbus A319,1996,28,narrowbody,0,124,360.3684525064865,15,0
AF,Air France,ATL,TPA,United States,North America,739,Boeing 737-900,2001,23,narrowbody,0,177,654.9517565882101,138,0
AF,Air France,ATL,TPA,United States,North America,757,Boeing 757-200,1983,41,narrowbody,0,200,654.9517565882101,138,0
AF,Air France,ATL,TRI,United States,North America,CRJ,Bombardier CRJ-200,1992,32,regional_jet,0,50,365.2841720450782,7,0
AF,Air France,ATL,TRI,United States,North America,319,Airbus A319,1996,28,narrowbody,0,124,365.2841720450782,7,0
AF,Air France,ATL,TUL,United States,North America,CR9,Bombardier CRJ-900,2003,21,regional_jet,0,90,1082.2625901967942,28,0
AF,Air France,ATL,TUL,United States,North America,CR7,Bombardier CRJ-700,2001,23,regional_jet,0,70,1082.2625901967942,28,0
AF,Air France,ATL,TUL,United States,North America,M88,McDonnell Douglas MD-88,1987,37,narrowbody,0,150,1082.2625901967942,28,0
AF,Air France,ATL,TUS,United States,North America,M90,McDonnell Douglas MD-90,1995,29,narrowbody,0,158,2474.957103954283,31,0
AF,Air France,ATL,TYS,United States,North America,CRJ,Bombardier CRJ-200,1992,32,regional_jet,0,50,245.00368765637836,31,0
AF,Air France,ATL,TYS,United States,North America,CR7,Bombardier CRJ-700,2001,23,regional_jet,0,70,245.00368765637836,31,0
AF,Air France,ATL,TYS,United States,North America,717,Boeing 717,1999,25,narrowbody,0,106,245.00368765637836,31,0
AF,Air France,ATL,TYS,United States,North America,CR9,Bombardier CRJ-900,2003,21,regional_jet,0,90,245.00368765637836,31,0
AF,Air France,ATL,VLD,United States,North America,CRJ,Bombardier CRJ-200,1992,32,regional_jet,0,50,335.3424559363311,3,0
AF,Air France,ATL,VPS,United States,North America,319,Airbus A319,1996,28,narrowbody,0,124,402.4893360682303,11,0
AF,Air France,ATL,VPS,United States,North America,M88,McDonnell Douglas MD-88,1987,37,narrowbody,0,150,402.4893360682303,11,0
AF,Air France,ATL,VPS,United States,North America,717,Boeing 717,1999,25,narrowbody,0,106,402.4893360682303,11,0
AF,Air France,ATL,XNA,United States,North America,CRJ,Bombardier CRJ-200,1992,32,regional_jet,0,50,946.5495678285238,24,0
AF,Air France,ATL,XNA,United States,North America,CR9,Bombardier CRJ-900,2003,21,regional_jet,0,90,946.5495678285238,24,0
AF,Air France,ATL,XNA,United States,North America,717,Boeing 717,1999,25,narrowbody,0,106,946.5495678285238,24,0
AF,Air France,ATL,XNA,United States,North America,CR7,Bombardier CRJ-700,2001,23,regional_jet,0,70,946.5495678285238,24,0
AF,Air France,ATL,YUL,Canada,North America,CR7,Bombardier CRJ-700,2001,23,regional_jet,0,70,1600.2995493459127,186,0
AF,Air France,ATL,YUL,Canada,North America,CR9,Bombardier CRJ-900,2003,21,regional_jet,0,90,1600.2995493459127,186,0
AF,Air France,ATL,YYZ,Canada,North America,CR9,Bombardier CRJ-900,2003,21,regional_jet,0,90,1191.077051983997,317,0
AF,Air France,ATW,ATL,United States,North America,CR7,Bombardier CRJ-700,2001,23,regional_jet,0,70,1232.4561895554398,911,0
AF,Air France,AUH,AMS,Netherlands,Europe,330,Airbus A330,1994,30,widebody,1,277,5191.564071367668,450,0
AF,Air France,AUH,BAH,Bahrain,Asia,330,Airbus A330,1994,30,widebody,1,277,452.4397768679105,86,0
AF,Air France,AUH,CDG,France,Europe,346,Airbus A340-600,2002,22,widebody,1,326,5251.856320119317,517,0
AF,Air France,AUS,ATL,United States,North America,M90,McDonnell Douglas MD-90,1995,29,narrowbody,0,158,1305.9912879785675,911,0
AF,Air France,AUS,ATL,United States,North America,M88,McDonnell Douglas MD-88,1987,37,narrowbody,0,150,1305.9912879785675,911,0
AF,Air France,AVL,ATL,United States,North America,CR7,Bombardier CRJ-700,2001,23,regional_jet,0,70,264.35772692163215,911,0
AF,Air France,AVL,ATL,United States,North America,CRJ,Bombardier CRJ-200,1992,32,regional_jet,0,50,264.35772692163215,911,0
AF,Air France,BAH,AUH,United Arab Emirates,Asia,332,Airbus A330-200,1998,26,widebody,1,247,452.4397768679105,236,0
AF,Air France,BCN,CDG,France,Europe,321,Airbus A321,1994,30,narrowbody,0,185,858.7380115037017,517,0
AF,Air France,BCN,CDG,France,Europe,32A,Airbus A320 (sharklets),1988,36,narrowbody,0,150,858.7380115037017,517,0
AF,Air France,BCN,CDG,France,Europe,318,Airbus A318,2003,21,narrowbody,0,107,858.7380115037017,517,0
AF,Air France,BCN,CDG,France,Europe,320,Airbus A320,1988,36,narrowbody,0,150,858.7380115037017,517,0
AF,Air France,BCN,JFK,United States,North America,333,Airbus A330-300,1994,30,widebody,1,277,6150.227182054505,455,0
AF,Air France,BDL,ATL,United States,North America,M88,McDonnell Douglas MD-88,1987,37,narrowbody,0,150,1382.3194090292877,911,0
AF,Air France,BEG,CDG,France,Europe,320,Airbus A320,1988,36,narrowbody,0,150,1423.2435779437833,517,0
AF,Air France,BEL,STM,Brazil,South America,738,Boeing 737-800,1998,26,narrowbody,0,162,710.7626559212547,13,0
AF,Air France,BES,CDG,France,Europe,318,Airbus A318,2003,21,narrowbody,0,107,514.7632436190567,517,0
AF,Air France,BES,CDG,France,Europe,321,Airbus A321,1994,30,narrowbody,0,185,514.7632436190567,517,0
AF,Air France,BES,LCY,United Kingdom,Europe,F50,Fokker 50,1987,37,turboprop,0,56,466.65710227444623,66,0
AF,Air France,BES,MRS,France,Europe,319,Airbus A319,1996,28,narrowbody,0,124,929.29648551499,129,0
AF,Air France,BES,ORY,France,Europe,319,Airbus A319,1996,28,narrowbody,0,124,500.7988928284879,203,0
AF,Air France,BES,ORY,France,Europe,CRK,Bombardier CRJ-1000,2010,14,regional_jet,0,100,500.7988928284879,203,0
AF,Air France,BES,SOU,United Kingdom,Europe,DH4,Bombardier Dash 8 Q400,2000,24,turboprop,0,78,354.7794059788324,33,0
AF,Air France,BEY,CDG,France,Europe,772,Boeing 777-200,1995,29,widebody,1,314,3187.0792248026087,517,0
AF,Air France,BEY,CDG,France,Europe,343,Airbus A340-300,1993,31,widebody,1,277,3187.0792248026087,517,0
AF,Air France,BGF,NSI,Cameroon,Africa,772,Boeing 777-200,1995,29,widebody,1,314,776.2244476347886,21,1
AF,Air France,BHM,ATL,United States,North America,M88,McDonnell Douglas MD-88,1987,37,narrowbody,0,150,215.52298129318808,911,0
AF,Air France,BHX,CDG,France,Europe,319,Airbus A319,1996,28,narrowbody,0,124,487.57689980003624,517,0
AF,Air France,BHX,CDG,France,Europe,320,Airbus A320,1988,36,narrowbody,0,150,487.57689980003624,517,0
AF,Air France,BHX,LYS,France,Europe,E75,Embraer 175,2005,19,regional_jet,0,88,897.4686730163417,140,0
AF,Air France,BIA,EBU,France,Europe,AT7,ATR 72,1989,35,turboprop,0,70,531.0982006324787,5,0
AF,Air France,BIA,LGG,Belgium,Europe,320,Airbus A320,1988,36,narrowbody,0,150,950.1381247845977,8,0
AF,Air France,BIA,LYS,France,Europe,320,Airbus A320,1988,36,narrowbody,0,150,497.7459139899003,140,0
AF,Air France,BIA,MRS,France,Europe,320,Airbus A320,1988,36,narrowbody,0,150,360.34300626887443,129,0
AF,Air France,BIA,NCE,France,Europe,AT7,ATR 72,1989,35,turboprop,0,70,221.37644200015583,134,0
AF,Air France,BIA,NTE,France,Europe,320,Airbus A320,1988,36,narrowbody,0,150,1011.7871394839487,91,0
AF,Air France,BIA,ORY,France,Europe,321,Airbus A321,1994,30,narrowbody,0,185,880.0240839367119,203,0
AF,Air France,BIA,ORY,France,Europe,319,Airbus A319,1996,28,narrowbody,0,124,880.0240839367119,203,0
AF,Air France,BIO,CDG,France,Europe,E70,Embraer 170,2004,20,regional_jet,0,76,761.296478091688,517,0
AF,Air France,BIO,CDG,France,Europe,E90,Embraer 190,2005,19,regional_jet,0,100,761.296478091688,517,0
AF,Air France,BIQ,GVA,Switzerland,Europe,CR7,Bombardier CRJ-700,2001,23,regional_jet,0,70,676.0257512303431,163,0
AF,Air France,BIQ,MRS,France,Europe,320,Airbus A320,1988,36,narrowbody,0,150,544.9224526697573,129,0
AF,Air France,BIQ,MRS,France,Europe,319,Airbus A319,1996,28,narrowbody,0,124,544.9224526697573,129,0
AF,Air France,BIQ,ORY,France,Europe,CRK,Bombardier CRJ-1000,2010,14,regional_jet,0,100,657.3256204031476,203,0
AF,Air France,BIQ,ORY,France,Europe,319,Airbus A319,1996,28,narrowbody,0,124,657.3256204031476,203,0
AF,Air France,BIQ,ORY,France,Europe,321,Airbus A321,1994,30,narrowbody,0,185,657.3256204031476,203,0
AF,Air France,BIQ,ORY,France,Europe,320,Airbus A320,1988,36,narrowbody,0,150,657.3256204031476,203,0
AF,Air France,BKK,CDG,France,Europe,77W,Boeing 777-300ER,2004,20,widebody,1,365,9448.247270439173,517,0
AF,Air France,BKK,CNX,Thailand,Asia,320,Airbus A320,1988,36,narrowbody,0,150,596.7081267163255,47,0
AF,Air France,BKK,HKT,Thailand,Asia,320,Airbus A320,1988,36,narrowbody,0,150,673.5405578080735,67,0
AF,Air France,BKK,KBV,Thailand,Asia,320,Airbus A320,1988,36,narrowbody,0,150,649.7593114251202,16,0
AF,Air France,BKK,LPQ,Laos,Asia,AT7,ATR 72,1989,35,turboprop,0,70,707.390589123495,13,0
AF,Air France,BKO,CDG,France,Europe,343,Airbus A340-300,1993,31,widebody,1,277,4169.838051269338,517,0
AF,Air France,BLL,CDG,France,Europe,E90,Embraer 190,2005,19,regional_jet,0,100,871.1426341921341,517,0
AF,Air France,BLQ,CDG,France,Europe,E90,Embraer 190,2005,19,regional_jet,0,100,830.2431639915412,517,0
AF,Air France,BLQ,CDG,France,Europe,E70,Embraer 170,2004,20,regional_jet,0,76,830.2431639915412,517,0
AF,Air France,BLQ,LYS,France,Europe,ER4,Embraer ERJ-145,1996,28,regional_jet,0,50,504.48190270867497,140,0
AF,Air France,BLQ,LYS,France,Europe,AT5,ATR 42-500,1995,29,turboprop,0,48,504.48190270867497,140,0
AF,Air France,BLR,CDG,France,Europe,332,Airbus A330-200,1998,26,widebody,1,247,7824.852617963515,517,0
AF,Air France,BMI,ATL,United States,North America,CR7,Bombardier CRJ-700,2001,23,regional_jet,0,70,858.2492516324287,911,0
AF,Air France,BMI,ATL,United States,North America,CR9,Bombardier CRJ-900,2003,21,regional_jet,0,90,858.2492516324287,911,0
AF,Air France,BNA,ATL,United States,North America,M88,McDonnell Douglas MD-88,1987,37,narrowbody,0,150,344.4330795074149,911,0
AF,Air France,BNA,ATL,United States,North America,319,Airbus A319,1996,28,narrowbody,0,124,344.4330795074149,911,0
AF,Air France,BNA,ATL,United States,North America,320,Airbus A320,1988,36,narrowbody,0,150,344.4330795074149,911,0
AF,Air France,BNA,ATL,United States,North America,717,Boeing 717,1999,25,narrowbody,0,106,344.4330795074149,911,0
AF,Air France,BOD,AMS,Netherlands,Europe,E90,Embraer 190,2005,19,regional_jet,0,100,923.6920529628386,450,0
AF,Air France,BOD,AMS,Netherlands,Europe,73W,Boeing 737-700 (winglets),1998,26,narrowbody,0,143,923.6920529628386,450,0
AF,Air France,BOD,AMS,Netherlands,Europe,F70,Fokker 70,1994,30,regional_jet,0,79,923.6920529628386,450,0
AF,Air France,BOD,CDG,France,Europe,321,Airbus A321,1994,30,narrowbody,0,185,527.141885138281,517,0
AF,Air France,BOD,CDG,France,Europe,320,Airbus A320,1988,36,narrowbody,0,150,527.141885138281,517,0
AF,Air France,BOD,CDG,France,Europe,32A,Airbus A320 (sharklets),1988,36,narrowbody,0,150,527.141885138281,517,0
AF,Air France,BOD,CDG,France,Europe,318,Airbus A318,2003,21,narrowbody,0,107,527.141885138281,517,0
AF,Air France,BOD,FCO,Italy,Europe,E70,Embraer 170,2004,20,regional_jet,0,76,1099.4138039055524,331,0
AF,Air France,BOD,FCO,Italy,Europe,E90,Embraer 190,2005,19,regional_jet,0,100,1099.4138039055524,331,0
AF,Air France,BOD,FCO,Italy,Europe,CR7,Bombardier CRJ-700,2001,23,regional_jet,0,70,1099.4138039055524,331,0
AF,Air France,BOD,MRS,France,Europe,319,Airbus A319,1996,28,narrowbody,0,124,498.2077507379251,129,0
AF,Air France,BOD,MRS,France,Europe,320,Airbus A320,1988,36,narrowbody,0,150,498.2077507379251,129,0
AF,Air France,BOD,NTE,France,Europe,ER4,Embraer ERJ-145,1996,28,regional_jet,0,50,267.6020042045372,91,0
AF,Air France,BOD,ORY,France,Europe,321,Airbus A321,1994,30,narrowbody,0,185,492.9824875070294,203,0
AF,Air France,BOD,ORY,France,Europe,319,Airbus A319,1996,28,narrowbody,0,124,492.9824875070294,203,0
AF,Air France,BOD,ORY,France,Europe,320,Airbus A320,1988,36,narrowbody,0,150,492.9824875070294,203,0
AF,Air France,BOG,CDG,France,Europe,343,Airbus A340-300,1993,31,widebody,1,277,8644.694198851741,517,0
AF,Air France,BOM,CDG,France,Europe,332,Airbus A330-200,1998,26,widebody,1,247,6993.626260418988,517,0
AF,Air France,BOS,ATL,United States,North America,757,Boeing 757-200,1983,41,narrowbody,0,200,1521.5537657651757,911,0
AF,Air France,BOS,ATL,United States,North America,M90,McDonnell Douglas MD-90,1995,29,narrowbody,0,158,1521.5537657651757,911,0
AF,Air France,BOS,ATL,United States,North America,M88,McDonnell Douglas MD-88,1987,37,narrowbody,0,150,1521.5537657651757,911,0
AF,Air France,BOS,CDG,France,Europe,744,Boeing 747-400,1989,35,widebody,1,416,5534.267913355654,517,0
AF,Air France,BOS,LHR,United Kingdom,Europe,764,Boeing 767-400,2000,24,widebody,1,245,5239.649725139816,524,0
AF,Air France,BQK,ATL,United States,North America,CRJ,Bombardier CRJ-200,1992,32,regional_jet,0,50,383.55351979815015,911,0
AF,Air France,BRE,CDG,France,Europe,E70,Embraer 170,2004,20,regional_jet,0,76,625.2544044923166,517,0
AF,Air France,BRU,ATL,United States,North America,76W,Boeing 767-300ER (winglets),1988,36,widebody,1,218,7106.023938289066,911,0
AF,Air France,BRU,JFK,United States,North America,76W,Boeing 767-300ER (winglets),1988,36,widebody,1,218,5885.511434329618,455,0
AF,Air France,BRU,LYS,France,Europe,ER4,Embraer ERJ-145,1996,28,regional_jet,0,50,577.2112350115362,140,0
AF,Air France,BRU,NTE,France,Europe,ER4,Embraer ERJ-145,1996,28,regional_jet,0,50,608.886239082965,91,0
AF,Air France,BSB,CDG,France,Europe,772,Boeing 777-200,1995,29,widebody,1,314,8756.301766176888,517,0
AF,Air France,BSL,AMS,Netherlands,Europe,F70,Fokker 70,1994,30,regional_jet,0,79,560.6426157815108,450,0
AF,Air France,BSL,AMS,Netherlands,Europe,E90,Embraer 190,2005,19,regional_jet,0,100,560.6426157815108,450,0
AF,Air France,BSL,CDG,France,Europe,AT7,ATR 72,1989,35,turboprop,0,70,400.7415241436979,517,0
AF,Air France,BTR,ATL,United States,North America,CR9,Bombardier CRJ-900,2003,21,regional_jet,0,90,720.9292278073489,911,0
AF,Air France,BTR,ATL,United States,North America,CRJ,Bombardier CRJ-200,1992,32,regional_jet,0,50,720.9292278073489,911,0
AF,Air France,BTR,ATL,United States,North America,CR7,Bombardier CRJ-700,2001,23,regional_jet,0,70,720.9292278073489,911,0
AF,Air France,BUD,CDG,France,Europe,318,Airbus A318,2003,21,narrowbody,0,107,1247.870586566548,517,0
AF,Air France,BUD,CDG,France,Europe,321,Airbus A321,1994,30,narrowbody,0,185,1247.870586566548,517,0
AF,Air France,BUD,CDG,France,Europe,320,Airbus A320,1988,36,narrowbody,0,150,1247.870586566548,517,0
AF,Air France,BUD,CDG,France,Europe,319,Airbus A319,1996,28,narrowbody,0,124,1247.870586566548,517,0
AF,Air France,BUF,ATL,United States,North America,M90,McDonnell Douglas MD-90,1995,29,narrowbody,0,158,1147.0626194832444,911,0
AF,Air France,BUF,ATL,United States,North America,M88,McDonnell Douglas MD-88,1987,37,narrowbody,0,150,1147.0626194832444,911,0
AF,Air France,BVE,LCY,United Kingdom,Europe,AR8,Avro RJ85 (BAe 146),1993,31,regional_jet,0,100,726.6511973240015,66,0
AF,Air France,BWI,ATL,United States,North America,M88,McDonnell Douglas MD-88,1987,37,narrowbody,0,150,927.5307689689373,911,0
AF,Air France,BWI,ATL,United States,North America,M90,McDonnell Douglas MD-90,1995,29,narrowbody,0,158,927.5307689689373,911,0
AF,Air France,BWI,ATL,United States,North America,73W,Boeing 737-700 (winglets),1998,26,narrowbody,0,143,927.5307689689373,911,0
AF,Air France,BWI,ATL,United States,North America,717,Boeing 717,1999,25,narrowbody,0,106,927.5307689689373,911,0
AF,Air France,BZV,CDG,France,Europe,343,Airbus A340-300,1993,31,widebody,1,277,6049.091483726759,517,0
AF,Air France,CAE,ATL,United States,North America,CRJ,Bombardier CRJ-200,1992,32,regional_jet,0,50,307.5885579580446,911,0
AF,Air France,CAE,ATL,United States,North America,M88,McDonnell Douglas MD-88,1987,37,narrowbody,0,150,307.5885579580446,911,0
AF,Air France,CAE,ATL,United States,North America,319,Airbus A319,1996,28,narrowbody,0,124,307.5885579580446,911,0
AF,Air France,CAE,ATL,United States,North America,717,Boeing 717,1999,25,narrowbody,0,106,307.5885579580446,911,0
AF,Air France,CAI,CDG,France,Europe,332,Airbus A330-200,1998,26,widebody,1,247,3210.45665740932,517,0
AF,Air France,CAI,CDG,France,Europe,343,Airbus A340-300,1993,31,widebody,1,277,3210.45665740932,517,0
AF,Air France,CAK,ATL,United States,North America,M88,McDonnell Douglas MD-88,1987,37,narrowbody,0,150,851.3024186481874,911,0
AF,Air France,CAK,ATL,United States,North America,CR9,Bombardier CRJ-900,2003,21,regional_jet,0,90,851.3024186481874,911,0
AF,Air France,CAN,CDG,France,Europe,772,Boeing 777-200,1995,29,widebody,1,314,9456.204035972369,517,0
AF,Air France,CAN,CKG,China,Asia,319,Airbus A319,1996,28,narrowbody,0,124,965.6408906472236,270,0
AF,Air France,CAN,HGH,China,Asia,321,Airbus A321,1994,30,narrowbody,0,185,1038.3567130001134,254,0
AF,Air France,CAN,HGH,China,Asia,772,Boeing 777-200,1995,29,widebody,1,314,1038.3567130001134,254,0
AF,Air France,CAN,SHE,China,Asia,320,Airbus A320,1988,36,narrowbody,0,150,2238.4901127903154,136,0
AF,Air France,CAN,SIN,Singapore,Asia,320,Airbus A320,1988,36,narrowbody,0,150,2648.420817398125,412,0
AF,Air France,CAN,WUH,China,Asia,738,Boeing 737-800,1998,26,narrowbody,0,162,826.7857025002767,187,0
AF,Air France,CAY,FDF,Martinique,North America,32A,Airbus A320 (sharklets),1988,36,narrowbody,0,150,1440.6321084288472,23,0
AF,Air France,CAY,FDF,Martinique,North America,320,Airbus A320,1988,36,narrowbody,0,150,1440.6321084288472,23,0
AF,Air France,CAY,ORY,France,Europe,343,Airbus A340-300,1993,31,widebody,1,277,7086.21954863953,203,0
AF,Air France,CCS,CDG,France,Europe,332,Airbus A330-200,1998,26,widebody,1,247,7632.500970383622,517,0
AF,Air France,CDG,ABV,Nigeria,Africa,332,Airbus A330-200,1998,26,widebody,1,247,4470.1300128505545,30,1
AF,Air France,CDG,ABZ,United Kingdom,Europe,E70,Embraer 170,2004,20,regional_jet,0,76,963.5818608445471,41,0
AF,Air France,CDG,AGP,Spain,Europe,738,Boeing 737-800,1998,26,narrowbody,0,162,1485.8180661695942,204,0
AF,Air France,CDG,ALG,Algeria,Africa,319,Airbus A319,1996,28,narrowbody,0,124,1371.1796814652766,88,1
AF,Air France,CDG,AMM,Jordan,Asia,320,Airbus A320,1988,36,narrowbody,0,150,3381.238933447555,112,0
AF,Air France,CDG,AMS,Netherlands,Europe,321,Airbus A321,1994,30,narrowbody,0,185,398.26978308829587,450,0
AF,Air France,CDG,AMS,Netherlands,Europe,320,Airbus A320,1988,36,narrowbody,0,150,398.26978308829587,450,0
AF,Air France,CDG,AMS,Netherlands,Europe,319,Airbus A319,1996,28,narrowbody,0,124,398.26978308829587,450,0
AF,Air France,CDG,AMS,Netherlands,Europe,318,Airbus A318,2003,21,narrowbody,0,107,398.26978308829587,450,0
AF,Air France,CDG,AMS,Netherlands,Europe,32A,Airbus A320 (sharklets),1988,36,narrowbody,0,150,398.26978308829587,450,0
AF,Air France,CDG,ARN,Sweden,Europe,320,Airbus A320,1988,36,narrowbody,0,150,1539.1558006232403,220,0
AF,Air France,CDG,ARN,Sweden,Europe,321,Airbus A321,1994,30,narrowbody,0,185,1539.1558006232403,220,0
AF,Air France,CDG,ARN,Sweden,Europe,32A,Airbus A320 (sharklets),1988,36,narrowbody,0,150,1539.1558006232403,220,0
AF,Air France,CDG,ARN,Sweden,Europe,319,Airbus A319,1996,28,narrowbody,0,124,1539.1558006232403,220,0
AF,Air France,CDG,ATH,Greece,Europe,319,Airbus A319,1996,28,narrowbody,0,124,2108.652268711337,206,0
AF,Air France,CDG,ATH,Greece,Europe,32A,Airbus A320 (sharklets),1988,36,narrowbody,0,150,2108.652268711337,206,0
AF,Air France,CDG,ATH,Greece,Europe,320,Airbus A320,1988,36,narrowbody,0,150,2108.652268711337,206,0
AF,Air France,CDG,ATH,Greece,Europe,321,Airbus A321,1994,30,narrowbody,0,185,2108.652268711337,206,0
AF,Air France,CDG,ATL,United States,North America,77W,Boeing 777-300ER,2004,20,widebody,1,365,7055.72646139429,911,0
AF,Air France,CDG,ATL,United States,North America,744,Boeing 747-400,1989,35,widebody,1,416,7055.72646139429,911,0
AF,Air France,CDG,ATL,United States,North America,772,Boeing 777-200,1995,29,widebody,1,314,7055.72646139429,911,0
AF,Air France,CDG,AUH,United Arab Emirates,Asia,346,Airbus A340-600,2002,22,widebody,1,326,5251.856320119317,236,0
AF,Air France,CDG,BCN,Spain,Europe,321,Airbus A321,1994,30,narrowbody,0,185,858.7380115037017,392,0
AF,Air France,CDG,BCN,Spain,Europe,32A,Airbus A320 (sharklets),1988,36,narrowbody,0,150,858.7380115037017,392,0
AF,Air France,CDG,BCN,Spain,Europe,318,Airbus A318,2003,21,narrowbody,0,107,858.7380115037017,392,0
AF,Air France,CDG,BCN,Spain,Europe,320,Airbus A320,1988,36,narrowbody,0,150,858.7380115037017,392,0
AF,Air France,CDG,BEG,Serbia,Europe,320,Airbus A320,1988,36,narrowbody,0,150,1423.2435779437833,85,0
AF,Air France,CDG,BES,France,Europe,318,Airbus A318,2003,21,narrowbody,0,107,514.7632436190567,17,0
AF,Air France,CDG,BES,France,Europe,321,Airbus A321,1994,30,narrowbody,0,185,514.7632436190567,17,0
AF,Air France,CDG,BEY,Lebanon,Asia,772,Boeing 777-200,1995,29,widebody,1,314,3187.0792248026087,66,0
AF,Air France,CDG,BEY,Lebanon,Asia,343,Airbus A340-300,1993,31,widebody,1,277,3187.0792248026087,66,0
AF,Air France,CDG,BGF,Central African Republic,Africa,772,Boeing 777-200,1995,29,widebody,1,314,5185.822314597306,3,1
AF,Air France,CDG,BHX,United Kingdom,Europe,319,Airbus A319,1996,28,narrowbody,0,124,487.57689980003624,131,0
AF,Air France,CDG,BHX,United Kingdom,Europe,320,Airbus A320,1988,36,narrowbody,0,150,487.57689980003624,131,0
AF,Air France,CDG,BIO,Spain,Europe,E90,Embraer 190,2005,19,regional_jet,0,100,761.296478091688,63,0
AF,Air France,CDG,BIO,Spain,Europe,E70,Embraer 170,2004,20,regional_jet,0,76,761.296478091688,63,0
AF,Air France,CDG,BKK,Thailand,Asia,77W,Boeing 777-300ER,2004,20,widebody,1,365,9448.247270439173,330,0
AF,Air France,CDG,BKO,Mali,Africa,343,Airbus A340-300,1993,31,widebody,1,277,4169.838051269338,27,1
AF,Air France,CDG,BLL,Denmark,Europe,E90,Embraer 190,2005,19,regional_jet,0,100,871.1426341921341,47,0
AF,Air France,CDG,BLQ,Italy,Europe,E70,Embraer 170,2004,20,regional_jet,0,76,830.2431639915412,88,0
AF,Air France,CDG,BLQ,Italy,Europe,E90,Embraer 190,2005,19,regional_jet,0,100,830.2431639915412,88,0
AF,Air France,CDG,BLR,India,Asia,332,Airbus A330-200,1998,26,widebody,1,247,7824.852617963515,98,0
AF,Air France,CDG,BOD,France,Europe,321,Airbus A321,1994,30,narrowbody,0,185,527.141885138281,67,0
AF,Air France,CDG,BOD,France,Europe,320,Airbus A320,1988,36,narrowbody,0,150,527.141885138281,67,0
AF,Air France,CDG,BOD,France,Europe,32A,Airbus A320 (sharklets),1988,36,narrowbody,0,150,527.141885138281,67,0
AF,Air France,CDG,BOD,France,Europe,318,Airbus A318,2003,21,narrowbody,0,107,527.141885138281,67,0
AF,Air France,CDG,BOG,Colombia,South America,343,Airbus A340-300,1993,31,widebody,1,277,8644.694198851741,155,0
AF,Air France,CDG,BOM,India,Asia,332,Airbus A330-200,1998,26,widebody,1,247,6993.626260418988,225,0
AF,Air France,CDG,BOS,United States,North America,744,Boeing 747-400,1989,35,widebody,1,416,5534.267913355654,212,0
AF,Air France,CDG,BRE,Germany,Europe,E70,Embraer 170,2004,20,regional_jet,0,76,625.2544044923166,50,0
AF,Air France,CDG,BSB,Brazil,South America,772,Boeing 777-200,1995,29,widebody,1,314,8756.301766176888,99,0
AF,Air France,CDG,BSL,France,Europe,AT7,ATR 72,1989,35,turboprop,0,70,400.7415241436979,94,0
AF,Air France,CDG,BUD,Hungary,Europe,318,Airbus A318,2003,21,narrowbody,0,107,1247.870586566548,97,0
AF,Air France,CDG,BUD,Hungary,Europe,321,Airbus A321,1994,30,narrowbody,0,185,1247.870586566548,97,0
AF,Air France,CDG,BUD,Hungary,Europe,320,Airbus A320,1988,36,narrowbody,0,150,1247.870586566548,97,0
AF,Air France,CDG,BUD,Hungary,Europe,319,Airbus A319,1996,28,narrowbody,0,124,1247.870586566548,97,0
AF,Air France,CDG,BZV,Congo (Brazzaville),Africa,343,Airbus A340-300,1993,31,widebody,1,277,6049.091483726759,26,1
AF,Air France,CDG,CAI,Egypt,Africa,343,Airbus A340-300,1993,31,widebody,1,277,3210.45665740932,152,1
AF,Air France,CDG,CAI,Egypt,Africa,332,Airbus A330-200,1998,26,widebody,1,247,3210.45665740932,152,1
AF,Air France,CDG,CAN,China,Asia,772,Boeing 777-200,1995,29,widebody,1,314,9456.204035972369,336,0
AF,Air France,CDG,CCS,Venezuela,South America,332,Airbus A330-200,1998,26,widebody,1,247,7632.500970383622,91,0
AF,Air France,CDG,CFE,France,Europe,E90,Embraer 190,2005,19,regional_jet,0,100,361.7363582386784,9,0
AF,Air France,CDG,CFE,France,Europe,E70,Embraer 170,2004,20,regional_jet,0,76,361.7363582386784,9,0
AF,Air France,CDG,CKY,Guinea,Africa,332,Airbus A330-200,1998,26,widebody,1,247,4635.516765162384,18,1
AF,Air France,CDG,CLY,France,Europe,320,Airbus A320,1988,36,narrowbody,0,150,868.2443271462797,20,0
AF,Air France,CDG,CMN,Morocco,Africa,320,Airbus A320,1988,36,narrowbody,0,150,1931.5200365397375,125,1
AF,Air France,CDG,CMN,Morocco,Africa,319,Airbus A319,1996,28,narrowbody,0,124,1931.5200365397375,125,1
AF,Air France,CDG,CMN,Morocco,Africa,321,Airbus A321,1994,30,narrowbody,0,185,1931.5200365397375,125,1
AF,Air France,CDG,COO,Benin,Africa,343,Airbus A340-300,1993,31,widebody,1,277,4743.108349309448,39,1
AF,Air France,CDG,CPH,Denmark,Europe,318,Airbus A318,2003,21,narrowbody,0,107,1003.7004841333946,228,0
AF,Air France,CDG,CPH,Denmark,Europe,319,Airbus A319,1996,28,narrowbody,0,124,1003.7004841333946,228,0
AF,Air France,CDG,CPH,Denmark,Europe,320,Airbus A320,1988,36,narrowbody,0,150,1003.7004841333946,228,0
AF,Air France,CDG,CVG,United States,North America,76W,Boeing 767-300ER (winglets),1988,36,widebody,1,218,6669.7061146289,75,0
AF,Air France,CDG,DEL,India,Asia,332,Airbus A330-200,1998,26,widebody,1,247,6565.372549238494,263,0
AF,Air France,CDG,DKR,Senegal,Africa,77W,Boeing 777-300ER,2004,20,widebody,1,365,4225.962468680553,67,1
AF,Air France,CDG,DLA,Cameroon,Africa,772,Boeing 777-200,1995,29,widebody,1,314,5050.440136843446,47,1
AF,Air France,CDG,DTW,United States,North America,343,Airbus A340-300,1993,31,widebody,1,277,6359.066939254482,217,0
AF,Air France,CDG,DUB,Ireland,Europe,AR8,Avro RJ85 (BAe 146),1993,31,regional_jet,0,100,784.9677949707155,207,0
AF,Air France,CDG,DUS,Germany,Europe,318,Airbus A318,2003,21,narrowbody,0,107,392.770641580216,285,0
AF,Air France,CDG,DUS,Germany,Europe,320,Airbus A320,1988,36,narrowbody,0,150,392.770641580216,285,0
AF,Air France,CDG,DXB,United Arab Emirates,Asia,77W,Boeing 777-300ER,2004,20,widebody,1,365,5238.621327257624,354,0
AF,Air France,CDG,EDI,United Kingdom,Europe,AR8,Avro RJ85 (BAe 146),1993,31,regional_jet,0,100,868.6771370082176,118,0
AF,Air France,CDG,EVN,Armenia,Asia,320,Airbus A320,1988,36,narrowbody,0,150,3409.617749974075,45,0
AF,Air France,CDG,EWR,United States,North America,76W,Boeing 767-300ER (winglets),1988,36,widebody,1,218,5856.568130177756,252,0
AF,Air France,CDG,EXT,United Kingdom,Europe,DH4,Bombardier Dash 8 Q400,2000,24,turboprop,0,78,468.12209087771794,24,0
AF,Air France,CDG,EZE,Argentina,South America,772,Boeing 777-200,1995,29,widebody,1,314,11100.502241842161,74,0
AF,Air France,CDG,FCO,Italy,Europe,320,Airbus A320,1988,36,narrowbody,0,150,1100.693989469904,331,0
AF,Air France,CDG,FCO,Italy,Europe,321,Airbus A321,1994,30,narrowbody,0,185,1100.693989469904,331,0
AF,Air France,CDG,FCO,Italy,Europe,319,Airbus A319,1996,28,narrowbody,0,124,1100.693989469904,331,0
AF,Air France,CDG,FCO,Italy,Europe,32A,Airbus A320 (sharklets),1988,36,narrowbody,0,150,1100.693989469904,331,0
AF,Air France,CDG,FIH,Congo (Kinshasa),Africa,343,Airbus A340-300,1993,31,widebody,1,277,6067.5500831698255,28,1
AF,Air France,CDG,FLR,Italy,Europe,318,Airbus A318,2003,21,narrowbody,0,107,879.3461591198053,53,0
AF,Air France,CDG,FRA,Germany,Europe,318,Airbus A318,2003,21,narrowbody,0,107,449.00284704500876,493,0
AF,Air France,CDG,GIG,Brazil,South America,77W,Boeing 777-300ER,2004,20,widebody,1,365,9184.289308243879,96,0
AF,Air France,CDG,GIG,Brazil,South America,332,Airbus A330-200,1998,26,widebody,1,247,9184.289308243879,96,0
AF,Air France,CDG,GOA,Italy,Europe,E70,Embraer 170,2004,20,regional_jet,0,76,700.5000231458425,20,0
AF,Air France,CDG,GOA,Italy,Europe,E90,Embraer 190,2005,19,regional_jet,0,100,700.5000231458425,20,0
AF,Air France,CDG,GOT,Sweden,Europe,E70,Embraer 170,2004,20,regional_jet,0,76,1156.1625720532513,54,0
AF,Air France,CDG,GOT,Sweden,Europe,E90,Embraer 190,2005,19,regional_jet,0,100,1156.1625720532513,54,0
AF,Air France,CDG,GRU,Brazil,South America,772,Boeing 777-200,1995,29,widebody,1,314,9405.197741344275,194,0
AF,Air France,CDG,GRU,Brazil,South America,77W,Boeing 777-300ER,2004,20,widebody,1,365,9405.197741344275,194,0
AF,Air France,CDG,GVA,Switzerland,Europe,319,Airbus A319,1996,28,narrowbody,0,124,407.74211567260477,163,0
AF,Air France,CDG,GVA,Switzerland,Europe,321,Airbus A321,1994,30,narrowbody,0,185,407.74211567260477,163,0
AF,Air France,CDG,GVA,Switzerland,Europe,320,Airbus A320,1988,36,narrowbody,0,150,407.74211567260477,163,0
AF,Air France,CDG,GVA,Switzerland,Europe,318,Airbus A318,2003,21,narrowbody,0,107,407.74211567260477,163,0
AF,Air France,CDG,GYD,Azerbaijan,Asia,320,Airbus A320,1988,36,narrowbody,0,150,3803.276378831972,64,0
AF,Air France,CDG,HAJ,Germany,Europe,E70,Embraer 170,2004,20,regional_jet,0,76,631.2935076153527,76,0
AF,Air France,CDG,HAJ,Germany,Europe,AR8,Avro RJ85 (BAe 146),1993,31,regional_jet,0,100,631.2935076153527,76,0
AF,Air France,CDG,HAM,Germany,Europe,318,Airbus A318,2003,21,narrowbody,0,107,727.8466214152312,160,0
AF,Air France,CDG,HAM,Germany,Europe,321,Airbus A321,1994,30,narrowbody,0,185,727.8466214152312,160,0
AF,Air France,CDG,HAM,Germany,Europe,320,Airbus A320,1988,36,narrowbody,0,150,727.8466214152312,160,0
AF,Air France,CDG,HAM,Germany,Europe,32A,Airbus A320 (sharklets),1988,36,narrowbody,0,150,727.8466214152312,160,0
AF,Air France,CDG,HAN,Vietnam,Asia,777,Boeing 777-200,1995,29,widebody,1,314,9157.516503834007,87,0
AF,Air France,CDG,HAV,Cuba,North America,77W,Boeing 777-300ER,2004,20,widebody,1,365,7743.947461915768,42,0
AF,Air France,CDG,HEL,Finland,Europe,E90,Embraer 190,2005,19,regional_jet,0,100,1895.5584206947424,161,0
AF,Air France,CDG,HEL,Finland,Europe,321,Airbus A321,1994,30,narrowbody,0,185,1895.5584206947424,161,0
AF,Air France,CDG,HEL,Finland,Europe,320,Airbus A320,1988,36,narrowbody,0,150,1895.5584206947424,161,0
AF,Air France,CDG,HEL,Finland,Europe,319,Airbus A319,1996,28,narrowbody,0,124,1895.5584206947424,161,0
AF,Air France,CDG,HKG,Hong Kong,Asia,77W,Boeing 777-300ER,2004,20,widebody,1,365,9590.058175699625,355,0
AF,Air France,CDG,HND,Japan,Asia,77W,Boeing 777-300ER,2004,20,widebody,1,365,9706.82729602366,158,0
AF,Air France,CDG,HND,Japan,Asia,772,Boeing 777-200,1995,29,widebody,1,314,9706.82729602366,158,0
AF,Air France,CDG,IAD,United States,North America,388,Airbus A380-800,2007,17,widebody,1,525,6197.545849171196,190,0
AF,Air France,CDG,IAD,United States,North America,77W,Boeing 777-300ER,2004,20,widebody,1,365,6197.545849171196,190,0
AF,Air France,CDG,IAH,United States,North America,77W,Boeing 777-300ER,2004,20,widebody,1,365,8071.346224141211,242,0
AF,Air France,CDG,ICN,South Korea,Asia,77W,Boeing 777-300ER,2004,20,widebody,1,365,8926.606102726784,370,0
AF,Air France,CDG,ICN,South Korea,Asia,772,Boeing 777-200,1995,29,widebody,1,314,8926.606102726784,370,0
AF,Air France,CDG,IST,Turkey,Asia,319,Airbus A319,1996,28,narrowbody,0,124,2213.622594336838,361,0
AF,Air France,CDG,IST,Turkey,Asia,320,Airbus A320,1988,36,narrowbody,0,150,2213.622594336838,361,0
AF,Air France,CDG,IST,Turkey,Asia,321,Airbus A321,1994,30,narrowbody,0,185,2213.622594336838,361,0
AF,Air France,CDG,JED,Saudi Arabia,Asia,333,Airbus A330-300,1994,30,widebody,1,277,4427.103419911633,183,0
AF,Air France,CDG,JFK,United States,North America,332,Airbus A330-200,1998,26,widebody,1,247,5833.649776425998,455,0
AF,Air France,CDG,JFK,United States,North America,772,Boeing 777-200,1995,29,widebody,1,314,5833.649776425998,455,0
AF,Air France,CDG,JFK,United States,North America,388,Airbus A380-800,2007,17,widebody,1,525,5833.649776425998,455,0
AF,Air France,CDG,JFK,United States,North America,343,Airbus A340-300,1993,31,widebody,1,277,5833.649776425998,455,0
AF,Air France,CDG,JIB,Djibouti,Africa,343,Airbus A340-300,1993,31,widebody,1,277,5591.558445314325,17,1
AF,Air France,CDG,JNB,South Africa,Africa,388,Airbus A380-800,2007,17,widebody,1,525,8737.520996145422,162,1
AF,Air France,CDG,KBP,Ukraine,Europe,319,Airbus A319,1996,28,narrowbody,0,124,2032.4049543225506,100,0
AF,Air France,CDG,KIX,Japan,Asia,77W,Boeing 777-300ER,2004,20,widebody,1,365,9625.578955626805,152,0
AF,Air France,CDG,KIX,Japan,Asia,772,Boeing 777-200,1995,29,widebody,1,314,9625.578955626805,152,0
AF,Air France,CDG,KUL,Malaysia,Asia,772,Boeing 777-200,1995,29,widebody,1,314,10441.963100095898,257,0
AF,Air France,CDG,LAD,Angola,Africa,77W,Boeing 777-300ER,2004,20,widebody,1,365,6519.1083747901675,46,1
AF,Air France,CDG,LAX,United States,North America,388,Airbus A380-800,2007,17,widebody,1,525,9102.505751277082,498,0
AF,Air France,CDG,LAX,United States,North America,772,Boeing 777-200,1995,29,widebody,1,314,9102.505751277082,498,0
AF,Air France,CDG,LBV,Gabon,Africa,772,Boeing 777-200,1995,29,widebody,1,314,5438.80531951722,24,1
AF,Air France,CDG,LBV,Gabon,Africa,77W,Boeing 777-300ER,2004,20,widebody,1,365,5438.80531951722,24,1
AF,Air France,CDG,LCA,Cyprus,Asia,320,Airbus A320,1988,36,narrowbody,0,150,2981.355393033413,97,0
AF,Air France,CDG,LED,Russia,Europe,320,Airbus A320,1988,36,narrowbody,0,150,2132.86908567162,184,0
AF,Air France,CDG,LED,Russia,Europe,319,Airbus A319,1996,28,narrowbody,0,124,2132.86908567162,184,0
AF,Air France,CDG,LED,Russia,Europe,321,Airbus A321,1994,30,narrowbody,0,185,2132.86908567162,184,0
AF,Air France,CDG,LFW,Togo,Africa,343,Airbus A340-300,1993,31,widebody,1,277,4765.95128863948,21,1
AF,Air France,CDG,LHR,United Kingdom,Europe,321,Airbus A321,1994,30,narrowbody,0,185,347.1675081044459,524,0
AF,Air France,CDG,LHR,United Kingdom,Europe,319,Airbus A319,1996,28,narrowbody,0,124,347.1675081044459,524,0
AF,Air France,CDG,LHR,United Kingdom,Europe,320,Airbus A320,1988,36,narrowbody,0,150,347.1675081044459,524,0
AF,Air France,CDG,LIM,Peru,South America,77W,Boeing 777-300ER,2004,20,widebody,1,365,10276.03197626833,115,0
AF,Air France,CDG,LIN,Italy,Europe,318,Airbus A318,2003,21,narrowbody,0,107,644.0784820998285,60,0
AF,Air France,CDG,LIN,Italy,Europe,320,Airbus A320,1988,36,narrowbody,0,150,644.0784820998285,60,0
AF,Air France,CDG,LIN,Italy,Europe,319,Airbus A319,1996,28,narrowbody,0,124,644.0784820998285,60,0
AF,Air France,CDG,LIN,Italy,Europe,32A,Airbus A320 (sharklets),1988,36,narrowbody,0,150,644.0784820998285,60,0
AF,Air France,CDG,LIN,Italy,Europe,321,Airbus A321,1994,30,narrowbody,0,185,644.0784820998285,60,0
AF,Air France,CDG,LIS,Portugal,Europe,318,Airbus A318,2003,21,narrowbody,0,107,1469.9641325155922,221,0
AF,Air France,CDG,LIS,Portugal,Europe,320,Airbus A320,1988,36,narrowbody,0,150,1469.9641325155922,221,0
AF,Air France,CDG,LIS,Portugal,Europe,319,Airbus A319,1996,28,narrowbody,0,124,1469.9641325155922,221,0
AF,Air France,CDG,LIS,Portugal,Europe,321,Airbus A321,1994,30,narrowbody,0,185,1469.9641325155922,221,0
AF,Air France,CDG,LJU,Slovenia,Europe,E70,Embraer 170,2004,20,regional_jet,0,76,943.6441648602608,33,0
AF,Air France,CDG,LOS,Nigeria,Africa,332,Airbus A330-200,1998,26,widebody,1,247,4719.161482151195,59,1
AF,Air France,CDG,LUX,Luxembourg,Europe,ER4,Embraer ERJ-145,1996,28,regional_jet,0,50,273.4168665750357,70,0
AF,Air France,CDG,LUX,Luxembourg,Europe,DH4,Bombardier Dash 8 Q400,2000,24,turboprop,0,78,273.4168665750357,70,0
AF,Air France,CDG,LYS,France,Europe,320,Airbus A320,1988,36,narrowbody,0,150,412.182279516298,140,0
AF,Air France,CDG,LYS,France,Europe,319,Airbus A319,1996,28,narrowbody,0,124,412.182279516298,140,0
AF,Air France,CDG,LYS,France,Europe,318,Airbus A318,2003,21,narrowbody,0,107,412.182279516298,140,0
AF,Air France,CDG,MAD,Spain,Europe,320,Airbus A320,1988,36,narrowbody,0,150,1064.5128905341448,331,0
AF,Air France,CDG,MAD,Spain,Europe,321,Airbus A321,1994,30,narrowbody,0,185,1064.5128905341448,331,0
AF,Air France,CDG,MAD,Spain,Europe,318,Airbus A318,2003,21,narrowbody,0,107,1064.5128905341448,331,0
AF,Air France,CDG,MAD,Spain,Europe,32A,Airbus A320 (sharklets),1988,36,narrowbody,0,150,1064.5128905341448,331,0
AF,Air France,CDG,MAD,Spain,Europe,319,Airbus A319,1996,28,narrowbody,0,124,1064.5128905341448,331,0
AF,Air France,CDG,MAN,United Kingdom,Europe,321,Airbus A321,1994,30,narrowbody,0,185,587.9957805138245,311,0
AF,Air France,CDG,MAN,United Kingdom,Europe,320,Airbus A320,1988,36,narrowbody,0,150,587.9957805138245,311,0
AF,Air France,CDG,MEX,Mexico,North America,744,Boeing 747-400,1989,35,widebody,1,416,9198.920117556323,242,0
AF,Air France,CDG,MIA,United States,North America,77W,Boeing 777-300ER,2004,20,widebody,1,365,7371.472005306019,366,0
AF,Air France,CDG,MLA,Malta,Europe,319,Airbus A319,1996,28,narrowbody,0,124,1755.4327753702114,113,0
AF,Air France,CDG,MLA,Malta,Europe,320,Airbus A320,1988,36,narrowbody,0,150,1755.4327753702114,113,0
AF,Air France,CDG,MPL,France,Europe,318,Airbus A318,2003,21,narrowbody,0,107,614.161770845712,24,0
AF,Air France,CDG,MPL,France,Europe,319,Airbus A319,1996,28,narrowbody,0,124,614.161770845712,24,0
AF,Air France,CDG,MPL,France,Europe,320,Airbus A320,1988,36,narrowbody,0,150,614.161770845712,24,0
AF,Air France,CDG,MPL,France,Europe,32A,Airbus A320 (sharklets),1988,36,narrowbody,0,150,614.161770845712,24,0
AF,Air France,CDG,MRS,France,Europe,32A,Airbus A320 (sharklets),1988,36,narrowbody,0,150,652.8189452394905,129,0
AF,Air France,CDG,MRS,France,Europe,319,Airbus A319,1996,28,narrowbody,0,124,652.8189452394905,129,0
AF,Air France,CDG,MRS,France,Europe,318,Airbus A318,2003,21,narrowbody,0,107,652.8189452394905,129,0
AF,Air France,CDG,MRS,France,Europe,321,Airbus A321,1994,30,narrowbody,0,185,652.8189452394905,129,0
AF,Air France,CDG,MRS,France,Europe,320,Airbus A320,1988,36,narrowbody,0,150,652.8189452394905,129,0
AF,Air France,CDG,MRU,Mauritius,Africa,77W,Boeing 777-300ER,2004,20,widebody,1,365,9447.001904247765,41,1
AF,Air France,CDG,MSP,United States,North America,332,Airbus A330-200,1998,26,widebody,1,247,6774.75387133001,212,0
AF,Air France,CDG,MUC,Germany,Europe,319,Airbus A319,1996,28,narrowbody,0,124,681.5692457340275,360,0
AF,Air France,CDG,MUC,Germany,Europe,318,Airbus A318,2003,21,narrowbody,0,107,681.5692457340275,360,0
AF,Air France,CDG,MUC,Germany,Europe,320,Airbus A320,1988,36,narrowbody,0,150,681.5692457340275,360,0
AF,Air France,CDG,MUC,Germany,Europe,32A,Airbus A320 (sharklets),1988,36,narrowbody,0,150,681.5692457340275,360,0
AF,Air France,CDG,MUC,Germany,Europe,321,Airbus A321,1994,30,narrowbody,0,185,681.5692457340275,360,0
AF,Air France,CDG,NAP,Italy,Europe,321,Airbus A321,1994,30,narrowbody,0,185,1289.6058099568643,79,0
AF,Air France,CDG,NBO,Kenya,Africa,763,Boeing 767-300,1986,38,widebody,1,218,6495.136685563152,128,1
AF,Air France,CDG,NCE,France,Europe,318,Airbus A318,2003,21,narrowbody,0,107,694.5188488423612,134,0
AF,Air France,CDG,NCE,France,Europe,320,Airbus A320,1988,36,narrowbody,0,150,694.5188488423612,134,0
AF,Air France,CDG,NCE,France,Europe,321,Airbus A321,1994,30,narrowbody,0,185,694.5188488423612,134,0
AF,Air France,CDG,NCE,France,Europe,319,Airbus A319,1996,28,narrowbody,0,124,694.5188488423612,134,0
AF,Air France,CDG,NCL,United Kingdom,Europe,AR8,Avro RJ85 (BAe 146),1993,31,regional_jet,0,100,729.7454393905533,81,0
AF,Air France,CDG,NDJ,Chad,Africa,332,Airbus A330-200,1998,26,widebody,1,247,4259.114025393897,10,1
AF,Air France,CDG,NIM,Niger,Africa,332,Airbus A330-200,1998,26,widebody,1,247,3951.043036916402,17,1
AF,Air France,CDG,NIM,Niger,Africa,343,Airbus A340-300,1993,31,widebody,1,277,3951.043036916402,17,1
AF,Air France,CDG,NKC,Mauritania,Africa,332,Airbus A330-200,1998,26,widebody,1,247,3797.1871792111883,11,1
AF,Air France,CDG,NRT,Japan,Asia,388,Airbus A380-800,2007,17,widebody,1,525,9709.928909737657,289,0
AF,Air France,CDG,NRT,Japan,Asia,788,Boeing 787-8,2011,13,widebody,1,242,9709.928909737657,289,0
AF,Air France,CDG,NRT,Japan,Asia,77W,Boeing 777-300ER,2004,20,widebody,1,365,9709.928909737657,289,0
AF,Air France,CDG,NSI,Cameroon,Africa,772,Boeing 777-200,1995,29,widebody,1,314,5107.935358332979,21,1
AF,Air France,CDG,NTE,France,Europe,321,Airbus A321,1994,30,narrowbody,0,185,371.7828281368194,91,0
AF,Air France,CDG,NTE,France,Europe,318,Airbus A318,2003,21,narrowbody,0,107,371.7828281368194,91,0
AF,Air France,CDG,NTE,France,Europe,319,Airbus A319,1996,28,narrowbody,0,124,371.7828281368194,91,0
AF,Air France,CDG,NTE,France,Europe,320,Airbus A320,1988,36,narrowbody,0,150,371.7828281368194,91,0
AF,Air France,CDG,NUE,Germany,Europe,E70,Embraer 170,2004,20,regional_jet,0,76,620.9422392432726,47,0
AF,Air France,CDG,ORD,United States,North America,332,Airbus A330-200,1998,26,widebody,1,247,6664.207933200134,550,0
AF,Air France,CDG,OSL,Norway,Europe,E90,Embraer 190,2005,19,regional_jet,0,100,1348.7166008131449,183,0
AF,Air France,CDG,OTP,Romania,Europe,321,Airbus A321,1994,30,narrowbody,0,185,1850.1330185953934,115,0
AF,Air France,CDG,OTP,Romania,Europe,320,Airbus A320,1988,36,narrowbody,0,150,1850.1330185953934,115,0
AF,Air France,CDG,OTP,Romania,Europe,319,Airbus A319,1996,28,narrowbody,0,124,1850.1330185953934,115,0
AF,Air France,CDG,OUA,Burkina Faso,Africa,343,Airbus A340-300,1993,31,widebody,1,277,4093.5078449195094,33,1
AF,Air France,CDG,PEK,China,Asia,772,Boeing 777-200,1995,29,widebody,1,314,8188.745706047514,534,0
AF,Air France,CDG,PEK,China,Asia,77W,Boeing 777-300ER,2004,20,widebody,1,365,8188.745706047514,534,0
AF,Air France,CDG,PHL,United States,North America,752,Boeing 757-200,1983,41,narrowbody,0,200,5984.133567554778,287,0
AF,Air France,CDG,PIT,United States,North America,752,Boeing 757-200,1983,41,narrowbody,0,200,6275.769724540062,74,0
AF,Air France,CDG,PNR,Congo (Brazzaville),Africa,332,Airbus A330-200,1998,26,widebody,1,247,6053.5612364018125,18,1
AF,Air France,CDG,PRG,Czech Republic,Europe,321,Airbus A321,1994,30,narrowbody,0,185,852.3710112360449,181,0
AF,Air France,CDG,PRG,Czech Republic,Europe,320,Airbus A320,1988,36,narrowbody,0,150,852.3710112360449,181,0
AF,Air France,CDG,PRG,Czech Republic,Europe,32A,Airbus A320 (sharklets),1988,36,narrowbody,0,150,852.3710112360449,181,0
AF,Air France,CDG,PTY,Panama,North America,772,Boeing 777-200,1995,29,widebody,1,314,8660.257670954368,106,0
AF,Air France,CDG,PUF,France,Europe,E90,Embraer 190,2005,19,regional_jet,0,100,666.5741161796791,5,0
AF,Air France,CDG,PUJ,Dominican Republic,North America,744,Boeing 747-400,1989,35,widebody,1,416,7078.846790853881,70,0
AF,Air France,CDG,PVG,China,Asia,77W,Boeing 777-300ER,2004,20,widebody,1,365,9266.4398326366,414,0
AF,Air France,CDG,PVG,China,Asia,388,Airbus A380-800,2007,17,widebody,1,525,9266.4398326366,414,0
AF,Air France,CDG,PVG,China,Asia,772,Boeing 777-200,1995,29,widebody,1,314,9266.4398326366,414,0
AF,Air France,CDG,RBA,Morocco,Africa,319,Airbus A319,1996,28,narrowbody,0,124,1831.6768443276155,11,1
AF,Air France,CDG,RBA,Morocco,Africa,320,Airbus A320,1988,36,narrowbody,0,150,1831.6768443276155,11,1
AF,Air France,CDG,RIX,Latvia,Europe,733,Boeing 737-300,1984,40,narrowbody,0,140,1672.0898432648983,101,0
AF,Air France,CDG,RIX,Latvia,Europe,735,Boeing 737-500,1990,34,narrowbody,0,122,1672.0898432648983,101,0
AF,Air France,CDG,RNS,France,Europe,AT7,ATR 72,1989,35,turboprop,0,70,332.37286665996277,13,0
AF,Air France,CDG,ROB,Liberia,Africa,332,Airbus A330-200,1998,26,widebody,1,247,4909.505255184979,16,1
AF,Air France,CDG,RUH,Saudi Arabia,Asia,332,Airbus A330-200,1998,26,widebody,1,247,4650.717357375933,139,0
AF,Air France,CDG,SCL,Chile,South America,772,Boeing 777-200,1995,29,widebody,1,314,11672.849942755282,79,0
AF,Air France,CDG,SCL,Chile,South America,77W,Boeing 777-300ER,2004,20,widebody,1,365,11672.849942755282,79,0
AF,Air France,CDG,SEA,United States,North America,332,Airbus A330-200,1998,26,widebody,1,247,8049.155041064258,202,0
AF,Air France,CDG,SFO,United States,North America,388,Airbus A380-800,2007,17,widebody,1,525,8962.210276202279,250,0
AF,Air France,CDG,SGN,Vietnam,Asia,772,Boeing 777-200,1995,29,widebody,1,314,10104.878815055075,109,0
AF,Air France,CDG,SIN,Singapore,Asia,77W,Boeing 777-300ER,2004,20,widebody,1,365,10724.598865307322,412,0
AF,Air France,CDG,SLC,United States,North America,332,Airbus A330-200,1998,26,widebody,1,247,8153.195834503116,137,0
AF,Air France,CDG,SOF,Bulgaria,Europe,321,Airbus A321,1994,30,narrowbody,0,185,1754.2796463646687,66,0
AF,Air France,CDG,SOF,Bulgaria,Europe,320,Airbus A320,1988,36,narrowbody,0,150,1754.2796463646687,66,0
AF,Air France,CDG,STR,Germany,Europe,AR8,Avro RJ85 (BAe 146),1993,31,regional_jet,0,100,489.3327860409583,136,0
AF,Air France,CDG,SVG,Norway,Europe,E70,Embraer 170,2004,20,regional_jet,0,76,1114.9719876060337,52,0
AF,Air France,CDG,SVO,Russia,Europe,319,Airbus A319,1996,28,narrowbody,0,124,2453.629846223241,198,0
AF,Air France,CDG,SVO,Russia,Europe,320,Airbus A320,1988,36,narrowbody,0,150,2453.629846223241,198,0
AF,Air France,CDG,SVO,Russia,Europe,321,Airbus A321,1994,30,narrowbody,0,185,2453.629846223241,198,0
AF,Air France,CDG,SXM,Netherlands Antilles,North America,343,Airbus A340-300,1993,31,widebody,1,277,6739.002790141421,56,0
AF,Air France,CDG,TBS,Georgia,Asia,735,Boeing 737-500,1990,34,narrowbody,0,122,3366.279145130251,35,0
AF,Air France,CDG,TLS,France,Europe,319,Airbus A319,1996,28,narrowbody,0,124,605.5086585177058,83,0
AF,Air France,CDG,TLS,France,Europe,320,Airbus A320,1988,36,narrowbody,0,150,605.5086585177058,83,0
AF,Air France,CDG,TLS,France,Europe,321,Airbus A321,1994,30,narrowbody,0,185,605.5086585177058,83,0
AF,Air France,CDG,TLV,Israel,Asia,320,Airbus A320,1988,36,narrowbody,0,150,3284.224308006819,135,0
AF,Air France,CDG,TNR,Madagascar,Africa,772,Boeing 777-200,1995,29,widebody,1,314,8748.292769750607,27,1
AF,Air France,CDG,TRN,Italy,Europe,E90,Embraer 190,2005,19,regional_jet,0,100,573.0031024817332,42,0
AF,Air France,CDG,TRN,Italy,Europe,AR8,Avro RJ85 (BAe 146),1993,31,regional_jet,0,100,573.0031024817332,42,0
AF,Air France,CDG,TRN,Italy,Europe,E70,Embraer 170,2004,20,regional_jet,0,76,573.0031024817332,42,0
AF,Air France,CDG,TUN,Tunisia,Africa,319,Airbus A319,1996,28,narrowbody,0,124,1487.9143038525501,88,1
AF,Air France,CDG,TUN,Tunisia,Africa,320,Airbus A320,1988,36,narrowbody,0,150,1487.9143038525501,88,1
AF,Air France,CDG,TUN,Tunisia,Africa,321,Airbus A321,1994,30,narrowbody,0,185,1487.9143038525501,88,1
AF,Air France,CDG,TXL,Germany,Europe,319,Airbus A319,1996,28,narrowbody,0,124,850.4976139040001,210,0
AF,Air France,CDG,TXL,Germany,Europe,321,Airbus A321,1994,30,narrowbody,0,185,850.4976139040001,210,0
AF,Air France,CDG,TXL,Germany,Europe,320,Airbus A320,1988,36,narrowbody,0,150,850.4976139040001,210,0
AF,Air France,CDG,TXL,Germany,Europe,318,Airbus A318,2003,21,narrowbody,0,107,850.4976139040001,210,0
AF,Air France,CDG,VCE,Italy,Europe,318,Airbus A318,2003,21,narrowbody,0,107,835.3422094211766,123,0
AF,Air France,CDG,VCE,Italy,Europe,320,Airbus A320,1988,36,narrowbody,0,150,835.3422094211766,123,0
AF,Air France,CDG,VCE,Italy,Europe,319,Airbus A319,1996,28,narrowbody,0,124,835.3422094211766,123,0
AF,Air France,CDG,VCE,Italy,Europe,32A,Airbus A320 (sharklets),1988,36,narrowbody,0,150,835.3422094211766,123,0
AF,Air France,CDG,VGO,Spain,Europe,E70,Embraer 170,2004,20,regional_jet,0,76,1148.548813081645,11,0
AF,Air France,CDG,VIE,Austria,Europe,320,Airbus A320,1988,36,narrowbody,0,150,1035.0912784581415,308,0
AF,Air France,CDG,VIE,Austria,Europe,318,Airbus A318,2003,21,narrowbody,0,107,1035.0912784581415,308,0
AF,Air France,CDG,VIE,Austria,Europe,319,Airbus A319,1996,28,narrowbody,0,124,1035.0912784581415,308,0
AF,Air France,CDG,VIE,Austria,Europe,32A,Airbus A320 (sharklets),1988,36,narrowbody,0,150,1035.0912784581415,308,0
AF,Air France,CDG,VIE,Austria,Europe,321,Airbus A321,1994,30,narrowbody,0,185,1035.0912784581415,308,0
AF,Air France,CDG,VLC,Spain,Europe,738,Boeing 737-800,1998,26,narrowbody,0,162,1085.9033493587308,81,0
AF,Air France,CDG,VRN,Italy,Europe,E70,Embraer 170,2004,20,regional_jet,0,76,746.7293565848418,38,0
AF,Air France,CDG,WAW,Poland,Europe,318,Airbus A318,2003,21,narrowbody,0,107,1342.4931134546455,120,0
AF,Air France,CDG,WAW,Poland,Europe,319,Airbus A319,1996,28,narrowbody,0,124,1342.4931134546455,120,0
AF,Air France,CDG,WAW,Poland,Europe,320,Airbus A320,1988,36,narrowbody,0,150,1342.4931134546455,120,0
AF,Air France,CDG,WAW,Poland,Europe,321,Airbus A321,1994,30,narrowbody,0,185,1342.4931134546455,120,0
AF,Air France,CDG,WUH,China,Asia,332,Airbus A330-200,1998,26,widebody,1,247,8865.00308093218,187,0
AF,Air France,CDG,YUL,Canada,North America,744,Boeing 747-400,1989,35,widebody,1,416,5523.4813014630845,186,0
AF,Air France,CDG,YUL,Canada,North America,343,Airbus A340-300,1993,31,widebody,1,277,5523.4813014630845,186,0
AF,Air France,CDG,YYZ,Canada,North America,772,Boeing 777-200,1995,29,widebody,1,314,6019.848937498426,317,0
AF,Air France,CDG,ZAG,Croatia,Europe,AR8,Avro RJ85 (BAe 146),1993,31,regional_jet,0,100,1079.1129219449062,43,0
AF,Air France,CDG,ZRH,Switzerland,Europe,318,Airbus A318,2003,21,narrowbody,0,107,476.3092237878406,247,0
AF,Air France,CFE,AMS,Netherlands,Europe,ER4,Embraer ERJ-145,1996,28,regional_jet,0,50,734.4065638802323,450,0
AF,Air France,CFE,CDG,France,Europe,E70,Embraer 170,2004,20,regional_jet,0,76,361.7363582386784,517,0
AF,Air France,CFE,CDG,France,Europe,E90,Embraer 190,2005,19,regional_jet,0,100,361.7363582386784,517,0
AF,Air France,CFE,ORY,France,Europe,AT7,ATR 72,1989,35,turboprop,0,70,331.9282057368756,203,0
AF,Air France,CFE,ORY,France,Europe,CRK,Bombardier CRJ-1000,2010,14,regional_jet,0,100,331.9282057368756,203,0
AF,Air France,CGK,KUL,Malaysia,Asia,77W,Boeing 777-300ER,2004,20,widebody,1,365,1128.9978262171885,257,0
AF,Air France,CHA,ATL,United States,North America,CRJ,Bombardier CRJ-200,1992,32,regional_jet,0,50,171.04902083897997,911,0
AF,Air France,CHO,ATL,United States,North America,CRJ,Bombardier CRJ-200,1992,32,regional_jet,0,50,734.755638156895,911,0
AF,Air France,CHS,ATL,United States,North America,M88,McDonnell Douglas MD-88,1987,37,narrowbody,0,150,416.06300813054,911,0
AF,Air France,CHS,ATL,United States,North America,73W,Boeing 737-700 (winglets),1998,26,narrowbody,0,143,416.06300813054,911,0
AF,Air France,CHS,ATL,United States,North America,319,Airbus A319,1996,28,narrowbody,0,124,416.06300813054,911,0
AF,Air France,CID,ATL,United States,North America,CR9,Bombardier CRJ-900,2003,21,regional_jet,0,90,1117.5025110844736,911,0
AF,Air France,CID,ATL,United States,North America,CRJ,Bombardier CRJ-200,1992,32,regional_jet,0,50,1117.5025110844736,911,0
AF,Air France,CKG,CAN,China,Asia,319,Airbus A319,1996,28,narrowbody,0,124,965.6408906472236,336,0
AF,Air France,CKG,LXA,China,Asia,319,Airbus A319,1996,28,narrowbody,0,124,1521.7658654202046,30,0
AF,Air France,CKY,CDG,France,Europe,332,Airbus A330-200,1998,26,widebody,1,247,4635.516765162384,517,0
AF,Air France,CKY,NKC,Mauritania,Africa,332,Airbus A330-200,1998,26,widebody,1,247,1003.7843492374948,11,1
AF,Air France,CLE,ATL,United States,North America,717,Boeing 717,1999,25,narrowbody,0,106,893.8160893493864,911,0
AF,Air France,CLE,ATL,United States,North America,M88,McDonnell Douglas MD-88,1987,37,narrowbody,0,150,893.8160893493864,911,0
AF,Air France,CLT,ATL,United States,North America,M90,McDonnell Douglas MD-90,1995,29,narrowbody,0,158,364.56708046971005,911,0
AF,Air France,CLT,ATL,United States,North America,M88,McDonnell Douglas MD-88,1987,37,narrowbody,0,150,364.56708046971005,911,0
AF,Air France,CLY,CDG,France,Europe,320,Airbus A320,1988,36,narrowbody,0,150,868.2443271462797,517,0
AF,Air France,CLY,MRS,France,Europe,AT7,ATR 72,1989,35,turboprop,0,70,307.8029371343598,129,0
AF,Air France,CLY,NCE,France,Europe,AT7,ATR 72,1989,35,turboprop,0,70,179.71729000283173,134,0
AF,Air France,CLY,ORY,France,Europe,320,Airbus A320,1988,36,narrowbody,0,150,850.1405989552774,203,0
AF,Air France,CLY,ORY,France,Europe,319,Airbus A319,1996,28,narrowbody,0,124,850.1405989552774,203,0
AF,Air France,CMH,ATL,United States,North America,M88,McDonnell Douglas MD-88,1987,37,narrowbody,0,150,720.4056053118145,911,0
AF,Air France,CMH,ATL,United States,North America,738,Boeing 737-800,1998,26,narrowbody,0,162,720.4056053118145,911,0
AF,Air France,CMH,ATL,United States,North America,319,Airbus A319,1996,28,narrowbody,0,124,720.4056053118145,911,0
AF,Air France,CMN,CDG,France,Europe,320,Airbus A320,1988,36,narrowbody,0,150,1931.5200365397375,517,0
AF,Air France,CMN,CDG,France,Europe,319,Airbus A319,1996,28,narrowbody,0,124,1931.5200365397375,517,0
AF,Air France,CMN,CDG,France,Europe,321,Airbus A321,1994,30,narrowbody,0,185,1931.5200365397375,517,0
AF,Air France,CMN,TLS,France,Europe,319,Airbus A319,1996,28,narrowbody,0,124,1379.826541763833,83,0
AF,Air France,CMN,TLS,France,Europe,320,Airbus A320,1988,36,narrowbody,0,150,1379.826541763833,83,0
AF,Air France,CNX,BKK,Thailand,Asia,320,Airbus A320,1988,36,narrowbody,0,150,596.7081267163255,330,0
AF,Air France,COO,CDG,France,Europe,343,Airbus A340-300,1993,31,widebody,1,277,4743.108349309448,517,0
AF,Air France,CPH,CDG,France,Europe,318,Airbus A318,2003,21,narrowbody,0,107,1003.7004841333946,517,0
AF,Air France,CPH,CDG,France,Europe,319,Airbus A319,1996,28,narrowbody,0,124,1003.7004841333946,517,0
AF,Air France,CPH,CDG,France,Europe,320,Airbus A320,1988,36,narrowbody,0,150,1003.7004841333946,517,0
AF,Air France,CRW,ATL,United States,North America,CRJ,Bombardier CRJ-200,1992,32,regional_jet,0,50,585.0668999383439,911,0
AF,Air France,CSG,ATL,United States,North America,CRJ,Bombardier CRJ-200,1992,32,regional_jet,0,50,133.36375513525203,911,0
AF,Air France,CUN,ATL,United States,North America,757,Boeing 757-200,1983,41,narrowbody,0,200,1421.6576140193617,911,0
AF,Air France,CUN,ATL,United States,North America,320,Airbus A320,1988,36,narrowbody,0,150,1421.6576140193617,911,0
AF,Air France,CUN,ATL,United States,North America,M88,McDonnell Douglas MD-88,1987,37,narrowbody,0,150,1421.6576140193617,911,0
AF,Air France,CVG,ATL,United States,North America,M88,McDonnell Douglas MD-88,1987,37,narrowbody,0,150,602.1803007933798,911,0
AF,Air France,CVG,ATL,United States,North America,738,Boeing 737-800,1998,26,narrowbody,0,162,602.1803007933798,911,0
AF,Air France,CVG,ATL,United States,North America,320,Airbus A320,1988,36,narrowbody,0,150,602.1803007933798,911,0
AF,Air France,CVG,ATL,United States,North America,319,Airbus A319,1996,28,narrowbody,0,124,602.1803007933798,911,0
AF,Air France,CVG,CDG,France,Europe,76W,Boeing 767-300ER (winglets),1988,36,widebody,1,218,6669.7061146289,517,0
AF,Air France,CWB,BSB,Brazil,South America,73G,Boeing 737-700,1998,26,narrowbody,0,143,1081.945540708888,99,0
AF,Air France,CWL,EDI,United Kingdom,Europe,F50,Fokker 50,1987,37,turboprop,0,56,506.30737616017984,118,0
AF,Air France,CWL,GLA,United Kingdom,Europe,F50,Fokker 50,1987,37,turboprop,0,56,502.7620529067004,96,0
AF,Air France,CWL,JER,Jersey,Europe,F50,Fokker 50,1987,37,turboprop,0,56,256.66536595982666,38,0
AF,Air France,CWL,ORY,France,Europe,F50,Fokker 50,1987,37,turboprop,0,56,504.9910876854717,203,0
AF,Air France,CZM,ATL,United States,North America,319,Airbus A319,1996,28,narrowbody,0,124,1478.8966111789432,911,0
AF,Air France,CZM,ATL,United States,North America,M88,McDonnell Douglas MD-88,1987,37,narrowbody,0,150,1478.8966111789432,911,0
AF,Air France,DAB,ATL,United States,North America,M90,McDonnell Douglas MD-90,1995,29,narrowbody,0,158,589.7126936511381,911,0
AF,Air France,DAB,ATL,United States,North America,M88,McDonnell Douglas MD-88,1987,37,narrowbody,0,150,589.7126936511381,911,0
AF,Air France,DAL,ATL,United States,North America,CRJ,Bombardier CRJ-200,1992,32,regional_jet,0,50,1158.026383400293,911,0
AF,Air France,DAR,AMS,Netherlands,Europe,330,Airbus A330,1994,30,widebody,1,277,7345.027996432526,450,0
AF,Air France,DAY,ATL,United States,North America,M88,McDonnell Douglas MD-88,1987,37,narrowbody,0,150,696.9614585702037,911,0
AF,Air France,DCA,ATL,United States,North America,738,Boeing 737-800,1998,26,narrowbody,0,162,880.0933329876362,911,0
AF,Air France,DCA,ATL,United States,North America,M90,McDonnell Douglas MD-90,1995,29,narrowbody,0,158,880.0933329876362,911,0
AF,Air France,DCA,ATL,United States,North America,M88,McDonnell Douglas MD-88,1987,37,narrowbody,0,150,880.0933329876362,911,0
AF,Air France,DEL,CDG,France,Europe,332,Airbus A330-200,1998,26,widebody,1,247,6565.372549238494,517,0
AF,Air France,DEN,ATL,United States,North America,757,Boeing 757-200,1983,41,narrowbody,0,200,1926.6178297784163,911,0
AF,Air France,DEN,ATL,United States,North America,M90,McDonnell Douglas MD-90,1995,29,narrowbody,0,158,1926.6178297784163,911,0
AF,Air France,DEN,ATL,United States,North America,738,Boeing 737-800,1998,26,narrowbody,0,162,1926.6178297784163,911,0
AF,Air France,DFW,ATL,United States,North America,M88,McDonnell Douglas MD-88,1987,37,narrowbody,0,150,1174.5318236036762,911,0
AF,Air France,DFW,ATL,United States,North America,319,Airbus A319,1996,28,narrowbody,0,124,1174.5318236036762,911,0
AF,Air France,DHN,ATL,United States,North America,CRJ,Bombardier CRJ-200,1992,32,regional_jet,0,50,274.7080703306349,911,0
AF,Air France,DKR,CDG,France,Europe,77W,Boeing 777-300ER,2004,20,widebody,1,365,4225.962468680553,517,0
AF,Air France,DLA,CDG,France,Europe,772,Boeing 777-200,1995,29,widebody,1,314,5050.440136843446,517,0
AF,Air France,DLA,SSG,Equatorial Guinea,Africa,772,Boeing 777-200,1995,29,widebody,1,314,115.54960968348738,14,1
AF,Air France,DMM,AMS,Netherlands,Europe,330,Airbus A330,1994,30,widebody,1,277,4704.766546321854,450,0
AF,Air France,DMM,KWI,Kuwait,Asia,332,Airbus A330-200,1998,26,widebody,1,247,355.24122441604146,119,0
AF,Air France,DMM,KWI,Kuwait,Asia,330,Airbus A330,1994,30,widebody,1,277,355.24122441604146,119,0
AF,Air France,DOH,AMS,Netherlands,Europe,330,Airbus A330,1994,30,widebody,1,277,4923.0923048828745,450,0
AF,Air France,DOH,MCT,Oman,Asia,330,Airbus A330,1994,30,widebody,1,277,701.1240796001057,104,0
AF,Air France,DOL,LCY,United Kingdom,Europe,F50,Fokker 50,1987,37,turboprop,0,56,238.0603941511181,66,0
AF,Air France,DRS,LCY,United Kingdom,Europe,AR8,Avro RJ85 (BAe 146),1993,31,regional_jet,0,100,952.4127154269522,66,0
AF,Air France,DSM,ATL,United States,North America,CR7,Bombardier CRJ-700,2001,23,regional_jet,0,70,1195.7717645356188,911,0
AF,Air France,DSM,ATL,United States,North America,M88,McDonnell Douglas MD-88,1987,37,narrowbody,0,150,1195.7717645356188,911,0
AF,Air France,DSM,ATL,United States,North America,CR9,Bombardier CRJ-900,2003,21,regional_jet,0,90,1195.7717645356188,911,0
AF,Air France,DTW,ATL,United States,North America,M88,McDonnell Douglas MD-88,1987,37,narrowbody,0,150,958.1975913594938,911,0
AF,Air France,DTW,ATL,United States,North America,73H,Boeing 737-800 (winglets),1998,26,narrowbody,0,162,958.1975913594938,911,0
AF,Air France,DTW,ATL,United States,North America,320,Airbus A320,1988,36,narrowbody,0,150,958.1975913594938,911,0
AF,Air France,DTW,ATL,United States,North America,738,Boeing 737-800,1998,26,narrowbody,0,162,958.1975913594938,911,0
AF,Air France,DTW,ATL,United States,North America,739,Boeing 737-900,2001,23,narrowbody,0,177,958.1975913594938,911,0
AF,Air France,DTW,CDG,France,Europe,343,Airbus A340-300,1993,31,widebody,1,277,6359.066939254482,517,0
AF,Air France,DTW,FRA,Germany,Europe,764,Boeing 767-400,2000,24,widebody,1,245,6679.276367548189,493,0
AF,Air France,DTW,LHR,United Kingdom,Europe,76W,Boeing 767-300ER (winglets),1988,36,widebody,1,218,6044.490630285334,524,0
AF,Air France,DTW,LHR,United Kingdom,Europe,77L,Boeing 777-200LR,2006,18,widebody,1,317,6044.490630285334,524,0
AF,Air France,DTW,MSY,United States,North America,319,Airbus A319,1996,28,narrowbody,0,124,1492.2718862170027,125,0
AF,Air France,DUB,ATL,United States,North America,76W,Boeing 767-300ER (winglets),1988,36,widebody,1,218,6322.9025137978815,911,0
AF,Air France,DUB,CDG,France,Europe,AR8,Avro RJ85 (BAe 146),1993,31,regional_jet,0,100,784.9677949707155,517,0
AF,Air France,DUB,JFK,United States,North America,752,Boeing 757-200,1983,41,narrowbody,0,200,5103.022720109331,455,0
AF,Air France,DUB,LCY,United Kingdom,Europe,AR8,Avro RJ85 (BAe 146),1993,31,regional_jet,0,100,478.33530001832105,66,0
AF,Air France,DUS,ATL,United States,North America,76W,Boeing 767-300ER (winglets),1988,36,widebody,1,218,7236.381003970272,911,0
AF,Air France,DUS,CDG,France,Europe,318,Airbus A318,2003,21,narrowbody,0,107,392.770641580216,517,0
AF,Air France,DUS,CDG,France,Europe,320,Airbus A320,1988,36,narrowbody,0,150,392.770641580216,517,0
AF,Air France,DUS,NTE,France,Europe,ER4,Embraer ERJ-145,1996,28,regional_jet,0,50,761.9261307588249,91,0
AF,Air France,DXB,CDG,France,Europe,77W,Boeing 777-300ER,2004,20,widebody,1,365,5238.621327257624,517,0
AF,Air France,DZA,HAH,Comoros,Africa,73W,Boeing 737-700 (winglets),1998,26,narrowbody,0,143,260.12835210541937,10,1
AF,Air France,EBB,AMS,Netherlands,Europe,330,Airbus A330,1994,30,widebody,1,277,6357.961135112927,450,0
AF,Air France,EBU,BIA,France,Europe,AT7,ATR 72,1989,35,turboprop,0,70,531.0982006324787,36,0
AF,Air France,ECP,ATL,United States,North America,717,Boeing 717,1999,25,narrowbody,0,106,386.78515770925776,911,0
AF,Air France,ECP,ATL,United States,North America,M88,McDonnell Douglas MD-88,1987,37,narrowbody,0,150,386.78515770925776,911,0
AF,Air France,ECP,ATL,United States,North America,CR9,Bombardier CRJ-900,2003,21,regional_jet,0,90,386.78515770925776,911,0
AF,Air France,EDI,CDG,France,Europe,AR8,Avro RJ85 (BAe 146),1993,31,regional_jet,0,100,868.6771370082176,517,0
AF,Air France,EDI,CWL,United Kingdom,Europe,F50,Fokker 50,1987,37,turboprop,0,56,506.30737616017984,31,0
AF,Air France,EGC,EXT,United Kingdom,Europe,DH4,Bombardier Dash 8 Q400,2000,24,turboprop,0,78,719.5127489716426,24,0
AF,Air France,EGC,SOU,United Kingdom,Europe,DH4,Bombardier Dash 8 Q400,2000,24,turboprop,0,78,695.2139288543369,33,0
AF,Air France,ELP,ATL,United States,North America,M88,McDonnell Douglas MD-88,1987,37,narrowbody,0,150,2059.5544231171243,911,0
AF,Air France,ENH,WUH,China,Asia,738,Boeing 737-800,1998,26,narrowbody,0,162,455.154305880272,187,0
AF,Air France,EVN,CDG,France,Europe,320,Airbus A320,1988,36,narrowbody,0,150,3409.617749974075,517,0
AF,Air France,EVV,ATL,United States,North America,CRJ,Bombardier CRJ-200,1992,32,regional_jet,0,50,563.5671813013649,911,0
AF,Air France,EWN,ATL,United States,North America,CRJ,Bombardier CRJ-200,1992,32,regional_jet,0,50,696.3169163964745,911,0
AF,Air France,EWR,ATL,United States,North America,717,Boeing 717,1999,25,narrowbody,0,106,1199.316353924153,911,0
AF,Air France,EWR,ATL,United States,North America,319,Airbus A319,1996,28,narrowbody,0,124,1199.316353924153,911,0
AF,Air France,EWR,CDG,France,Europe,76W,Boeing 767-300ER (winglets),1988,36,widebody,1,218,5856.568130177756,517,0
AF,Air France,EXT,CDG,France,Europe,DH4,Bombardier Dash 8 Q400,2000,24,turboprop,0,78,468.12209087771794,517,0
AF,Air France,EXT,EGC,France,Europe,DH4,Bombardier Dash 8 Q400,2000,24,turboprop,0,78,719.5127489716426,11,0
AF,Air France,EXT,RNS,France,Europe,DH4,Bombardier Dash 8 Q400,2000,24,turboprop,0,78,320.2430987316398,13,0
AF,Air France,EYW,ATL,United States,North America,73W,Boeing 737-700 (winglets),1998,26,narrowbody,0,143,1042.3425917786137,911,0
AF,Air France,EZE,CDG,France,Europe,772,Boeing 777-200,1995,29,widebody,1,314,11100.502241842161,517,0
AF,Air France,EZE,MVD,Uruguay,South America,772,Boeing 777-200,1995,29,widebody,1,314,228.64265544934918,23,0
AF,Air France,FAY,ATL,United States,North America,CRJ,Bombardier CRJ-200,1992,32,regional_jet,0,50,531.2309701068226,911,0
AF,Air France,FCO,ATL,United States,North America,333,Airbus A330-300,1994,30,widebody,1,277,8085.346591570423,911,0
AF,Air France,FCO,BOD,France,Europe,E70,Embraer 170,2004,20,regional_jet,0,76,1099.4138039055524,67,0
AF,Air France,FCO,BOD,France,Europe,E90,Embraer 190,2005,19,regional_jet,0,100,1099.4138039055524,67,0
AF,Air France,FCO,BOD,France,Europe,CR7,Bombardier CRJ-700,2001,23,regional_jet,0,70,1099.4138039055524,67,0
AF,Air France,FCO,CDG,France,Europe,320,Airbus A320,1988,36,narrowbody,0,150,1100.693989469904,517,0
AF,Air France,FCO,CDG,France,Europe,321,Airbus A321,1994,30,narrowbody,0,185,1100.693989469904,517,0
AF,Air France,FCO,CDG,France,Europe,319,Airbus A319,1996,28,narrowbody,0,124,1100.693989469904,517,0
AF,Air France,FCO,CDG,France,Europe,32A,Airbus A320 (sharklets),1988,36,narrowbody,0,150,1100.693989469904,517,0
AF,Air France,FCO,LCY,United Kingdom,Europe,E90,Embraer 190,2005,19,regional_jet,0,100,1420.7611101679859,66,0
AF,Air France,FCO,LYS,France,Europe,CRK,Bombardier CRJ-1000,2010,14,regional_jet,0,100,721.2660217843519,140,0
AF,Air France,FCO,MPL,France,Europe,E75,Embraer 175,2005,19,regional_jet,0,88,704.3063180395912,24,0
AF,Air France,FCO,MPL,France,Europe,E90,Embraer 190,2005,19,regional_jet,0,100,704.3063180395912,24,0
AF,Air France,FCO,MRS,France,Europe,319,Airbus A319,1996,28,narrowbody,0,124,602.2043583254987,129,0
AF,Air France,FCO,NCE,France,Europe,319,Airbus A319,1996,28,narrowbody,0,124,459.25765499825184,134,0
AF,Air France,FCO,NCE,France,Europe,32S,Airbus A320 family,1988,36,narrowbody,0,150,459.25765499825184,134,0
AF,Air France,FCO,NCE,France,Europe,E75,Embraer 175,2005,19,regional_jet,0,88,459.25765499825184,134,0
AF,Air France,FCO,NCE,France,Europe,321,Airbus A321,1994,30,narrowbody,0,185,459.25765499825184,134,0
AF,Air France,FCO,NCE,France,Europe,E90,Embraer 190,2005,19,regional_jet,0,100,459.25765499825184,134,0
AF,Air France,FCO,SXB,France,Europe,ER4,Embraer ERJ-145,1996,28,regional_jet,0,50,831.4760695410087,35,0
AF,Air France,FCO,SXB,France,Europe,CR7,Bombardier CRJ-700,2001,23,regional_jet,0,70,831.4760695410087,35,0
AF,Air France,FCO,TLS,France,Europe,319,Airbus A319,1996,28,narrowbody,0,124,910.7317616315759,83,0
AF,Air France,FCO,TLS,France,Europe,320,Airbus A320,1988,36,narrowbody,0,150,910.7317616315759,83,0
AF,Air France,FDF,CAY,French Guiana,South America,32A,Airbus A320 (sharklets),1988,36,narrowbody,0,150,1440.6321084288472,7,0
AF,Air France,FDF,CAY,French Guiana,South America,320,Airbus A320,1988,36,narrowbody,0,150,1440.6321084288472,7,0
AF,Air France,FDF,ORY,France,Europe,77W,Boeing 777-300ER,2004,20,widebody,1,365,6851.555227120611,203,0
AF,Air France,FDF,PTP,Guadeloupe,North America,AT5,ATR 42-500,1995,29,turboprop,0,48,194.60395223960677,29,0
AF,Air France,FDF,PTP,Guadeloupe,North America,32A,Airbus A320 (sharklets),1988,36,narrowbody,0,150,194.60395223960677,29,0
AF,Air France,FDF,PTP,Guadeloupe,North America,320,Airbus A320,1988,36,narrowbody,0,150,194.60395223960677,29,0
AF,Air France,FDF,SDQ,Dominican Republic,North America,AT5,ATR 42-500,1995,29,turboprop,0,48,1017.4294222387505,48,0
AF,Air France,FIH,CDG,France,Europe,343,Airbus A340-300,1993,31,widebody,1,277,6067.5500831698255,517,0
AF,Air France,FLL,ATL,United States,North America,757,Boeing 757-200,1983,41,narrowbody,0,200,936.441360903343,911,0
AF,Air France,FLL,ATL,United States,North America,M90,McDonnell Douglas MD-90,1995,29,narrowbody,0,158,936.441360903343,911,0
AF,Air France,FLR,CDG,France,Europe,318,Airbus A318,2003,21,narrowbody,0,107,879.3461591198053,517,0
AF,Air France,FLR,LCY,United Kingdom,Europe,AR8,Avro RJ85 (BAe 146),1993,31,regional_jet,0,100,1193.1064399152315,66,0
AF,Air France,FLR,LYS,France,Europe,AT5,ATR 42-500,1995,29,turboprop,0,48,528.112514643312,140,0
AF,Air France,FNA,CDG,France,Europe,332,Airbus A330-200,1998,26,widebody,1,247,4726.079795267049,517,0
AF,Air France,FNT,ATL,United States,North America,M88,McDonnell Douglas MD-88,1987,37,narrowbody,0,150,1039.0115901398274,911,0
AF,Air France,FRA,ATL,United States,North America,764,Boeing 767-400,2000,24,widebody,1,245,7409.649808022339,911,0
AF,Air France,FRA,CDG,France,Europe,318,Airbus A318,2003,21,narrowbody,0,107,449.00284704500876,517,0
AF,Air France,FRA,DTW,United States,North America,764,Boeing 767-400,2000,24,widebody,1,245,6679.276367548189,217,0
AF,Air France,FRA,JFK,United States,North America,76W,Boeing 767-300ER (winglets),1988,36,widebody,1,218,6189.4376979800945,455,0
AF,Air France,FSC,MRS,France,Europe,AT7,ATR 72,1989,35,turboprop,0,70,384.0657288257105,129,0
AF,Air France,FSC,NCE,France,Europe,AT7,ATR 72,1989,35,turboprop,0,70,285.13343357410537,134,0
AF,Air France,FSM,ATL,United States,North America,CRJ,Bombardier CRJ-200,1992,32,regional_jet,0,50,929.9351484718937,911,0
AF,Air France,FWA,ATL,United States,North America,CRJ,Bombardier CRJ-200,1992,32,regional_jet,0,50,819.1739529373724,911,0
AF,Air France,GDL,ATL,United States,North America,320,Airbus A320,1988,36,narrowbody,0,150,2363.848835053403,911,0
AF,Air France,GIG,CDG,France,Europe,77W,Boeing 777-300ER,2004,20,widebody,1,365,9184.289308243879,517,0
AF,Air France,GIG,CDG,France,Europe,332,Airbus A330-200,1998,26,widebody,1,247,9184.289308243879,517,0
AF,Air France,GIG,CWB,Brazil,South America,73G,Boeing 737-700,1998,26,narrowbody,0,143,672.7076560933596,43,0
AF,Air France,GLA,CWL,United Kingdom,Europe,F50,Fokker 50,1987,37,turboprop,0,56,502.7620529067004,31,0
AF,Air France,GNV,ATL,United States,North America,CR9,Bombardier CRJ-900,2003,21,regional_jet,0,90,483.9359906282761,911,0
AF,Air France,GNV,ATL,United States,North America,CR7,Bombardier CRJ-700,2001,23,regional_jet,0,70,483.9359906282761,911,0
AF,Air France,GOA,CDG,France,Europe,E70,Embraer 170,2004,20,regional_jet,0,76,700.5000231458425,517,0
AF,Air France,GOA,CDG,France,Europe,E90,Embraer 190,2005,19,regional_jet,0,100,700.5000231458425,517,0
AF,Air France,GOT,CDG,France,Europe,E90,Embraer 190,2005,19,regional_jet,0,100,1156.1625720532513,517,0
AF,Air France,GOT,CDG,France,Europe,E70,Embraer 170,2004,20,regional_jet,0,76,1156.1625720532513,517,0
AF,Air France,GOT,LYS,France,Europe,ER4,Embraer ERJ-145,1996,28,regional_jet,0,50,1415.163152411434,140,0
AF,Air France,GPT,ATL,United States,North America,M88,McDonnell Douglas MD-88,1987,37,narrowbody,0,150,565.9744945565579,911,0
AF,Air France,GPT,ATL,United States,North America,CR7,Bombardier CRJ-700,2001,23,regional_jet,0,70,565.9744945565579,911,0
AF,Air France,GPT,ATL,United States,North America,CRJ,Bombardier CRJ-200,1992,32,regional_jet,0,50,565.9744945565579,911,0
AF,Air France,GRB,ATL,United States,North America,CR9,Bombardier CRJ-900,2003,21,regional_jet,0,90,1247.5339721419944,911,0
AF,Air France,GRK,ATL,United States,North America,CR7,Bombardier CRJ-700,2001,23,regional_jet,0,70,1289.7897422212989,911,0
AF,Air France,GRR,ATL,United States,North America,717,Boeing 717,1999,25,narrowbody,0,106,1032.303554138231,911,0
AF,Air France,GRR,ATL,United States,North America,M88,McDonnell Douglas MD-88,1987,37,narrowbody,0,150,1032.303554138231,911,0
AF,Air France,GRR,ATL,United States,North America,319,Airbus A319,1996,28,narrowbody,0,124,1032.303554138231,911,0
AF,Air France,GRR,ATL,United States,North America,320,Airbus A320,1988,36,narrowbody,0,150,1032.303554138231,911,0
AF,Air France,GRU,CDG,France,Europe,77W,Boeing 777-300ER,2004,20,widebody,1,365,9405.197741344275,517,0
AF,Air France,GRU,CDG,France,Europe,772,Boeing 777-200,1995,29,widebody,1,314,9405.197741344275,517,0
AF,Air France,GSO,ATL,United States,North America,CR9,Bombardier CRJ-900,2003,21,regional_jet,0,90,492.6065324161367,911,0
AF,Air France,GSO,ATL,United States,North America,CR7,Bombardier CRJ-700,2001,23,regional_jet,0,70,492.6065324161367,911,0
AF,Air France,GSO,ATL,United States,North America,M88,McDonnell Douglas MD-88,1987,37,narrowbody,0,150,492.6065324161367,911,0
AF,Air France,GSP,ATL,United States,North America,M88,McDonnell Douglas MD-88,1987,37,narrowbody,0,150,246.5917792704738,911,0
AF,Air France,GSP,ATL,United States,North America,CR7,Bombardier CRJ-700,2001,23,regional_jet,0,70,246.5917792704738,911,0
AF,Air France,GSP,ATL,United States,North America,319,Airbus A319,1996,28,narrowbody,0,124,246.5917792704738,911,0
AF,Air France,GSP,ATL,United States,North America,717,Boeing 717,1999,25,narrowbody,0,106,246.5917792704738,911,0
AF,Air France,GSP,ATL,United States,North America,CRJ,Bombardier CRJ-200,1992,32,regional_jet,0,50,246.5917792704738,911,0
AF,Air France,GTR,ATL,United States,North America,CRJ,Bombardier CRJ-200,1992,32,regional_jet,0,50,386.3731483179377,911,0
AF,Air France,GUA,ATL,United States,North America,757,Boeing 757-200,1983,41,narrowbody,0,200,2205.9305638192714,911,0
AF,Air France,GVA,BIQ,France,Europe,CR7,Bombardier CRJ-700,2001,23,regional_jet,0,70,676.0257512303431,14,0
AF,Air France,GVA,CDG,France,Europe,321,Airbus A321,1994,30,narrowbody,0,185,407.74211567260477,517,0
AF,Air France,GVA,CDG,France,Europe,319,Airbus A319,1996,28,narrowbody,0,124,407.74211567260477,517,0
AF,Air France,GVA,CDG,France,Europe,320,Airbus A320,1988,36,narrowbody,0,150,407.74211567260477,517,0
AF,Air France,GVA,CDG,France,Europe,318,Airbus A318,2003,21,narrowbody,0,107,407.74211567260477,517,0
AF,Air France,GYD,CDG,France,Europe,320,Airbus A320,1988,36,narrowbody,0,150,3803.276378831972,517,0
AF,Air France,GYE,AMS,Netherlands,Europe,777,Boeing 777-200,1995,29,widebody,1,314,9834.202532693362,450,0
AF,Air France,HAH,NBO,Kenya,Africa,73W,Boeing 737-700 (winglets),1998,26,narrowbody,0,143,1334.194203899568,128,1
AF,Air France,HAJ,CDG,France,Europe,E70,Embraer 170,2004,20,regional_jet,0,76,631.2935076153527,517,0
AF,Air France,HAJ,CDG,France,Europe,AR8,Avro RJ85 (BAe 146),1993,31,regional_jet,0,100,631.2935076153527,517,0
AF,Air France,HAM,CDG,France,Europe,321,Airbus A321,1994,30,narrowbody,0,185,727.8466214152312,517,0
AF,Air France,HAM,CDG,France,Europe,318,Airbus A318,2003,21,narrowbody,0,107,727.8466214152312,517,0
AF,Air France,HAM,CDG,France,Europe,320,Airbus A320,1988,36,narrowbody,0,150,727.8466214152312,517,0
AF,Air France,HAM,CDG,France,Europe,32A,Airbus A320 (sharklets),1988,36,narrowbody,0,150,727.8466214152312,517,0
AF,Air France,HAM,TLS,France,Europe,319,Airbus A319,1996,28,narrowbody,0,124,1277.9189842634803,83,0
AF,Air France,HAN,CDG,France,Europe,777,Boeing 777-200,1995,29,widebody,1,314,9157.516503834007,517,0
AF,Air France,HAN,REP,Cambodia,Asia,321,Airbus A321,1994,30,narrowbody,0,185,893.8607766844056,39,0
AF,Air France,HAV,CDG,France,Europe,77W,Boeing 777-300ER,2004,20,widebody,1,365,7743.947461915768,517,0
AF,Air France,HEL,CDG,France,Europe,321,Airbus A321,1994,30,narrowbody,0,185,1895.5584206947424,517,0
AF,Air France,HEL,CDG,France,Europe,320,Airbus A320,1988,36,narrowbody,0,150,1895.5584206947424,517,0
AF,Air France,HEL,CDG,France,Europe,E90,Embraer 190,2005,19,regional_jet,0,100,1895.5584206947424,517,0
AF,Air France,HEL,CDG,France,Europe,319,Airbus A319,1996,28,narrowbody,0,124,1895.5584206947424,517,0
AF,Air France,HKG,CDG,France,Europe,77W,Boeing 777-300ER,2004,20,widebody,1,365,9590.058175699625,517,0
AF,Air France,HKT,BKK,Thailand,Asia,320,Airbus A320,1988,36,narrowbody,0,150,673.5405578080735,330,0
AF,Air France,HND,CDG,France,Europe,772,Boeing 777-200,1995,29,widebody,1,314,9706.82729602366,517,0
AF,Air France,HND,CDG,France,Europe,77W,Boeing 777-300ER,2004,20,widebody,1,365,9706.82729602366,517,0
AF,Air France,HNL,LAX,United States,North America,757,Boeing 757-200,1983,41,narrowbody,0,200,4108.224323399246,498,0
AF,Air France,HPN,ATL,United States,North America,CR7,Bombardier CRJ-700,2001,23,regional_jet,0,70,1255.4471146665528,911,0
AF,Air France,HRE,LUN,Zambia,Africa,763,Boeing 767-300,1986,38,widebody,1,218,403.4300993732306,33,1
AF,Air France,HRE,LUN,Zambia,Africa,332,Airbus A330-200,1998,26,widebody,1,247,403.4300993732306,33,1
AF,Air France,HRE,LUN,Zambia,Africa,330,Airbus A330,1994,30,widebody,1,277,403.4300993732306,33,1
AF,Air France,HRE,NBO,Kenya,Africa,E90,Embraer 190,2005,19,regional_jet,0,100,1954.056875444751,128,1
AF,Air France,HSV,ATL,United States,North America,717,Boeing 717,1999,25,narrowbody,0,106,242.96364002557888,911,0
AF,Air France,HSV,ATL,United States,North America,M88,McDonnell Douglas MD-88,1987,37,narrowbody,0,150,242.96364002557888,911,0
AF,Air France,HSV,ATL,United States,North America,CR7,Bombardier CRJ-700,2001,23,regional_jet,0,70,242.96364002557888,911,0
AF,Air France,HSV,ATL,United States,North America,CRJ,Bombardier CRJ-200,1992,32,regional_jet,0,50,242.96364002557888,911,0
AF,Air France,IAD,ATL,United States,North America,320,Airbus A320,1988,36,narrowbody,0,150,859.0311610793252,911,0
AF,Air France,IAD,ATL,United States,North America,M88,McDonnell Douglas MD-88,1987,37,narrowbody,0,150,859.0311610793252,911,0
AF,Air France,IAD,ATL,United States,North America,319,Airbus A319,1996,28,narrowbody,0,124,859.0311610793252,911,0
AF,Air France,IAD,CDG,France,Europe,388,Airbus A380-800,2007,17,widebody,1,525,6197.545849171196,517,0
AF,Air France,IAD,CDG,France,Europe,77W,Boeing 777-300ER,2004,20,widebody,1,365,6197.545849171196,517,0
AF,Air France,IAH,ATL,United States,North America,M88,McDonnell Douglas MD-88,1987,37,narrowbody,0,150,1107.5625747320166,911,0
AF,Air France,IAH,ATL,United States,North America,717,Boeing 717,1999,25,narrowbody,0,106,1107.5625747320166,911,0
AF,Air France,IAH,ATL,United States,North America,319,Airbus A319,1996,28,narrowbody,0,124,1107.5625747320166,911,0
AF,Air France,IAH,CDG,France,Europe,77W,Boeing 777-300ER,2004,20,widebody,1,365,8071.346224141211,517,0
AF,Air France,ICN,CDG,France,Europe,77W,Boeing 777-300ER,2004,20,widebody,1,365,8926.606102726784,517,0
AF,Air France,ICN,CDG,France,Europe,772,Boeing 777-200,1995,29,widebody,1,314,8926.606102726784,517,0
AF,Air France,ICT,ATL,United States,North America,CR7,Bombardier CRJ-700,2001,23,regional_jet,0,70,1255.6787625519178,911,0
AF,Air France,ICT,ATL,United States,North America,CR9,Bombardier CRJ-900,2003,21,regional_jet,0,90,1255.6787625519178,911,0
AF,Air France,ILM,ATL,United States,North America,CRJ,Bombardier CRJ-200,1992,32,regional_jet,0,50,605.8847963590904,911,0
AF,Air France,IND,ATL,United States,North America,M88,McDonnell Douglas MD-88,1987,37,narrowbody,0,150,696.265301572822,911,0
AF,Air France,IND,ATL,United States,North America,320,Airbus A320,1988,36,narrowbody,0,150,696.265301572822,911,0
AF,Air France,IND,ATL,United States,North America,M90,McDonnell Douglas MD-90,1995,29,narrowbody,0,158,696.265301572822,911,0
AF,Air France,IST,CDG,France,Europe,320,Airbus A320,1988,36,narrowbody,0,150,2213.622594336838,517,0
AF,Air France,IST,CDG,France,Europe,319,Airbus A319,1996,28,narrowbody,0,124,2213.622594336838,517,0
AF,Air France,IST,CDG,France,Europe,321,Airbus A321,1994,30,narrowbody,0,185,2213.622594336838,517,0
AF,Air France,IST,MRS,France,Europe,320,Airbus A320,1988,36,narrowbody,0,150,1941.8093771228648,129,0
AF,Air France,IVL,KTT,Finland,Europe,319,Airbus A319,1996,28,narrowbody,0,124,146.1388628437057,2,0
AF,Air France,JAN,ATL,United States,North America,717,Boeing 717,1999,25,narrowbody,0,106,546.9875906917429,911,0
AF,Air France,JAN,ATL,United States,North America,CR9,Bombardier CRJ-900,2003,21,regional_jet,0,90,546.9875906917429,911,0
AF,Air France,JAX,ATL,United States,North America,757,Boeing 757-200,1983,41,narrowbody,0,200,434.4457415223961,911,0
AF,Air France,JED,CDG,France,Europe,333,Airbus A330-300,1994,30,widebody,1,277,4427.103419911633,517,0
AF,Air France,JER,CWL,United Kingdom,Europe,F50,Fokker 50,1987,37,turboprop,0,56,256.66536595982666,31,0
AF,Air France,JFK,ATL,United States,North America,319,Airbus A319,1996,28,narrowbody,0,124,1222.0934389187266,911,0
AF,Air France,JFK,ATL,United States,North America,738,Boeing 737-800,1998,26,narrowbody,0,162,1222.0934389187266,911,0
AF,Air France,JFK,ATL,United States,North America,752,Boeing 757-200,1983,41,narrowbody,0,200,1222.0934389187266,911,0
AF,Air France,JFK,BCN,Spain,Europe,333,Airbus A330-300,1994,30,widebody,1,277,6150.227182054505,392,0
AF,Air France,JFK,BRU,Belgium,Europe,76W,Boeing 767-300ER (winglets),1988,36,widebody,1,218,5885.511434329618,315,0
AF,Air France,JFK,CDG,France,Europe,332,Airbus A330-200,1998,26,widebody,1,247,5833.649776425998,517,0
AF,Air France,JFK,CDG,France,Europe,772,Boeing 777-200,1995,29,widebody,1,314,5833.649776425998,517,0
AF,Air France,JFK,CDG,France,Europe,388,Airbus A380-800,2007,17,widebody,1,525,5833.649776425998,517,0
AF,Air France,JFK,CDG,France,Europe,343,Airbus A340-300,1993,31,widebody,1,277,5833.649776425998,517,0
AF,Air France,JFK,DUB,Ireland,Europe,752,Boeing 757-200,1983,41,narrowbody,0,200,5103.022720109331,207,0
AF,Air France,JFK,FRA,Germany,Europe,76W,Boeing 767-300ER (winglets),1988,36,widebody,1,218,6189.4376979800945,493,0
AF,Air France,JFK,LHR,United Kingdom,Europe,764,Boeing 767-400,2000,24,widebody,1,245,5539.644065388658,524,0
AF,Air France,JFK,LHR,United Kingdom,Europe,76W,Boeing 767-300ER (winglets),1988,36,widebody,1,218,5539.644065388658,524,0
AF,Air France,JFK,MAD,Spain,Europe,764,Boeing 767-400,2000,24,widebody,1,245,5762.180228596245,331,0
AF,Air France,JFK,MSY,United States,North America,CR9,Bombardier CRJ-900,2003,21,regional_jet,0,90,1901.489710510044,125,0
AF,Air France,JFK,NCE,France,Europe,764,Boeing 767-400,2000,24,widebody,1,245,6406.84132163441,134,0
AF,Air France,JFK,PAP,Haiti,North America,738,Boeing 737-800,1998,26,narrowbody,0,162,2457.0402754190354,24,0
AF,Air France,JIB,CDG,France,Europe,343,Airbus A340-300,1993,31,widebody,1,277,5591.558445314325,517,0
AF,Air France,JNB,CDG,France,Europe,388,Airbus A380-800,2007,17,widebody,1,525,8737.520996145422,517,0
AF,Air France,JRO,DAR,Tanzania,Africa,332,Airbus A330-200,1998,26,widebody,1,247,450.09084581371485,32,1
AF,Air France,JRO,DAR,Tanzania,Africa,330,Airbus A330,1994,30,widebody,1,277,450.09084581371485,32,1
AF,Air France,KBP,CDG,France,Europe,319,Airbus A319,1996,28,narrowbody,0,124,2032.4049543225506,517,0
AF,Air France,KBV,BKK,Thailand,Asia,319,Airbus A319,1996,28,narrowbody,0,124,649.7593114251202,330,0
AF,Air France,KBV,BKK,Thailand,Asia,320,Airbus A320,1988,36,narrowbody,0,150,649.7593114251202,330,0
AF,Air France,KGL,BJM,Burundi,Africa,E70,Embraer 170,2004,20,regional_jet,0,76,176.1537340831755,14,1
AF,Air France,KGL,EBB,Uganda,Africa,332,Airbus A330-200,1998,26,widebody,1,247,340.0194792797979,33,1
AF,Air France,KGL,EBB,Uganda,Africa,330,Airbus A330,1994,30,widebody,1,277,340.0194792797979,33,1
AF,Air France,KIX,CDG,France,Europe,772,Boeing 777-200,1995,29,widebody,1,314,9625.578955626805,517,0
AF,Air France,KIX,CDG,France,Europe,77W,Boeing 777-300ER,2004,20,widebody,1,365,9625.578955626805,517,0
AF,Air France,KMG,CAN,China,Asia,320,Airbus A320,1988,36,narrowbody,0,150,1068.0981305287535,336,0
AF,Air France,KTT,HEL,Finland,Europe,319,Airbus A319,1996,28,narrowbody,0,124,821.0599869344967,161,0
AF,Air France,KUL,AMS,Netherlands,Europe,777,Boeing 777-200,1995,29,widebody,1,314,10236.638950503195,450,0
AF,Air France,KUL,CDG,France,Europe,772,Boeing 777-200,1995,29,widebody,1,314,10441.963100095898,517,0
AF,Air France,KUL,CGK,Indonesia,Asia,777,Boeing 777-200,1995,29,widebody,1,314,1128.9978262171885,182,0
AF,Air France,KWI,AMS,Netherlands,Europe,330,Airbus A330,1994,30,widebody,1,277,4355.279554852435,450,0
AF,Air France,KWI,DMM,Saudi Arabia,Asia,332,Airbus A330-200,1998,26,widebody,1,247,355.24122441604146,82,0
AF,Air France,KWI,DMM,Saudi Arabia,Asia,330,Airbus A330,1994,30,widebody,1,277,355.24122441604146,82,0
AF,Air France,LAD,CDG,France,Europe,77W,Boeing 777-300ER,2004,20,widebody,1,365,6519.1083747901675,517,0
AF,Air France,LAS,ATL,United States,North America,739,Boeing 737-900,2001,23,narrowbody,0,177,2804.8279085707227,911,0
AF,Air France,LAS,ATL,United States,North America,738,Boeing 737-800,1998,26,narrowbody,0,162,2804.8279085707227,911,0
AF,Air France,LAS,ATL,United States,North America,757,Boeing 757-200,1983,41,narrowbody,0,200,2804.8279085707227,911,0
AF,Air France,LAX,ATL,United States,North America,763,Boeing 767-300,1986,38,widebody,1,218,3125.7765263601914,911,0
AF,Air France,LAX,ATL,United States,North America,757,Boeing 757-200,1983,41,narrowbody,0,200,3125.7765263601914,911,0
AF,Air France,LAX,ATL,United States,North America,76W,Boeing 767-300ER (winglets),1988,36,widebody,1,218,3125.7765263601914,911,0
AF,Air France,LAX,CDG,France,Europe,388,Airbus A380-800,2007,17,widebody,1,525,9102.505751277082,517,0
AF,Air France,LAX,CDG,France,Europe,772,Boeing 777-200,1995,29,widebody,1,314,9102.505751277082,517,0
AF,Air France,LAX,MSP,United States,North America,757,Boeing 757-200,1983,41,narrowbody,0,200,2467.294174878977,212,0
AF,Air France,LAX,OGG,United States,North America,757,Boeing 757-200,1983,41,narrowbody,0,200,3995.4137126880964,42,0
AF,Air France,LAX,PPT,French Polynesia,Oceania,772,Boeing 777-200,1995,29,widebody,1,314,6611.4157208335255,39,0
AF,Air France,LBV,CDG,France,Europe,772,Boeing 777-200,1995,29,widebody,1,314,5438.80531951722,517,0
AF,Air France,LBV,CDG,France,Europe,77W,Boeing 777-300ER,2004,20,widebody,1,365,5438.80531951722,517,0
AF,Air France,LCA,CDG,France,Europe,320,Airbus A320,1988,36,narrowbody,0,150,2981.355393033413,517,0
AF,Air France,LCY,AMS,Netherlands,Europe,AR8,Avro RJ85 (BAe 146),1993,31,regional_jet,0,100,335.0673301551608,450,0
AF,Air France,LCY,ANR,Belgium,Europe,F50,Fokker 50,1987,37,turboprop,0,56,307.8985957784923,2,0
AF,Air France,LCY,BES,France,Europe,F50,Fokker 50,1987,37,turboprop,0,56,466.65710227444623,17,0
AF,Air France,LCY,BVE,France,Europe,AR8,Avro RJ85 (BAe 146),1993,31,regional_jet,0,100,726.6511973240015,6,0
AF,Air France,LCY,DOL,France,Europe,F50,Fokker 50,1987,37,turboprop,0,56,238.0603941511181,2,0
AF,Air France,LCY,DRS,Germany,Europe,AR8,Avro RJ85 (BAe 146),1993,31,regional_jet,0,100,952.4127154269522,22,0
AF,Air France,LCY,DUB,Ireland,Europe,AR8,Avro RJ85 (BAe 146),1993,31,regional_jet,0,100,478.33530001832105,207,0
AF,Air France,LCY,FCO,Italy,Europe,E90,Embraer 190,2005,19,regional_jet,0,100,1420.7611101679859,331,0
AF,Air France,LCY,FLR,Italy,Europe,AR8,Avro RJ85 (BAe 146),1993,31,regional_jet,0,100,1193.1064399152315,53,0
AF,Air France,LCY,LIN,Italy,Europe,E90,Embraer 190,2005,19,regional_jet,0,100,955.7925803908255,60,0
AF,Air France,LCY,NTE,France,Europe,AR8,Avro RJ85 (BAe 146),1993,31,regional_jet,0,100,498.72788787241063,91,0
AF,Air France,LCY,NTE,France,Europe,F50,Fokker 50,1987,37,turboprop,0,56,498.72788787241063,91,0
AF,Air France,LCY,ORY,France,Europe,F50,Fokker 50,1987,37,turboprop,0,56,350.89188932438594,203,0
AF,Air France,LCY,RTM,Netherlands,Europe,F50,Fokker 50,1987,37,turboprop,0,56,305.8797704436695,33,0
AF,Air France,LCY,RTM,Netherlands,Europe,AR8,Avro RJ85 (BAe 146),1993,31,regional_jet,0,100,305.8797704436695,33,0
AF,Air France,LED,CDG,France,Europe,319,Airbus A319,1996,28,narrowbody,0,124,2132.86908567162,517,0
AF,Air France,LED,CDG,France,Europe,320,Airbus A320,1988,36,narrowbody,0,150,2132.86908567162,517,0
AF,Air France,LED,CDG,France,Europe,321,Airbus A321,1994,30,narrowbody,0,185,2132.86908567162,517,0
AF,Air France,LEX,ATL,United States,North America,CRJ,Bombardier CRJ-200,1992,32,regional_jet,0,50,489.49747598534117,911,0
AF,Air France,LEX,ATL,United States,North America,CR9,Bombardier CRJ-900,2003,21,regional_jet,0,90,489.49747598534117,911,0
AF,Air France,LFT,ATL,United States,North America,CRJ,Bombardier CRJ-200,1992,32,regional_jet,0,50,808.7514007543349,911,0
AF,Air France,LFW,CDG,France,Europe,343,Airbus A340-300,1993,31,widebody,1,277,4765.95128863948,517,0
AF,Air France,LGA,ATL,United States,North America,M88,McDonnell Douglas MD-88,1987,37,narrowbody,0,150,1224.8675556123217,911,0
AF,Air France,LGA,ATL,United States,North America,757,Boeing 757-200,1983,41,narrowbody,0,200,1224.8675556123217,911,0
AF,Air France,LGG,AJA,France,Europe,320,Airbus A320,1988,36,narrowbody,0,150,1002.4615902163572,39,0
AF,Air France,LGG,BIA,France,Europe,320,Airbus A320,1988,36,narrowbody,0,150,950.1381247845977,36,0
AF,Air France,LHR,ATL,United States,North America,764,Boeing 767-400,2000,24,widebody,1,245,6760.763839225036,911,0
AF,Air France,LHR,ATL,United States,North America,77L,Boeing 777-200LR,2006,18,widebody,1,317,6760.763839225036,911,0
AF,Air France,LHR,ATL,United States,North America,76W,Boeing 767-300ER (winglets),1988,36,widebody,1,218,6760.763839225036,911,0
AF,Air France,LHR,BOS,United States,North America,764,Boeing 767-400,2000,24,widebody,1,245,5239.649725139816,212,0
AF,Air France,LHR,CDG,France,Europe,321,Airbus A321,1994,30,narrowbody,0,185,347.1675081044459,517,0
AF,Air France,LHR,CDG,France,Europe,320,Airbus A320,1988,36,narrowbody,0,150,347.1675081044459,517,0
AF,Air France,LHR,CDG,France,Europe,319,Airbus A319,1996,28,narrowbody,0,124,347.1675081044459,517,0
AF,Air France,LHR,DTW,United States,North America,76W,Boeing 767-300ER (winglets),1988,36,widebody,1,218,6044.490630285334,217,0
AF,Air France,LHR,DTW,United States,North America,77L,Boeing 777-200LR,2006,18,widebody,1,317,6044.490630285334,217,0
AF,Air France,LHR,JFK,United States,North America,76W,Boeing 767-300ER (winglets),1988,36,widebody,1,218,5539.644065388658,455,0
AF,Air France,LHR,JFK,United States,North America,764,Boeing 767-400,2000,24,widebody,1,245,5539.644065388658,455,0
AF,Air France,LHR,MSP,United States,North America,764,Boeing 767-400,2000,24,widebody,1,245,6442.920106923145,212,0
AF,Air France,LHR,SEA,United States,North America,76W,Boeing 767-300ER (winglets),1988,36,widebody,1,218,7702.083240103776,202,0
AF,Air France,LIG,SOU,United Kingdom,Europe,DH4,Bombardier Dash 8 Q400,2000,24,turboprop,0,78,595.7820057661114,33,0
AF,Air France,LIL,MRS,France,Europe,319,Airbus A319,1996,28,narrowbody,0,124,808.434129715049,129,0
AF,Air France,LIL,NCE,France,Europe,319,Airbus A319,1996,28,narrowbody,0,124,828.6083938118073,134,0
AF,Air France,LIL,NCE,France,Europe,320,Airbus A320,1988,36,narrowbody,0,150,828.6083938118073,134,0
AF,Air France,LIM,CDG,France,Europe,77W,Boeing 777-300ER,2004,20,widebody,1,365,10276.03197626833,517,0
AF,Air France,LIN,CDG,France,Europe,319,Airbus A319,1996,28,narrowbody,0,124,644.0784820998285,517,0
AF,Air France,LIN,CDG,France,Europe,318,Airbus A318,2003,21,narrowbody,0,107,644.0784820998285,517,0
AF,Air France,LIN,CDG,France,Europe,320,Airbus A320,1988,36,narrowbody,0,150,644.0784820998285,517,0
AF,Air France,LIN,CDG,France,Europe,32A,Airbus A320 (sharklets),1988,36,narrowbody,0,150,644.0784820998285,517,0
AF,Air France,LIN,CDG,France,Europe,321,Airbus A321,1994,30,narrowbody,0,185,644.0784820998285,517,0
AF,Air France,LIN,LCY,United Kingdom,Europe,E90,Embraer 190,2005,19,regional_jet,0,100,955.7925803908255,66,0
AF,Air France,LIN,ORY,France,Europe,320,Airbus A320,1988,36,narrowbody,0,150,636.4680649834,203,0
AF,Air France,LIN,ORY,France,Europe,32S,Airbus A320 family,1988,36,narrowbody,0,150,636.4680649834,203,0
AF,Air France,LIN,ORY,France,Europe,319,Airbus A319,1996,28,narrowbody,0,124,636.4680649834,203,0
AF,Air France,LIR,ATL,United States,North America,738,Boeing 737-800,1998,26,narrowbody,0,162,2564.8360307089706,911,0
AF,Air France,LIR,ATL,United States,North America,757,Boeing 757-200,1983,41,narrowbody,0,200,2564.8360307089706,911,0
AF,Air France,LIS,CDG,France,Europe,319,Airbus A319,1996,28,narrowbody,0,124,1469.9641325155922,517,0
AF,Air France,LIS,CDG,France,Europe,318,Airbus A318,2003,21,narrowbody,0,107,1469.9641325155922,517,0
AF,Air France,LIS,CDG,France,Europe,320,Airbus A320,1988,36,narrowbody,0,150,1469.9641325155922,517,0
AF,Air France,LIS,CDG,France,Europe,321,Airbus A321,1994,30,narrowbody,0,185,1469.9641325155922,517,0
AF,Air France,LIT,ATL,United States,North America,M88,McDonnell Douglas MD-88,1987,37,narrowbody,0,150,727.1602851633608,911,0
AF,Air France,LJG,KMG,China,Asia,320,Airbus A320,1988,36,narrowbody,0,150,320.6596762226352,272,0
AF,Air France,LJU,CDG,France,Europe,E70,Embraer 170,2004,20,regional_jet,0,76,943.6441648602608,517,0
AF,Air France,LLW,LUN,Zambia,Africa,E90,Embraer 190,2005,19,regional_jet,0,100,598.4956955326059,33,1
AF,Air France,LLW,NBO,Kenya,Africa,738,Boeing 737-800,1998,26,narrowbody,0,162,1429.1709689965403,128,1
AF,Air France,LLW,NBO,Kenya,Africa,E90,Embraer 190,2005,19,regional_jet,0,100,1429.1709689965403,128,1
AF,Air France,LOS,CDG,France,Europe,332,Airbus A330-200,1998,26,widebody,1,247,4719.161482151195,517,0
AF,Air France,LPQ,BKK,Thailand,Asia,319,Airbus A319,1996,28,narrowbody,0,124,707.390589123495,330,0
AF,Air France,LRH,PIS,France,Europe,AT5,ATR 42-500,1995,29,turboprop,0,48,123.83610765336782,7,0
AF,Air France,LRH,SOU,United Kingdom,Europe,DH4,Bombardier Dash 8 Q400,2000,24,turboprop,0,78,530.6547631116363,33,0
AF,Air France,LUN,AMS,Netherlands,Europe,330,Airbus A330,1994,30,widebody,1,277,7859.880665866524,450,0
AF,Air France,LUN,HRE,Zimbabwe,Africa,E90,Embraer 190,2005,19,regional_jet,0,100,403.4300993732306,31,1
AF,Air France,LUN,LLW,Malawi,Africa,738,Boeing 737-800,1998,26,narrowbody,0,162,598.4956955326059,13,1
AF,Air France,LUN,LLW,Malawi,Africa,E90,Embraer 190,2005,19,regional_jet,0,100,598.4956955326059,13,1
AF,Air France,LUN,LLW,Malawi,Africa,763,Boeing 767-300,1986,38,widebody,1,218,598.4956955326059,13,1
AF,Air France,LUN,NBO,Kenya,Africa,763,Boeing 767-300,1986,38,widebody,1,218,1814.4570142237988,128,1
AF,Air France,LUN,NBO,Kenya,Africa,E90,Embraer 190,2005,19,regional_jet,0,100,1814.4570142237988,128,1
AF,Air France,LUX,CDG,France,Europe,ER4,Embraer ERJ-145,1996,28,regional_jet,0,50,273.4168665750357,517,0
AF,Air France,LUX,CDG,France,Europe,DH4,Bombardier Dash 8 Q400,2000,24,turboprop,0,78,273.4168665750357,517,0
AF,Air France,LVI,HRE,Zimbabwe,Africa,E90,Embraer 190,2005,19,regional_jet,0,100,557.8305915765613,31,1
AF,Air France,LXA,CKG,China,Asia,319,Airbus A319,1996,28,narrowbody,0,124,1521.7658654202046,270,0
AF,Air France,LYS,AJA,France,Europe,320,Airbus A320,1988,36,narrowbody,0,150,517.4295941758219,39,0
AF,Air France,LYS,AMS,Netherlands,Europe,F70,Fokker 70,1994,30,regional_jet,0,79,732.3646569525172,450,0
AF,Air France,LYS,BHX,United Kingdom,Europe,E75,Embraer 175,2005,19,regional_jet,0,88,897.4686730163417,131,0
AF,Air France,LYS,BIA,France,Europe,320,Airbus A320,1988,36,narrowbody,0,150,497.7459139899003,36,0
AF,Air France,LYS,BLQ,Italy,Europe,ER4,Embraer ERJ-145,1996,28,regional_jet,0,50,504.48190270867497,88,0
AF,Air France,LYS,BLQ,Italy,Europe,AT5,ATR 42-500,1995,29,turboprop,0,48,504.48190270867497,88,0
AF,Air France,LYS,BRU,Belgium,Europe,ER4,Embraer ERJ-145,1996,28,regional_jet,0,50,577.2112350115362,315,0
AF,Air France,LYS,CDG,France,Europe,320,Airbus A320,1988,36,narrowbody,0,150,412.182279516298,517,0
AF,Air France,LYS,CDG,France,Europe,319,Airbus A319,1996,28,narrowbody,0,124,412.182279516298,517,0
AF,Air France,LYS,CDG,France,Europe,318,Airbus A318,2003,21,narrowbody,0,107,412.182279516298,517,0
AF,Air France,LYS,FCO,Italy,Europe,CRK,Bombardier CRJ-1000,2010,14,regional_jet,0,100,721.2660217843519,331,0
AF,Air France,LYS,FLR,Italy,Europe,AT5,ATR 42-500,1995,29,turboprop,0,48,528.112514643312,53,0
AF,Air France,LYS,GOT,Sweden,Europe,ER4,Embraer ERJ-145,1996,28,regional_jet,0,50,1415.163152411434,54,0
AF,Air France,LYS,MLA,Malta,Europe,320,Airbus A320,1988,36,narrowbody,0,150,1350.6076396147098,113,0
AF,Air France,LYS,MXP,Italy,Europe,CRJ,Bombardier CRJ-200,1992,32,regional_jet,0,50,283.50989282007583,194,0
AF,Air France,LYS,MXP,Italy,Europe,ER4,Embraer ERJ-145,1996,28,regional_jet,0,50,283.50989282007583,194,0
AF,Air France,LYS,NCE,France,Europe,320,Airbus A320,1988,36,narrowbody,0,150,285.12576321087124,134,0
AF,Air France,LYS,NCE,France,Europe,319,Airbus A319,1996,28,narrowbody,0,124,285.12576321087124,134,0
AF,Air France,LYS,ORY,France,Europe,CRK,Bombardier CRJ-1000,2010,14,regional_jet,0,100,390.7561707561108,203,0
AF,Air France,LYS,PIS,France,Europe,AT5,ATR 42-500,1995,29,turboprop,0,48,379.96692239882367,7,0
AF,Air France,LYS,PRG,Czech Republic,Europe,E90,Embraer 190,2005,19,regional_jet,0,100,838.484454112846,181,0
AF,Air France,LYS,PRG,Czech Republic,Europe,CRK,Bombardier CRJ-1000,2010,14,regional_jet,0,100,838.484454112846,181,0
AF,Air France,LYS,TLS,France,Europe,319,Airbus A319,1996,28,narrowbody,0,124,375.0713844623203,83,0
AF,Air France,LYS,TLS,France,Europe,320,Airbus A320,1988,36,narrowbody,0,150,375.0713844623203,83,0
AF,Air France,LYS,TLS,France,Europe,CRK,Bombardier CRJ-1000,2010,14,regional_jet,0,100,375.0713844623203,83,0
AF,Air France,LYS,VCE,Italy,Europe,ER4,Embraer ERJ-145,1996,28,regional_jet,0,50,565.8395778993355,123,0
AF,Air France,LYS,VCE,Italy,Europe,CRK,Bombardier CRJ-1000,2010,14,regional_jet,0,100,565.8395778993355,123,0
AF,Air France,LYS,VIE,Austria,Europe,DH4,Bombardier Dash 8 Q400,2000,24,turboprop,0,78,910.9600222944247,308,0
AF,Air France,LYS,VIE,Austria,Europe,F70,Fokker 70,1994,30,regional_jet,0,79,910.9600222944247,308,0
AF,Air France,MAD,ATL,United States,North America,764,Boeing 767-400,2000,24,widebody,1,245,6961.619005812714,911,0
AF,Air France,MAD,CDG,France,Europe,321,Airbus A321,1994,30,narrowbody,0,185,1064.5128905341448,517,0
AF,Air France,MAD,CDG,France,Europe,320,Airbus A320,1988,36,narrowbody,0,150,1064.5128905341448,517,0
AF,Air France,MAD,CDG,France,Europe,318,Airbus A318,2003,21,narrowbody,0,107,1064.5128905341448,517,0
AF,Air France,MAD,CDG,France,Europe,32A,Airbus A320 (sharklets),1988,36,narrowbody,0,150,1064.5128905341448,517,0
AF,Air France,MAD,CDG,France,Europe,319,Airbus A319,1996,28,narrowbody,0,124,1064.5128905341448,517,0
AF,Air France,MAD,JFK,United States,North America,764,Boeing 767-400,2000,24,widebody,1,245,5762.180228596245,455,0
AF,Air France,MAD,ORY,France,Europe,738,Boeing 737-800,1998,26,narrowbody,0,162,1030.3312220325333,203,0
AF,Air France,MAD,ORY,France,Europe,E90,Embraer 190,2005,19,regional_jet,0,100,1030.3312220325333,203,0
AF,Air France,MAN,ATL,United States,North America,76W,Boeing 767-300ER (winglets),1988,36,widebody,1,218,6580.99385905668,911,0
AF,Air France,MAN,CDG,France,Europe,321,Airbus A321,1994,30,narrowbody,0,185,587.9957805138245,517,0
AF,Air France,MAN,CDG,France,Europe,320,Airbus A320,1988,36,narrowbody,0,150,587.9957805138245,517,0
AF,Air France,MAN,NTE,France,Europe,E75,Embraer 175,2005,19,regional_jet,0,88,691.0711692981455,91,0
AF,Air France,MAN,NTE,France,Europe,DH4,Bombardier Dash 8 Q400,2000,24,turboprop,0,78,691.0711692981455,91,0
AF,Air France,MAO,GRU,Brazil,South America,738,Boeing 737-800,1998,26,narrowbody,0,162,2697.4628817813104,194,0
AF,Air France,MBJ,ATL,United States,North America,M88,McDonnell Douglas MD-88,1987,37,narrowbody,0,150,1802.9418936505351,911,0
AF,Air France,MCI,ATL,United States,North America,M88,McDonnell Douglas MD-88,1987,37,narrowbody,0,150,1113.375497783347,911,0
AF,Air France,MCI,ATL,United States,North America,M90,McDonnell Douglas MD-90,1995,29,narrowbody,0,158,1113.375497783347,911,0
AF,Air France,MCI,ATL,United States,North America,757,Boeing 757-200,1983,41,narrowbody,0,200,1113.375497783347,911,0
AF,Air France,MCO,ATL,United States,North America,757,Boeing 757-200,1983,41,narrowbody,0,200,650.7363446314482,911,0
AF,Air France,MCO,ATL,United States,North America,M88,McDonnell Douglas MD-88,1987,37,narrowbody,0,150,650.7363446314482,911,0
AF,Air France,MCT,DOH,Qatar,Asia,332,Airbus A330-200,1998,26,widebody,1,247,701.1240796001057,188,0
AF,Air France,MDT,ATL,United States,North America,CRJ,Bombardier CRJ-200,1992,32,regional_jet,0,50,997.1336620358046,911,0
AF,Air France,MDW,ATL,United States,North America,320,Airbus A320,1988,36,narrowbody,0,150,951.9605263942913,911,0
AF,Air France,MDW,ATL,United States,North America,319,Airbus A319,1996,28,narrowbody,0,124,951.9605263942913,911,0
AF,Air France,MDW,ATL,United States,North America,717,Boeing 717,1999,25,narrowbody,0,106,951.9605263942913,911,0
AF,Air France,MEM,ATL,United States,North America,320,Airbus A320,1988,36,narrowbody,0,150,532.7925237937135,911,0
AF,Air France,MEM,ATL,United States,North America,M88,McDonnell Douglas MD-88,1987,37,narrowbody,0,150,532.7925237937135,911,0
AF,Air France,MEM,ATL,United States,North America,319,Airbus A319,1996,28,narrowbody,0,124,532.7925237937135,911,0
AF,Air France,MEX,CDG,France,Europe,744,Boeing 747-400,1989,35,widebody,1,416,9198.920117556323,517,0
AF,Air France,MGM,ATL,United States,North America,CRJ,Bombardier CRJ-200,1992,32,regional_jet,0,50,236.0132387800246,911,0
AF,Air France,MIA,ATL,United States,North America,M88,McDonnell Douglas MD-88,1987,37,narrowbody,0,150,959.0645602676874,911,0
AF,Air France,MIA,ATL,United States,North America,757,Boeing 757-200,1983,41,narrowbody,0,200,959.0645602676874,911,0
AF,Air France,MIA,ATL,United States,North America,M90,McDonnell Douglas MD-90,1995,29,narrowbody,0,158,959.0645602676874,911,0
AF,Air France,MIA,ATL,United States,North America,73H,Boeing 737-800 (winglets),1998,26,narrowbody,0,162,959.0645602676874,911,0
AF,Air France,MIA,CDG,France,Europe,77W,Boeing 777-300ER,2004,20,widebody,1,365,7371.472005306019,517,0
AF,Air France,MIA,PAP,Haiti,North America,320,Airbus A320,1988,36,narrowbody,0,150,1148.8990413660704,24,0
AF,Air France,MKE,ATL,United States,North America,M88,McDonnell Douglas MD-88,1987,37,narrowbody,0,150,1078.353344778379,911,0
AF,Air France,MKE,ATL,United States,North America,M90,McDonnell Douglas MD-90,1995,29,narrowbody,0,158,1078.353344778379,911,0
AF,Air France,MLA,CDG,France,Europe,319,Airbus A319,1996,28,narrowbody,0,124,1755.4327753702114,517,0
AF,Air France,MLA,CDG,France,Europe,320,Airbus A320,1988,36,narrowbody,0,150,1755.4327753702114,517,0
AF,Air France,MLA,LYS,France,Europe,320,Airbus A320,1988,36,narrowbody,0,150,1350.6076396147098,140,0
AF,Air France,MLA,ORY,France,Europe,320,Airbus A320,1988,36,narrowbody,0,150,1738.0303969224644,203,0
AF,Air France,MLA,ORY,France,Europe,319,Airbus A319,1996,28,narrowbody,0,124,1738.0303969224644,203,0
AF,Air France,MLA,TLS,France,Europe,320,Airbus A320,1988,36,narrowbody,0,150,1412.6991020550167,83,0
AF,Air France,MLA,TLS,France,Europe,319,Airbus A319,1996,28,narrowbody,0,124,1412.6991020550167,83,0
AF,Air France,MLB,ATL,United States,North America,M88,McDonnell Douglas MD-88,1987,37,narrowbody,0,150,713.283052522829,911,0
AF,Air France,MLI,ATL,United States,North America,CR9,Bombardier CRJ-900,2003,21,regional_jet,0,90,1020.0406541073008,911,0
AF,Air France,MLU,ATL,United States,North America,CRJ,Bombardier CRJ-200,1992,32,regional_jet,0,50,719.8329698416734,911,0
AF,Air France,MNL,TPE,Taiwan,Asia,772,Boeing 777-200,1995,29,widebody,1,314,1175.4407491065485,263,0
AF,Air France,MOB,ATL,United States,North America,CR7,Bombardier CRJ-700,2001,23,regional_jet,0,70,485.9345770414259,911,0
AF,Air France,MOB,ATL,United States,North America,717,Boeing 717,1999,25,narrowbody,0,106,485.9345770414259,911,0
AF,Air France,MOB,ATL,United States,North America,CR9,Bombardier CRJ-900,2003,21,regional_jet,0,90,485.9345770414259,911,0
AF,Air France,MOB,ATL,United States,North America,CRJ,Bombardier CRJ-200,1992,32,regional_jet,0,50,485.9345770414259,911,0
AF,Air France,MPL,CDG,France,Europe,320,Airbus A320,1988,36,narrowbody,0,150,614.161770845712,517,0
AF,Air France,MPL,CDG,France,Europe,318,Airbus A318,2003,21,narrowbody,0,107,614.161770845712,517,0
AF,Air France,MPL,CDG,France,Europe,319,Airbus A319,1996,28,narrowbody,0,124,614.161770845712,517,0
AF,Air France,MPL,CDG,France,Europe,32A,Airbus A320 (sharklets),1988,36,narrowbody,0,150,614.161770845712,517,0
AF,Air France,MPL,FCO,Italy,Europe,E75,Embraer 175,2005,19,regional_jet,0,88,704.3063180395912,331,0
AF,Air France,MPL,FCO,Italy,Europe,E90,Embraer 190,2005,19,regional_jet,0,100,704.3063180395912,331,0
AF,Air France,MPL,ORY,France,Europe,321,Airbus A321,1994,30,narrowbody,0,185,585.1542031068025,203,0
AF,Air France,MPL,ORY,France,Europe,319,Airbus A319,1996,28,narrowbody,0,124,585.1542031068025,203,0
AF,Air France,MPL,ORY,France,Europe,CRK,Bombardier CRJ-1000,2010,14,regional_jet,0,100,585.1542031068025,203,0
AF,Air France,MRS,AJA,France,Europe,320,Airbus A320,1988,36,narrowbody,0,150,337.76273478913697,39,0
AF,Air France,MRS,AJA,France,Europe,AT7,ATR 72,1989,35,turboprop,0,70,337.76273478913697,39,0
AF,Air France,MRS,ALG,Algeria,Africa,320,Airbus A320,1988,36,narrowbody,0,150,769.4774346760329,88,1
AF,Air France,MRS,ALG,Algeria,Africa,319,Airbus A319,1996,28,narrowbody,0,124,769.4774346760329,88,1
AF,Air France,MRS,AMS,Netherlands,Europe,319,Airbus A319,1996,28,narrowbody,0,124,986.8091147715683,450,0
AF,Air France,MRS,ATH,Greece,Europe,319,Airbus A319,1996,28,narrowbody,0,124,1688.4696976267583,206,0
AF,Air France,MRS,BES,France,Europe,319,Airbus A319,1996,28,narrowbody,0,124,929.29648551499,17,0
AF,Air France,MRS,BIA,France,Europe,320,Airbus A320,1988,36,narrowbody,0,150,360.34300626887443,36,0
AF,Air France,MRS,BIQ,France,Europe,320,Airbus A320,1988,36,narrowbody,0,150,544.9224526697573,14,0
AF,Air France,MRS,BIQ,France,Europe,319,Airbus A319,1996,28,narrowbody,0,124,544.9224526697573,14,0
AF,Air France,MRS,BOD,France,Europe,319,Airbus A319,1996,28,narrowbody,0,124,498.2077507379251,67,0
AF,Air France,MRS,BOD,France,Europe,320,Airbus A320,1988,36,narrowbody,0,150,498.2077507379251,67,0
AF,Air France,MRS,CDG,France,Europe,319,Airbus A319,1996,28,narrowbody,0,124,652.8189452394905,517,0
AF,Air France,MRS,CDG,France,Europe,32A,Airbus A320 (sharklets),1988,36,narrowbody,0,150,652.8189452394905,517,0
AF,Air France,MRS,CDG,France,Europe,318,Airbus A318,2003,21,narrowbody,0,107,652.8189452394905,517,0
AF,Air France,MRS,CDG,France,Europe,321,Airbus A321,1994,30,narrowbody,0,185,652.8189452394905,517,0
AF,Air France,MRS,CDG,France,Europe,320,Airbus A320,1988,36,narrowbody,0,150,652.8189452394905,517,0
AF,Air France,MRS,CLY,France,Europe,AT7,ATR 72,1989,35,turboprop,0,70,307.8029371343598,20,0
AF,Air France,MRS,FCO,Italy,Europe,319,Airbus A319,1996,28,narrowbody,0,124,602.2043583254987,331,0
AF,Air France,MRS,FSC,France,Europe,AT7,ATR 72,1989,35,turboprop,0,70,384.0657288257105,14,0
AF,Air France,MRS,IST,Turkey,Asia,320,Airbus A320,1988,36,narrowbody,0,150,1941.8093771228648,361,0
AF,Air France,MRS,LIL,France,Europe,319,Airbus A319,1996,28,narrowbody,0,124,808.434129715049,40,0
AF,Air France,MRS,MXP,Italy,Europe,AT7,ATR 72,1989,35,turboprop,0,70,369.56577555377044,194,0
AF,Air France,MRS,NTE,France,Europe,319,Airbus A319,1996,28,narrowbody,0,124,674.9484788842177,91,0
AF,Air France,MRS,ORY,France,Europe,320,Airbus A320,1988,36,narrowbody,0,150,626.9979249871461,203,0
AF,Air France,MRS,ORY,France,Europe,321,Airbus A321,1994,30,narrowbody,0,185,626.9979249871461,203,0
AF,Air France,MRS,ORY,France,Europe,319,Airbus A319,1996,28,narrowbody,0,124,626.9979249871461,203,0
AF,Air France,MRS,PRG,Czech Republic,Europe,320,Airbus A320,1988,36,narrowbody,0,150,1009.7918710932059,181,0
AF,Air France,MRS,PRG,Czech Republic,Europe,319,Airbus A319,1996,28,narrowbody,0,124,1009.7918710932059,181,0
AF,Air France,MRS,RAK,Morocco,Africa,320,Airbus A320,1988,36,narrowbody,0,150,1755.6528481596104,72,1
AF,Air France,MRS,RNS,France,Europe,319,Airbus A319,1996,28,narrowbody,0,124,745.3228882255771,13,0
AF,Air France,MRS,SVO,Russia,Europe,320,Airbus A320,1988,36,narrowbody,0,150,2666.241277977889,198,0
AF,Air France,MRS,TLV,Israel,Asia,320,Airbus A320,1988,36,narrowbody,0,150,2881.1284921227284,135,0
AF,Air France,MRS,TUN,Tunisia,Africa,319,Airbus A319,1996,28,narrowbody,0,124,846.7827867526153,88,1
AF,Air France,MRS,TUN,Tunisia,Africa,320,Airbus A320,1988,36,narrowbody,0,150,846.7827867526153,88,1
AF,Air France,MRS,TXL,Germany,Europe,320,Airbus A320,1988,36,narrowbody,0,150,1176.7685513854447,210,0
AF,Air France,MRS,TXL,Germany,Europe,319,Airbus A319,1996,28,narrowbody,0,124,1176.7685513854447,210,0
AF,Air France,MRS,VCE,Italy,Europe,320,Airbus A320,1988,36,narrowbody,0,150,610.3704961212043,123,0
AF,Air France,MRS,VCE,Italy,Europe,319,Airbus A319,1996,28,narrowbody,0,124,610.3704961212043,123,0
AF,Air France,MRU,CDG,France,Europe,77W,Boeing 777-300ER,2004,20,widebody,1,365,9447.001904247765,517,0
AF,Air France,MRU,RUN,Reunion,Africa,343,Airbus A340-300,1993,31,widebody,1,277,231.75573980682492,21,1
AF,Air France,MRU,RUN,Reunion,Africa,AT7,ATR 72,1989,35,turboprop,0,70,231.75573980682492,21,1
AF,Air France,MRU,RUN,Reunion,Africa,319,Airbus A319,1996,28,narrowbody,0,124,231.75573980682492,21,1
AF,Air France,MRU,RUN,Reunion,Africa,332,Airbus A330-200,1998,26,widebody,1,247,231.75573980682492,21,1
AF,Air France,MRU,ZSE,Reunion,Africa,AT7,ATR 72,1989,35,turboprop,0,70,254.6989008804274,3,1
AF,Air France,MSN,ATL,United States,North America,CR7,Bombardier CRJ-700,2001,23,regional_jet,0,70,1139.5015096744899,911,0
AF,Air France,MSN,ATL,United States,North America,320,Airbus A320,1988,36,narrowbody,0,150,1139.5015096744899,911,0
AF,Air France,MSN,ATL,United States,North America,CR9,Bombardier CRJ-900,2003,21,regional_jet,0,90,1139.5015096744899,911,0
AF,Air France,MSP,ATL,United States,North America,320,Airbus A320,1988,36,narrowbody,0,150,1459.718127018694,911,0
AF,Air France,MSP,ATL,United States,North America,757,Boeing 757-200,1983,41,narrowbody,0,200,1459.718127018694,911,0
AF,Air France,MSP,ATL,United States,North America,M88,McDonnell Douglas MD-88,1987,37,narrowbody,0,150,1459.718127018694,911,0
AF,Air France,MSP,CDG,France,Europe,332,Airbus A330-200,1998,26,widebody,1,247,6774.75387133001,517,0
AF,Air France,MSP,LAX,United States,North America,757,Boeing 757-200,1983,41,narrowbody,0,200,2467.294174878977,498,0
AF,Air France,MSP,LHR,United Kingdom,Europe,764,Boeing 767-400,2000,24,widebody,1,245,6442.920106923145,524,0
AF,Air France,MSP,MSY,United States,North America,E75,Embraer 175,2005,19,regional_jet,0,88,1675.7693401753959,125,0
AF,Air France,MSP,MSY,United States,North America,CR9,Bombardier CRJ-900,2003,21,regional_jet,0,90,1675.7693401753959,125,0
AF,Air France,MSP,SEA,United States,North America,753,Boeing 757-300,1999,25,narrowbody,0,243,2244.808454894288,202,0
AF,Air France,MSP,SFO,United States,North America,753,Boeing 757-300,1999,25,narrowbody,0,243,2551.388212105805,250,0
AF,Air France,MSY,ATL,United States,North America,M90,McDonnell Douglas MD-90,1995,29,narrowbody,0,158,683.5719060307287,911,0
AF,Air France,MSY,ATL,United States,North America,757,Boeing 757-200,1983,41,narrowbody,0,200,683.5719060307287,911,0
AF,Air France,MSY,ATL,United States,North America,M88,McDonnell Douglas MD-88,1987,37,narrowbody,0,150,683.5719060307287,911,0
AF,Air France,MSY,DTW,United States,North America,319,Airbus A319,1996,28,narrowbody,0,124,1492.2718862170027,217,0
AF,Air France,MSY,DTW,United States,North America,CR7,Bombardier CRJ-700,2001,23,regional_jet,0,70,1492.2718862170027,217,0
AF,Air France,MSY,JFK,United States,North America,CR9,Bombardier CRJ-900,2003,21,regional_jet,0,90,1901.489710510044,455,0
AF,Air France,MSY,MSP,United States,North America,CR9,Bombardier CRJ-900,2003,21,regional_jet,0,90,1675.7693401753959,212,0
AF,Air France,MTY,ATL,United States,North America,CR9,Bombardier CRJ-900,2003,21,regional_jet,0,90,1745.2431573265299,911,0
AF,Air France,MUC,ATL,United States,North America,764,Boeing 767-400,2000,24,widebody,1,245,7701.967004873525,911,0
AF,Air France,MUC,CDG,France,Europe,320,Airbus A320,1988,36,narrowbody,0,150,681.5692457340275,517,0
AF,Air France,MUC,CDG,France,Europe,319,Airbus A319,1996,28,narrowbody,0,124,681.5692457340275,517,0
AF,Air France,MUC,CDG,France,Europe,318,Airbus A318,2003,21,narrowbody,0,107,681.5692457340275,517,0
AF,Air France,MUC,CDG,France,Europe,32A,Airbus A320 (sharklets),1988,36,narrowbody,0,150,681.5692457340275,517,0
AF,Air France,MUC,CDG,France,Europe,321,Airbus A321,1994,30,narrowbody,0,185,681.5692457340275,517,0
AF,Air France,MVD,EZE,Argentina,South America,772,Boeing 777-200,1995,29,widebody,1,314,228.64265544934918,74,0
AF,Air France,MXP,LYS,France,Europe,ER4,Embraer ERJ-145,1996,28,regional_jet,0,50,283.50989282007583,140,0
AF,Air France,MXP,LYS,France,Europe,CRJ,Bombardier CRJ-200,1992,32,regional_jet,0,50,283.50989282007583,140,0
AF,Air France,MXP,MRS,France,Europe,AT7,ATR 72,1989,35,turboprop,0,70,369.56577555377044,129,0
AF,Air France,MXP,NTE,France,Europe,ER4,Embraer ERJ-145,1996,28,regional_jet,0,50,810.1456575955751,91,0
AF,Air France,MYR,ATL,United States,North America,717,Boeing 717,1999,25,narrowbody,0,106,508.99139141477025,911,0
AF,Air France,MYR,ATL,United States,North America,CR9,Bombardier CRJ-900,2003,21,regional_jet,0,90,508.99139141477025,911,0
AF,Air France,MYR,ATL,United States,North America,319,Airbus A319,1996,28,narrowbody,0,124,508.99139141477025,911,0
AF,Air France,NAP,CDG,France,Europe,321,Airbus A321,1994,30,narrowbody,0,185,1289.6058099568643,517,0
AF,Air France,NAS,ATL,United States,North America,M88,McDonnell Douglas MD-88,1987,37,narrowbody,0,150,1169.4387087746934,911,0
AF,Air France,NBO,CDG,France,Europe,763,Boeing 767-300,1986,38,widebody,1,218,6495.136685563152,517,0
AF,Air France,NBO,DZA,Mayotte,Africa,73W,Boeing 737-700 (winglets),1998,26,narrowbody,0,143,1574.08941437622,15,1
AF,Air France,NBO,HRE,Zimbabwe,Africa,763,Boeing 767-300,1986,38,widebody,1,218,1954.056875444751,31,1
AF,Air France,NBO,KGL,Rwanda,Africa,E70,Embraer 170,2004,20,regional_jet,0,76,757.9567739118683,38,1
AF,Air France,NBO,LLW,Malawi,Africa,E90,Embraer 190,2005,19,regional_jet,0,100,1429.1709689965403,13,1
AF,Air France,NBO,LUN,Zambia,Africa,738,Boeing 737-800,1998,26,narrowbody,0,162,1814.4570142237988,33,1
AF,Air France,NBO,LUN,Zambia,Africa,E90,Embraer 190,2005,19,regional_jet,0,100,1814.4570142237988,33,1
AF,Air France,NBO,LVI,Zambia,Africa,E90,Embraer 190,2005,19,regional_jet,0,100,2199.682768799108,7,1
AF,Air France,NBS,SHE,China,Asia,320,Airbus A320,1988,36,narrowbody,0,150,344.4257553659018,136,0
AF,Air France,NCE,AJA,France,Europe,AT7,ATR 72,1989,35,turboprop,0,70,232.32835493983816,39,0
AF,Air France,NCE,AMS,Netherlands,Europe,E90,Embraer 190,2005,19,regional_jet,0,100,978.8644304917758,450,0
AF,Air France,NCE,AMS,Netherlands,Europe,73W,Boeing 737-700 (winglets),1998,26,narrowbody,0,143,978.8644304917758,450,0
AF,Air France,NCE,AMS,Netherlands,Europe,73H,Boeing 737-800 (winglets),1998,26,narrowbody,0,162,978.8644304917758,450,0
AF,Air France,NCE,BIA,France,Europe,AT7,ATR 72,1989,35,turboprop,0,70,221.37644200015583,36,0
AF,Air France,NCE,CDG,France,Europe,320,Airbus A320,1988,36,narrowbody,0,150,694.5188488423612,517,0
AF,Air France,NCE,CDG,France,Europe,318,Airbus A318,2003,21,narrowbody,0,107,694.5188488423612,517,0
AF,Air France,NCE,CDG,France,Europe,321,Airbus A321,1994,30,narrowbody,0,185,694.5188488423612,517,0
AF,Air France,NCE,CDG,France,Europe,319,Airbus A319,1996,28,narrowbody,0,124,694.5188488423612,517,0
AF,Air France,NCE,CLY,France,Europe,AT7,ATR 72,1989,35,turboprop,0,70,179.71729000283173,20,0
AF,Air France,NCE,FCO,Italy,Europe,319,Airbus A319,1996,28,narrowbody,0,124,459.25765499825184,331,0
AF,Air France,NCE,FCO,Italy,Europe,32S,Airbus A320 family,1988,36,narrowbody,0,150,459.25765499825184,331,0
AF,Air France,NCE,FCO,Italy,Europe,E75,Embraer 175,2005,19,regional_jet,0,88,459.25765499825184,331,0
AF,Air France,NCE,FCO,Italy,Europe,321,Airbus A321,1994,30,narrowbody,0,185,459.25765499825184,331,0
AF,Air France,NCE,FCO,Italy,Europe,E90,Embraer 190,2005,19,regional_jet,0,100,459.25765499825184,331,0
AF,Air France,NCE,FSC,France,Europe,AT7,ATR 72,1989,35,turboprop,0,70,285.13343357410537,14,0
AF,Air France,NCE,JFK,United States,North America,764,Boeing 767-400,2000,24,widebody,1,245,6406.84132163441,455,0
AF,Air France,NCE,LIL,France,Europe,319,Airbus A319,1996,28,narrowbody,0,124,828.6083938118073,40,0
AF,Air France,NCE,LIL,France,Europe,320,Airbus A320,1988,36,narrowbody,0,150,828.6083938118073,40,0
AF,Air France,NCE,LYS,France,Europe,320,Airbus A320,1988,36,narrowbody,0,150,285.12576321087124,140,0
AF,Air France,NCE,LYS,France,Europe,319,Airbus A319,1996,28,narrowbody,0,124,285.12576321087124,140,0
AF,Air France,NCE,NTE,France,Europe,320,Airbus A320,1988,36,narrowbody,0,150,790.4158070117757,91,0
AF,Air France,NCE,NTE,France,Europe,319,Airbus A319,1996,28,narrowbody,0,124,790.4158070117757,91,0
AF,Air France,NCE,ORY,France,Europe,319,Airbus A319,1996,28,narrowbody,0,124,674.8023266453688,203,0
AF,Air France,NCE,ORY,France,Europe,320,Airbus A320,1988,36,narrowbody,0,150,674.8023266453688,203,0
AF,Air France,NCE,ORY,France,Europe,321,Airbus A321,1994,30,narrowbody,0,185,674.8023266453688,203,0
AF,Air France,NCE,SOU,United Kingdom,Europe,E95,Embraer 195,2006,18,regional_jet,0,108,1035.5107501463235,33,0
AF,Air France,NCE,SXB,France,Europe,320,Airbus A320,1988,36,narrowbody,0,150,543.5482467276425,35,0
AF,Air France,NCE,SXB,France,Europe,319,Airbus A319,1996,28,narrowbody,0,124,543.5482467276425,35,0
AF,Air France,NCE,TLV,Israel,Asia,320,Airbus A320,1988,36,narrowbody,0,150,2735.203031949714,135,0
AF,Air France,NCE,VCE,Italy,Europe,320,Airbus A320,1988,36,narrowbody,0,150,455.5463569179547,123,0
AF,Air France,NCL,CDG,France,Europe,AR8,Avro RJ85 (BAe 146),1993,31,regional_jet,0,100,729.7454393905533,517,0
AF,Air France,NDJ,CDG,France,Europe,332,Airbus A330-200,1998,26,widebody,1,247,4259.114025393897,517,0
AF,Air France,NIM,CDG,France,Europe,332,Airbus A330-200,1998,26,widebody,1,247,3951.043036916402,517,0
AF,Air France,NIM,CDG,France,Europe,343,Airbus A340-300,1993,31,widebody,1,277,3951.043036916402,517,0
AF,Air France,NIM,OUA,Burkina Faso,Africa,332,Airbus A330-200,1998,26,widebody,1,247,419.75653188291676,33,1
AF,Air France,NKC,CDG,France,Europe,332,Airbus A330-200,1998,26,widebody,1,247,3797.1871792111883,517,0
AF,Air France,NKC,CKY,Guinea,Africa,332,Airbus A330-200,1998,26,widebody,1,247,1003.7843492374948,18,1
AF,Air France,NRT,CDG,France,Europe,77W,Boeing 777-300ER,2004,20,widebody,1,365,9709.928909737657,517,0
AF,Air France,NRT,CDG,France,Europe,788,Boeing 787-8,2011,13,widebody,1,242,9709.928909737657,517,0
AF,Air France,NRT,CDG,France,Europe,388,Airbus A380-800,2007,17,widebody,1,525,9709.928909737657,517,0
AF,Air France,NRT,SPN,Northern Mariana Islands,Oceania,752,Boeing 757-200,1983,41,narrowbody,0,200,2356.429190239248,10,0
AF,Air France,NSI,CDG,France,Europe,772,Boeing 777-200,1995,29,widebody,1,314,5107.935358332979,517,0
AF,Air France,NTE,AJA,France,Europe,320,Airbus A320,1988,36,narrowbody,0,150,1008.2645470427656,39,0
AF,Air France,NTE,AMS,Netherlands,Europe,ER4,Embraer ERJ-145,1996,28,regional_jet,0,50,733.2666987433632,450,0
AF,Air France,NTE,BIA,France,Europe,320,Airbus A320,1988,36,narrowbody,0,150,1011.7871394839487,36,0
AF,Air France,NTE,BOD,France,Europe,ER4,Embraer ERJ-145,1996,28,regional_jet,0,50,267.6020042045372,67,0
AF,Air France,NTE,BRU,Belgium,Europe,ER4,Embraer ERJ-145,1996,28,regional_jet,0,50,608.886239082965,315,0
AF,Air France,NTE,CDG,France,Europe,321,Airbus A321,1994,30,narrowbody,0,185,371.7828281368194,517,0
AF,Air France,NTE,CDG,France,Europe,318,Airbus A318,2003,21,narrowbody,0,107,371.7828281368194,517,0
AF,Air France,NTE,CDG,France,Europe,319,Airbus A319,1996,28,narrowbody,0,124,371.7828281368194,517,0
AF,Air France,NTE,CDG,France,Europe,320,Airbus A320,1988,36,narrowbody,0,150,371.7828281368194,517,0
AF,Air France,NTE,DUS,Germany,Europe,ER4,Embraer ERJ-145,1996,28,regional_jet,0,50,761.9261307588249,285,0
AF,Air France,NTE,LCY,United Kingdom,Europe,AR8,Avro RJ85 (BAe 146),1993,31,regional_jet,0,100,498.72788787241063,66,0
AF,Air France,NTE,LCY,United Kingdom,Europe,F50,Fokker 50,1987,37,turboprop,0,56,498.72788787241063,66,0
AF,Air France,NTE,MAN,United Kingdom,Europe,E75,Embraer 175,2005,19,regional_jet,0,88,691.0711692981455,311,0
AF,Air France,NTE,MAN,United Kingdom,Europe,DH4,Bombardier Dash 8 Q400,2000,24,turboprop,0,78,691.0711692981455,311,0
AF,Air France,NTE,MRS,France,Europe,319,Airbus A319,1996,28,narrowbody,0,124,674.9484788842177,129,0
AF,Air France,NTE,MXP,Italy,Europe,ER4,Embraer ERJ-145,1996,28,regional_jet,0,50,810.1456575955751,194,0
AF,Air France,NTE,NCE,France,Europe,320,Airbus A320,1988,36,narrowbody,0,150,790.4158070117757,134,0
AF,Air France,NTE,NCE,France,Europe,319,Airbus A319,1996,28,narrowbody,0,124,790.4158070117757,134,0
AF,Air France,NTE,ORY,France,Europe,AT5,ATR 42-500,1995,29,turboprop,0,48,344.6562330751841,203,0
AF,Air France,NTE,SOU,United Kingdom,Europe,DH4,Bombardier Dash 8 Q400,2000,24,turboprop,0,78,422.62285061846075,33,0
AF,Air France,NUE,CDG,France,Europe,E70,Embraer 170,2004,20,regional_jet,0,76,620.9422392432726,517,0
AF,Air France,OAJ,ATL,United States,North America,CRJ,Bombardier CRJ-200,1992,32,regional_jet,0,50,640.3389285403601,911,0
AF,Air France,OKC,ATL,United States,North America,M88,McDonnell Douglas MD-88,1987,37,narrowbody,0,150,1221.6451687396157,911,0
AF,Air France,OKC,ATL,United States,North America,CR9,Bombardier CRJ-900,2003,21,regional_jet,0,90,1221.6451687396157,911,0
AF,Air France,OMA,ATL,United States,North America,CR7,Bombardier CRJ-700,2001,23,regional_jet,0,70,1321.0472363918216,911,0
AF,Air France,OMA,ATL,United States,North America,M88,McDonnell Douglas MD-88,1987,37,narrowbody,0,150,1321.0472363918216,911,0
AF,Air France,ORD,ATL,United States,North America,717,Boeing 717,1999,25,narrowbody,0,106,976.3278291656196,911,0
AF,Air France,ORD,ATL,United States,North America,M88,McDonnell Douglas MD-88,1987,37,narrowbody,0,150,976.3278291656196,911,0
AF,Air France,ORD,CDG,France,Europe,332,Airbus A330-200,1998,26,widebody,1,247,6664.207933200134,517,0
AF,Air France,ORF,ATL,United States,North America,M88,McDonnell Douglas MD-88,1987,37,narrowbody,0,150,829.7069492609256,911,0
AF,Air France,ORF,ATL,United States,North America,M90,McDonnell Douglas MD-90,1995,29,narrowbody,0,158,829.7069492609256,911,0
AF,Air France,ORF,ATL,United States,North America,319,Airbus A319,1996,28,narrowbody,0,124,829.7069492609256,911,0
AF,Air France,ORY,AJA,France,Europe,321,Airbus A321,1994,30,narrowbody,0,185,906.9422322787123,39,0
AF,Air France,ORY,AJA,France,Europe,320,Airbus A320,1988,36,narrowbody,0,150,906.9422322787123,39,0
AF,Air France,ORY,AJA,France,Europe,319,Airbus A319,1996,28,narrowbody,0,124,906.9422322787123,39,0
AF,Air France,ORY,BES,France,Europe,CRK,Bombardier CRJ-1000,2010,14,regional_jet,0,100,500.7988928284879,17,0
AF,Air France,ORY,BES,France,Europe,319,Airbus A319,1996,28,narrowbody,0,124,500.7988928284879,17,0
AF,Air France,ORY,BIA,France,Europe,321,Airbus A321,1994,30,narrowbody,0,185,880.0240839367119,36,0
AF,Air France,ORY,BIA,France,Europe,319,Airbus A319,1996,28,narrowbody,0,124,880.0240839367119,36,0
AF,Air France,ORY,BIQ,France,Europe,319,Airbus A319,1996,28,narrowbody,0,124,657.3256204031476,14,0
AF,Air France,ORY,BIQ,France,Europe,321,Airbus A321,1994,30,narrowbody,0,185,657.3256204031476,14,0
AF,Air France,ORY,BIQ,France,Europe,CRK,Bombardier CRJ-1000,2010,14,regional_jet,0,100,657.3256204031476,14,0
AF,Air France,ORY,BIQ,France,Europe,320,Airbus A320,1988,36,narrowbody,0,150,657.3256204031476,14,0
AF,Air France,ORY,BOD,France,Europe,321,Airbus A321,1994,30,narrowbody,0,185,492.9824875070294,67,0
AF,Air France,ORY,BOD,France,Europe,319,Airbus A319,1996,28,narrowbody,0,124,492.9824875070294,67,0
AF,Air France,ORY,BOD,France,Europe,320,Airbus A320,1988,36,narrowbody,0,150,492.9824875070294,67,0
AF,Air France,ORY,CAY,French Guiana,South America,343,Airbus A340-300,1993,31,widebody,1,277,7086.21954863953,7,0
AF,Air France,ORY,CFE,France,Europe,CRK,Bombardier CRJ-1000,2010,14,regional_jet,0,100,331.9282057368756,9,0
AF,Air France,ORY,CFE,France,Europe,AT7,ATR 72,1989,35,turboprop,0,70,331.9282057368756,9,0
AF,Air France,ORY,CLY,France,Europe,320,Airbus A320,1988,36,narrowbody,0,150,850.1405989552774,20,0
AF,Air France,ORY,CLY,France,Europe,319,Airbus A319,1996,28,narrowbody,0,124,850.1405989552774,20,0
AF,Air France,ORY,CWL,United Kingdom,Europe,F50,Fokker 50,1987,37,turboprop,0,56,504.9910876854717,31,0
AF,Air France,ORY,FDF,Martinique,North America,77W,Boeing 777-300ER,2004,20,widebody,1,365,6851.555227120611,23,0
AF,Air France,ORY,LCY,United Kingdom,Europe,F50,Fokker 50,1987,37,turboprop,0,56,350.89188932438594,66,0
AF,Air France,ORY,LIN,Italy,Europe,320,Airbus A320,1988,36,narrowbody,0,150,636.4680649834,60,0
AF,Air France,ORY,LIN,Italy,Europe,32S,Airbus A320 family,1988,36,narrowbody,0,150,636.4680649834,60,0
AF,Air France,ORY,LIN,Italy,Europe,319,Airbus A319,1996,28,narrowbody,0,124,636.4680649834,60,0
AF,Air France,ORY,LYS,France,Europe,CRK,Bombardier CRJ-1000,2010,14,regional_jet,0,100,390.7561707561108,140,0
AF,Air France,ORY,MAD,Spain,Europe,E90,Embraer 190,2005,19,regional_jet,0,100,1030.3312220325333,331,0
AF,Air France,ORY,MAD,Spain,Europe,738,Boeing 737-800,1998,26,narrowbody,0,162,1030.3312220325333,331,0
AF,Air France,ORY,MLA,Malta,Europe,320,Airbus A320,1988,36,narrowbody,0,150,1738.0303969224644,113,0
AF,Air France,ORY,MLA,Malta,Europe,319,Airbus A319,1996,28,narrowbody,0,124,1738.0303969224644,113,0
AF,Air France,ORY,MPL,France,Europe,319,Airbus A319,1996,28,narrowbody,0,124,585.1542031068025,24,0
AF,Air France,ORY,MPL,France,Europe,CRK,Bombardier CRJ-1000,2010,14,regional_jet,0,100,585.1542031068025,24,0
AF,Air France,ORY,MPL,France,Europe,321,Airbus A321,1994,30,narrowbody,0,185,585.1542031068025,24,0
AF,Air France,ORY,MRS,France,Europe,321,Airbus A321,1994,30,narrowbody,0,185,626.9979249871461,129,0
AF,Air France,ORY,MRS,France,Europe,320,Airbus A320,1988,36,narrowbody,0,150,626.9979249871461,129,0
AF,Air France,ORY,MRS,France,Europe,319,Airbus A319,1996,28,narrowbody,0,124,626.9979249871461,129,0
AF,Air France,ORY,NCE,France,Europe,320,Airbus A320,1988,36,narrowbody,0,150,674.8023266453688,134,0
AF,Air France,ORY,NCE,France,Europe,319,Airbus A319,1996,28,narrowbody,0,124,674.8023266453688,134,0
AF,Air France,ORY,NCE,France,Europe,321,Airbus A321,1994,30,narrowbody,0,185,674.8023266453688,134,0
AF,Air France,ORY,NTE,France,Europe,AT5,ATR 42-500,1995,29,turboprop,0,48,344.6562330751841,91,0
AF,Air France,ORY,PMI,Spain,Europe,E90,Embraer 190,2005,19,regional_jet,0,100,1020.2388588877659,277,0
AF,Air France,ORY,PMI,Spain,Europe,738,Boeing 737-800,1998,26,narrowbody,0,162,1020.2388588877659,277,0
AF,Air France,ORY,PTP,Guadeloupe,North America,77W,Boeing 777-300ER,2004,20,widebody,1,365,6752.38812135895,29,0
AF,Air France,ORY,PUF,France,Europe,319,Airbus A319,1996,28,narrowbody,0,124,632.0542346608552,5,0
AF,Air France,ORY,PUF,France,Europe,CRK,Bombardier CRJ-1000,2010,14,regional_jet,0,100,632.0542346608552,5,0
AF,Air France,ORY,RUN,Reunion,Africa,77W,Boeing 777-300ER,2004,20,widebody,1,365,9357.482277252044,21,1
AF,Air France,ORY,SOU,United Kingdom,Europe,DH4,Bombardier Dash 8 Q400,2000,24,turboprop,0,78,364.7680521526573,33,0
AF,Air France,ORY,SXB,France,Europe,CRK,Bombardier CRJ-1000,2010,14,regional_jet,0,100,386.20308045088586,35,0
AF,Air France,ORY,SXB,France,Europe,AT7,ATR 72,1989,35,turboprop,0,70,386.20308045088586,35,0
AF,Air France,ORY,TLN,France,Europe,CRK,Bombardier CRJ-1000,2010,14,regional_jet,0,100,689.9105179171728,3,0
AF,Air France,ORY,TLN,France,Europe,319,Airbus A319,1996,28,narrowbody,0,124,689.9105179171728,3,0
AF,Air France,ORY,TLN,France,Europe,321,Airbus A321,1994,30,narrowbody,0,185,689.9105179171728,3,0
AF,Air France,ORY,TLN,France,Europe,320,Airbus A320,1988,36,narrowbody,0,150,689.9105179171728,3,0
AF,Air France,ORY,TLS,France,Europe,320,Airbus A320,1988,36,narrowbody,0,150,571.8099541666345,83,0
AF,Air France,ORY,TLS,France,Europe,319,Airbus A319,1996,28,narrowbody,0,124,571.8099541666345,83,0
AF,Air France,ORY,TLS,France,Europe,321,Airbus A321,1994,30,narrowbody,0,185,571.8099541666345,83,0
AF,Air France,OSL,CDG,France,Europe,E90,Embraer 190,2005,19,regional_jet,0,100,1348.7166008131449,517,0
AF,Air France,OTP,CDG,France,Europe,321,Airbus A321,1994,30,narrowbody,0,185,1850.1330185953934,517,0
AF,Air France,OTP,CDG,France,Europe,320,Airbus A320,1988,36,narrowbody,0,150,1850.1330185953934,517,0
AF,Air France,OTP,CDG,France,Europe,319,Airbus A319,1996,28,narrowbody,0,124,1850.1330185953934,517,0
AF,Air France,OUA,CDG,France,Europe,343,Airbus A340-300,1993,31,widebody,1,277,4093.5078449195094,517,0
AF,Air France,OUA,NIM,Niger,Africa,332,Airbus A330-200,1998,26,widebody,1,247,419.75653188291676,17,1
AF,Air France,PAP,JFK,United States,North America,738,Boeing 737-800,1998,26,narrowbody,0,162,2457.0402754190354,455,0
AF,Air France,PAP,MIA,United States,North America,32A,Airbus A320 (sharklets),1988,36,narrowbody,0,150,1148.8990413660704,366,0
AF,Air France,PAP,MIA,United States,North America,320,Airbus A320,1988,36,narrowbody,0,150,1148.8990413660704,366,0
AF,Air France,PAP,PTP,Guadeloupe,North America,320,Airbus A320,1988,36,narrowbody,0,150,1170.049557149833,29,0
AF,Air France,PBI,ATL,United States,North America,M90,McDonnell Douglas MD-90,1995,29,narrowbody,0,158,877.9982503333684,911,0
AF,Air France,PBI,ATL,United States,North America,757,Boeing 757-200,1983,41,narrowbody,0,200,877.9982503333684,911,0
AF,Air France,PDX,ATL,United States,North America,739,Boeing 737-900,2001,23,narrowbody,0,177,3489.1612400893214,911,0
AF,Air France,PDX,ATL,United States,North America,738,Boeing 737-800,1998,26,narrowbody,0,162,3489.1612400893214,911,0
AF,Air France,PDX,ATL,United States,North America,73H,Boeing 737-800 (winglets),1998,26,narrowbody,0,162,3489.1612400893214,911,0
AF,Air France,PEK,CDG,France,Europe,77W,Boeing 777-300ER,2004,20,widebody,1,365,8188.745706047514,517,0
AF,Air France,PEK,CDG,France,Europe,772,Boeing 777-200,1995,29,widebody,1,314,8188.745706047514,517,0
AF,Air France,PHC,ABV,Nigeria,Africa,332,Airbus A330-200,1998,26,widebody,1,247,445.1590343192692,30,1
AF,Air France,PHF,ATL,United States,North America,CRJ,Bombardier CRJ-200,1992,32,regional_jet,0,50,817.2204221283627,911,0
AF,Air France,PHL,ATL,United States,North America,M90,McDonnell Douglas MD-90,1995,29,narrowbody,0,158,1071.592953109364,911,0
AF,Air France,PHL,ATL,United States,North America,320,Airbus A320,1988,36,narrowbody,0,150,1071.592953109364,911,0
AF,Air France,PHL,ATL,United States,North America,738,Boeing 737-800,1998,26,narrowbody,0,162,1071.592953109364,911,0
AF,Air France,PHL,ATL,United States,North America,73H,Boeing 737-800 (winglets),1998,26,narrowbody,0,162,1071.592953109364,911,0
AF,Air France,PHL,CDG,France,Europe,752,Boeing 757-200,1983,41,narrowbody,0,200,5984.133567554778,517,0
AF,Air France,PHX,ATL,United States,North America,757,Boeing 757-200,1983,41,narrowbody,0,200,2549.081233958843,911,0
AF,Air France,PHX,ATL,United States,North America,739,Boeing 737-900,2001,23,narrowbody,0,177,2549.081233958843,911,0
AF,Air France,PIA,ATL,United States,North America,CRJ,Bombardier CRJ-200,1992,32,regional_jet,0,50,909.7134603806975,911,0
AF,Air France,PIS,LRH,France,Europe,AT5,ATR 42-500,1995,29,turboprop,0,48,123.83610765336782,10,0
AF,Air France,PIS,LYS,France,Europe,AT5,ATR 42-500,1995,29,turboprop,0,48,379.96692239882367,140,0
AF,Air France,PIT,ATL,United States,North America,M88,McDonnell Douglas MD-88,1987,37,narrowbody,0,150,847.9783528811499,911,0
AF,Air France,PIT,ATL,United States,North America,CR9,Bombardier CRJ-900,2003,21,regional_jet,0,90,847.9783528811499,911,0
AF,Air France,PIT,ATL,United States,North America,717,Boeing 717,1999,25,narrowbody,0,106,847.9783528811499,911,0
AF,Air France,PIT,CDG,France,Europe,752,Boeing 757-200,1983,41,narrowbody,0,200,6275.769724540062,517,0
AF,Air France,PMI,ORY,France,Europe,E90,Embraer 190,2005,19,regional_jet,0,100,1020.2388588877659,203,0
AF,Air France,PMI,ORY,France,Europe,738,Boeing 737-800,1998,26,narrowbody,0,162,1020.2388588877659,203,0
AF,Air France,PNR,CDG,France,Europe,332,Airbus A330-200,1998,26,widebody,1,247,6053.5612364018125,517,0
AF,Air France,PNS,ATL,United States,North America,M90,McDonnell Douglas MD-90,1995,29,narrowbody,0,158,437.3380279892479,911,0
AF,Air France,PPT,LAX,United States,North America,772,Boeing 777-200,1995,29,widebody,1,314,6611.4157208335255,498,0
AF,Air France,PRG,CDG,France,Europe,321,Airbus A321,1994,30,narrowbody,0,185,852.3710112360449,517,0
AF,Air France,PRG,CDG,France,Europe,320,Airbus A320,1988,36,narrowbody,0,150,852.3710112360449,517,0
AF,Air France,PRG,CDG,France,Europe,32A,Airbus A320 (sharklets),1988,36,narrowbody,0,150,852.3710112360449,517,0
AF,Air France,PRG,LYS,France,Europe,E90,Embraer 190,2005,19,regional_jet,0,100,838.484454112846,140,0
AF,Air France,PRG,LYS,France,Europe,CRK,Bombardier CRJ-1000,2010,14,regional_jet,0,100,838.484454112846,140,0
AF,Air France,PRG,MRS,France,Europe,320,Airbus A320,1988,36,narrowbody,0,150,1009.7918710932059,129,0
AF,Air France,PRG,MRS,France,Europe,319,Airbus A319,1996,28,narrowbody,0,124,1009.7918710932059,129,0
AF,Air France,PTP,FDF,Martinique,North America,32A,Airbus A320 (sharklets),1988,36,narrowbody,0,150,194.60395223960677,23,0
AF,Air France,PTP,FDF,Martinique,North America,AT5,ATR 42-500,1995,29,turboprop,0,48,194.60395223960677,23,0
AF,Air France,PTP,FDF,Martinique,North America,320,Airbus A320,1988,36,narrowbody,0,150,194.60395223960677,23,0
AF,Air France,PTP,ORY,France,Europe,77W,Boeing 777-300ER,2004,20,widebody,1,365,6752.38812135895,203,0
AF,Air France,PTP,PAP,Haiti,North America,32A,Airbus A320 (sharklets),1988,36,narrowbody,0,150,1170.049557149833,24,0
AF,Air France,PTP,PAP,Haiti,North America,320,Airbus A320,1988,36,narrowbody,0,150,1170.049557149833,24,0
AF,Air France,PTP,SDQ,Dominican Republic,North America,AT5,ATR 42-500,1995,29,turboprop,0,48,896.4285869040822,48,0
AF,Air France,PTY,ATL,United States,North America,738,Boeing 737-800,1998,26,narrowbody,0,162,2779.9424541114654,911,0
AF,Air France,PTY,CDG,France,Europe,772,Boeing 777-200,1995,29,widebody,1,314,8660.257670954368,517,0
AF,Air France,PUF,CDG,France,Europe,E90,Embraer 190,2005,19,regional_jet,0,100,666.5741161796791,517,0
AF,Air France,PUF,ORY,France,Europe,319,Airbus A319,1996,28,narrowbody,0,124,632.0542346608552,203,0
AF,Air France,PUF,ORY,France,Europe,CRK,Bombardier CRJ-1000,2010,14,regional_jet,0,100,632.0542346608552,203,0
AF,Air France,PUJ,CDG,France,Europe,744,Boeing 747-400,1989,35,widebody,1,416,7078.846790853881,517,0
AF,Air France,PUJ,SDQ,Dominican Republic,North America,744,Boeing 747-400,1989,35,widebody,1,416,138.51268223893422,48,0
AF,Air France,PVD,ATL,United States,North America,M88,McDonnell Douglas MD-88,1987,37,narrowbody,0,150,1453.4222437163291,911,0
AF,Air France,PVG,CDG,France,Europe,772,Boeing 777-200,1995,29,widebody,1,314,9266.4398326366,517,0
AF,Air France,PVG,CDG,France,Europe,77W,Boeing 777-300ER,2004,20,widebody,1,365,9266.4398326366,517,0
AF,Air France,PVG,CDG,France,Europe,388,Airbus A380-800,2007,17,widebody,1,525,9266.4398326366,517,0
AF,Air France,PVR,ATL,United States,North America,757,Boeing 757-200,1983,41,narrowbody,0,200,2505.7144732166253,911,0
AF,Air France,RAK,MRS,France,Europe,320,Airbus A320,1988,36,narrowbody,0,150,1755.6528481596104,129,0
AF,Air France,RAK,TLS,France,Europe,319,Airbus A319,1996,28,narrowbody,0,124,1570.0146953799003,83,0
AF,Air France,RAK,TLS,France,Europe,320,Airbus A320,1988,36,narrowbody,0,150,1570.0146953799003,83,0
AF,Air France,RBA,CDG,France,Europe,319,Airbus A319,1996,28,narrowbody,0,124,1831.6768443276155,517,0
AF,Air France,RBA,CDG,France,Europe,320,Airbus A320,1988,36,narrowbody,0,150,1831.6768443276155,517,0
AF,Air France,RDU,ATL,United States,North America,752,Boeing 757-200,1983,41,narrowbody,0,200,572.24839306195,911,0
AF,Air France,RDU,ATL,United States,North America,M88,McDonnell Douglas MD-88,1987,37,narrowbody,0,150,572.24839306195,911,0
AF,Air France,RDU,ATL,United States,North America,M90,McDonnell Douglas MD-90,1995,29,narrowbody,0,158,572.24839306195,911,0
AF,Air France,RDU,ATL,United States,North America,739,Boeing 737-900,2001,23,narrowbody,0,177,572.24839306195,911,0
AF,Air France,REP,HAN,Vietnam,Asia,321,Airbus A321,1994,30,narrowbody,0,185,893.8607766844056,87,0
AF,Air France,RIC,ATL,United States,North America,M90,McDonnell Douglas MD-90,1995,29,narrowbody,0,158,773.1799646136883,911,0
AF,Air France,RIC,ATL,United States,North America,M88,McDonnell Douglas MD-88,1987,37,narrowbody,0,150,773.1799646136883,911,0
AF,Air France,RIC,ATL,United States,North America,73H,Boeing 737-800 (winglets),1998,26,narrowbody,0,162,773.1799646136883,911,0
AF,Air France,RIX,CDG,France,Europe,733,Boeing 737-300,1984,40,narrowbody,0,140,1672.0898432648983,517,0
AF,Air France,RIX,CDG,France,Europe,735,Boeing 737-500,1990,34,narrowbody,0,122,1672.0898432648983,517,0
AF,Air France,RNS,CDG,France,Europe,AT7,ATR 72,1989,35,turboprop,0,70,332.37286665996277,517,0
AF,Air France,RNS,EXT,United Kingdom,Europe,DH4,Bombardier Dash 8 Q400,2000,24,turboprop,0,78,320.2430987316398,24,0
AF,Air France,RNS,MRS,France,Europe,319,Airbus A319,1996,28,narrowbody,0,124,745.3228882255771,129,0
AF,Air France,RNS,SOU,United Kingdom,Europe,DH4,Bombardier Dash 8 Q400,2000,24,turboprop,0,78,321.48936834467526,33,0
AF,Air France,ROA,ATL,United States,North America,CRJ,Bombardier CRJ-200,1992,32,regional_jet,0,50,575.0017892715338,911,0
AF,Air France,ROB,FNA,Sierra Leone,Africa,332,Airbus A330-200,1998,26,widebody,1,247,409.5954725444466,22,1
AF,Air France,ROC,ATL,United States,North America,M88,McDonnell Douglas MD-88,1987,37,narrowbody,0,150,1206.6707367402778,911,0
AF,Air France,ROC,ATL,United States,North America,M90,McDonnell Douglas MD-90,1995,29,narrowbody,0,158,1206.6707367402778,911,0
AF,Air France,ROR,NRT,Japan,Asia,752,Boeing 757-200,1983,41,narrowbody,0,200,3213.1829637367828,289,0
AF,Air France,RSW,ATL,United States,North America,M90,McDonnell Douglas MD-90,1995,29,narrowbody,0,158,830.2624833138959,911,0
AF,Air France,RSW,ATL,United States,North America,757,Boeing 757-200,1983,41,narrowbody,0,200,830.2624833138959,911,0
AF,Air France,RSW,ATL,United States,North America,M88,McDonnell Douglas MD-88,1987,37,narrowbody,0,150,830.2624833138959,911,0
AF,Air France,RTM,LCY,United Kingdom,Europe,F50,Fokker 50,1987,37,turboprop,0,56,305.8797704436695,66,0
AF,Air France,RTM,LCY,United Kingdom,Europe,AR8,Avro RJ85 (BAe 146),1993,31,regional_jet,0,100,305.8797704436695,66,0
AF,Air France,RUH,CDG,France,Europe,332,Airbus A330-200,1998,26,widebody,1,247,4650.717357375933,517,0
AF,Air France,RUN,MRU,Mauritius,Africa,319,Airbus A319,1996,28,narrowbody,0,124,231.75573980682492,41,1
AF,Air France,RUN,MRU,Mauritius,Africa,343,Airbus A340-300,1993,31,widebody,1,277,231.75573980682492,41,1
AF,Air France,RUN,MRU,Mauritius,Africa,AT7,ATR 72,1989,35,turboprop,0,70,231.75573980682492,41,1
AF,Air France,RUN,MRU,Mauritius,Africa,332,Airbus A330-200,1998,26,widebody,1,247,231.75573980682492,41,1
AF,Air France,RUN,ORY,France,Europe,77W,Boeing 777-300ER,2004,20,widebody,1,365,9357.482277252044,203,0
AF,Air France,SAN,ATL,United States,North America,73H,Boeing 737-800 (winglets),1998,26,narrowbody,0,162,3037.6832293226093,911,0
AF,Air France,SAN,ATL,United States,North America,763,Boeing 767-300,1986,38,widebody,1,218,3037.6832293226093,911,0
AF,Air France,SAN,ATL,United States,North America,739,Boeing 737-900,2001,23,narrowbody,0,177,3037.6832293226093,911,0
AF,Air France,SAT,ATL,United States,North America,757,Boeing 757-200,1983,41,narrowbody,0,200,1404.6983915857159,911,0
AF,Air France,SAT,ATL,United States,North America,320,Airbus A320,1988,36,narrowbody,0,150,1404.6983915857159,911,0
AF,Air France,SAT,ATL,United States,North America,M90,McDonnell Douglas MD-90,1995,29,narrowbody,0,158,1404.6983915857159,911,0
AF,Air France,SAV,ATL,United States,North America,M88,McDonnell Douglas MD-88,1987,37,narrowbody,0,150,344.8008765372291,911,0
AF,Air France,SAV,ATL,United States,North America,717,Boeing 717,1999,25,narrowbody,0,106,344.8008765372291,911,0
AF,Air France,SAV,ATL,United States,North America,319,Airbus A319,1996,28,narrowbody,0,124,344.8008765372291,911,0
AF,Air France,SBN,ATL,United States,North America,CRJ,Bombardier CRJ-200,1992,32,regional_jet,0,50,912.7658333008968,911,0
AF,Air France,SCL,CDG,France,Europe,77W,Boeing 777-300ER,2004,20,widebody,1,365,11672.849942755282,517,0
AF,Air France,SCL,CDG,France,Europe,772,Boeing 777-200,1995,29,widebody,1,314,11672.849942755282,517,0
AF,Air France,SDF,ATL,United States,North America,M88,McDonnell Douglas MD-88,1987,37,narrowbody,0,150,518.1191694134917,911,0
AF,Air France,SDQ,CDG,France,Europe,744,Boeing 747-400,1989,35,widebody,1,416,7185.09924483064,517,0
AF,Air France,SDQ,PTP,Guadeloupe,North America,AT5,ATR 42-500,1995,29,turboprop,0,48,896.4285869040822,29,0
AF,Air France,SEA,ATL,United States,North America,739,Boeing 737-900,2001,23,narrowbody,0,177,3504.977057741039,911,0
AF,Air France,SEA,ATL,United States,North America,76W,Boeing 767-300ER (winglets),1988,36,widebody,1,218,3504.977057741039,911,0
AF,Air France,SEA,ATL,United States,North America,757,Boeing 757-200,1983,41,narrowbody,0,200,3504.977057741039,911,0
AF,Air France,SEA,CDG,France,Europe,332,Airbus A330-200,1998,26,widebody,1,247,8049.155041064258,517,0
AF,Air France,SEA,HNL,United States,North America,753,Boeing 757-300,1999,25,narrowbody,0,243,4307.910295959235,115,0
AF,Air France,SEA,LHR,United Kingdom,Europe,76W,Boeing 767-300ER (winglets),1988,36,widebody,1,218,7702.083240103776,524,0
AF,Air France,SFO,ATL,United States,North America,763,Boeing 767-300,1986,38,widebody,1,218,3434.718035567292,911,0
AF,Air France,SFO,ATL,United States,North America,739,Boeing 737-900,2001,23,narrowbody,0,177,3434.718035567292,911,0
AF,Air France,SFO,ATL,United States,North America,757,Boeing 757-200,1983,41,narrowbody,0,200,3434.718035567292,911,0
AF,Air France,SFO,CDG,France,Europe,388,Airbus A380-800,2007,17,widebody,1,525,8962.210276202279,517,0
AF,Air France,SFO,HNL,United States,North America,753,Boeing 757-300,1999,25,narrowbody,0,243,3856.886814313166,115,0
AF,Air France,SGF,ATL,United States,North America,CRJ,Bombardier CRJ-200,1992,32,regional_jet,0,50,904.9730602758367,911,0
AF,Air France,SGN,CDG,France,Europe,772,Boeing 777-200,1995,29,widebody,1,314,10104.878815055075,517,0
AF,Air France,SHE,CAN,China,Asia,320,Airbus A320,1988,36,narrowbody,0,150,2238.4901127903154,336,0
AF,Air France,SHE,NBS,China,Asia,320,Airbus A320,1988,36,narrowbody,0,150,344.4257553659018,5,0
AF,Air France,SHV,ATL,United States,North America,CRJ,Bombardier CRJ-200,1992,32,regional_jet,0,50,885.5733939633427,911,0
AF,Air France,SIN,CDG,France,Europe,77W,Boeing 777-300ER,2004,20,widebody,1,365,10724.598865307322,517,0
AF,Air France,SJD,ATL,United States,North America,73W,Boeing 737-700 (winglets),1998,26,narrowbody,0,143,2724.9558282904604,911,0
AF,Air France,SJD,ATL,United States,North America,738,Boeing 737-800,1998,26,narrowbody,0,162,2724.9558282904604,911,0
AF,Air France,SJO,ATL,United States,North America,738,Boeing 737-800,1998,26,narrowbody,0,162,2629.0592431444747,911,0
AF,Air France,SJO,ATL,United States,North America,757,Boeing 757-200,1983,41,narrowbody,0,200,2629.0592431444747,911,0
AF,Air France,SJU,ATL,United States,North America,73H,Boeing 737-800 (winglets),1998,26,narrowbody,0,162,2490.942451680013,911,0
AF,Air France,SJU,ATL,United States,North America,753,Boeing 757-300,1999,25,narrowbody,0,243,2490.942451680013,911,0
AF,Air France,SJU,ATL,United States,North America,757,Boeing 757-200,1983,41,narrowbody,0,200,2490.942451680013,911,0
AF,Air France,SLC,ATL,United States,North America,763,Boeing 767-300,1986,38,widebody,1,218,2553.6041879707514,911,0
AF,Air France,SLC,ATL,United States,North America,757,Boeing 757-200,1983,41,narrowbody,0,200,2553.6041879707514,911,0
AF,Air France,SLC,ATL,United States,North America,738,Boeing 737-800,1998,26,narrowbody,0,162,2553.6041879707514,911,0
AF,Air France,SLC,CDG,France,Europe,332,Airbus A330-200,1998,26,widebody,1,247,8153.195834503116,517,0
AF,Air France,SLU,FDF,Martinique,North America,AT5,ATR 42-500,1995,29,turboprop,0,48,63.47972084118649,23,0
AF,Air France,SMF,ATL,United States,North America,757,Boeing 757-200,1983,41,narrowbody,0,200,3359.744794162667,911,0
AF,Air France,SNA,ATL,United States,North America,757,Boeing 757-200,1983,41,narrowbody,0,200,3081.274293568246,911,0
AF,Air France,SOF,CDG,France,Europe,321,Airbus A321,1994,30,narrowbody,0,185,1754.2796463646687,517,0
AF,Air France,SOF,CDG,France,Europe,320,Airbus A320,1988,36,narrowbody,0,150,1754.2796463646687,517,0
AF,Air France,SOU,BES,France,Europe,DH4,Bombardier Dash 8 Q400,2000,24,turboprop,0,78,354.7794059788324,17,0
AF,Air France,SOU,EGC,France,Europe,DH4,Bombardier Dash 8 Q400,2000,24,turboprop,0,78,695.2139288543369,11,0
AF,Air France,SOU,LIG,France,Europe,DH4,Bombardier Dash 8 Q400,2000,24,turboprop,0,78,595.7820057661114,11,0
AF,Air France,SOU,LRH,France,Europe,DH4,Bombardier Dash 8 Q400,2000,24,turboprop,0,78,530.6547631116363,10,0
AF,Air France,SOU,NCE,France,Europe,E95,Embraer 195,2006,18,regional_jet,0,108,1035.5107501463235,134,0
AF,Air France,SOU,NTE,France,Europe,DH4,Bombardier Dash 8 Q400,2000,24,turboprop,0,78,422.62285061846075,91,0
AF,Air France,SOU,ORY,France,Europe,DH4,Bombardier Dash 8 Q400,2000,24,turboprop,0,78,364.7680521526573,203,0
AF,Air France,SOU,RNS,France,Europe,DH4,Bombardier Dash 8 Q400,2000,24,turboprop,0,78,321.48936834467526,13,0
AF,Air France,SRQ,ATL,United States,North America,M90,McDonnell Douglas MD-90,1995,29,narrowbody,0,158,716.7896163540396,911,0
AF,Air France,SSG,DLA,Cameroon,Africa,772,Boeing 777-200,1995,29,widebody,1,314,115.54960968348738,47,1
AF,Air France,STL,ATL,United States,North America,M90,McDonnell Douglas MD-90,1995,29,narrowbody,0,158,779.0051856208637,911,0
AF,Air France,STL,ATL,United States,North America,717,Boeing 717,1999,25,narrowbody,0,106,779.0051856208637,911,0
AF,Air France,STL,ATL,United States,North America,M88,McDonnell Douglas MD-88,1987,37,narrowbody,0,150,779.0051856208637,911,0
AF,Air France,STM,MAO,Brazil,South America,738,Boeing 737-800,1998,26,narrowbody,0,162,588.6187547926974,32,0
AF,Air France,STR,ATL,United States,North America,76W,Boeing 767-300ER (winglets),1988,36,widebody,1,218,7516.640262305393,911,0
AF,Air France,STR,CDG,France,Europe,AR8,Avro RJ85 (BAe 146),1993,31,regional_jet,0,100,489.3327860409583,517,0
AF,Air France,STT,ATL,United States,North America,757,Boeing 757-200,1983,41,narrowbody,0,200,2574.812382968673,911,0
AF,Air France,SVG,CDG,France,Europe,E70,Embraer 170,2004,20,regional_jet,0,76,1114.9719876060337,517,0
AF,Air France,SVO,CDG,France,Europe,319,Airbus A319,1996,28,narrowbody,0,124,2453.629846223241,517,0
AF,Air France,SVO,CDG,France,Europe,320,Airbus A320,1988,36,narrowbody,0,150,2453.629846223241,517,0
AF,Air France,SVO,CDG,France,Europe,321,Airbus A321,1994,30,narrowbody,0,185,2453.629846223241,517,0
AF,Air France,SVO,MRS,France,Europe,320,Airbus A320,1988,36,narrowbody,0,150,2666.241277977889,129,0
AF,Air France,SVQ,TLS,France,Europe,319,Airbus A319,1996,28,narrowbody,0,124,922.9493682623527,83,0
AF,Air France,SXB,AMS,Netherlands,Europe,ER4,Embraer ERJ-145,1996,28,regional_jet,0,50,465.6734807856442,450,0
AF,Air France,SXB,AMS,Netherlands,Europe,CR7,Bombardier CRJ-700,2001,23,regional_jet,0,70,465.6734807856442,450,0
AF,Air France,SXB,AMS,Netherlands,Europe,E70,Embraer 170,2004,20,regional_jet,0,76,465.6734807856442,450,0
AF,Air France,SXB,FCO,Italy,Europe,ER4,Embraer ERJ-145,1996,28,regional_jet,0,50,831.4760695410087,331,0
AF,Air France,SXB,FCO,Italy,Europe,CR7,Bombardier CRJ-700,2001,23,regional_jet,0,70,831.4760695410087,331,0
AF,Air France,SXB,NCE,France,Europe,320,Airbus A320,1988,36,narrowbody,0,150,543.5482467276425,134,0
AF,Air France,SXB,NCE,France,Europe,319,Airbus A319,1996,28,narrowbody,0,124,543.5482467276425,134,0
AF,Air France,SXB,ORY,France,Europe,CRK,Bombardier CRJ-1000,2010,14,regional_jet,0,100,386.20308045088586,203,0
AF,Air France,SXB,ORY,France,Europe,AT7,ATR 72,1989,35,turboprop,0,70,386.20308045088586,203,0
AF,Air France,SXB,TLS,France,Europe,319,Airbus A319,1996,28,narrowbody,0,124,728.4827268861618,83,0
AF,Air France,SXB,TLS,France,Europe,320,Airbus A320,1988,36,narrowbody,0,150,728.4827268861618,83,0
AF,Air France,SXM,CDG,France,Europe,343,Airbus A340-300,1993,31,widebody,1,277,6739.002790141421,517,0
AF,Air France,SYR,ATL,United States,North America,M88,McDonnell Douglas MD-88,1987,37,narrowbody,0,150,1277.6344706811449,911,0
AF,Air France,SYR,ATL,United States,North America,CR9,Bombardier CRJ-900,2003,21,regional_jet,0,90,1277.6344706811449,911,0
AF,Air France,TBS,CDG,France,Europe,735,Boeing 737-500,1990,34,narrowbody,0,122,3366.279145130251,517,0
AF,Air France,TLH,ATL,United States,North America,319,Airbus A319,1996,28,narrowbody,0,124,360.3684525064865,911,0
AF,Air France,TLH,ATL,United States,North America,M88,McDonnell Douglas MD-88,1987,37,narrowbody,0,150,360.3684525064865,911,0
AF,Air France,TLH,ATL,United States,North America,CRJ,Bombardier CRJ-200,1992,32,regional_jet,0,50,360.3684525064865,911,0
AF,Air France,TLH,ATL,United States,North America,717,Boeing 717,1999,25,narrowbody,0,106,360.3684525064865,911,0
AF,Air France,TLN,ORY,France,Europe,CRK,Bombardier CRJ-1000,2010,14,regional_jet,0,100,689.9105179171728,203,0
AF,Air France,TLN,ORY,France,Europe,319,Airbus A319,1996,28,narrowbody,0,124,689.9105179171728,203,0
AF,Air France,TLN,ORY,France,Europe,321,Airbus A321,1994,30,narrowbody,0,185,689.9105179171728,203,0
AF,Air France,TLN,ORY,France,Europe,320,Airbus A320,1988,36,narrowbody,0,150,689.9105179171728,203,0
AF,Air France,TLS,AJA,France,Europe,320,Airbus A320,1988,36,narrowbody,0,150,635.8294201155211,39,0
AF,Air France,TLS,AMS,Netherlands,Europe,E90,Embraer 190,2005,19,regional_jet,0,100,997.4661996251601,450,0
AF,Air France,TLS,ATH,Greece,Europe,320,Airbus A320,1988,36,narrowbody,0,150,1996.3810737331041,206,0
AF,Air France,TLS,CDG,France,Europe,320,Airbus A320,1988,36,narrowbody,0,150,605.5086585177058,517,0
AF,Air France,TLS,CDG,France,Europe,319,Airbus A319,1996,28,narrowbody,0,124,605.5086585177058,517,0
AF,Air France,TLS,CDG,France,Europe,321,Airbus A321,1994,30,narrowbody,0,185,605.5086585177058,517,0
AF,Air France,TLS,CMN,Morocco,Africa,319,Airbus A319,1996,28,narrowbody,0,124,1379.826541763833,125,1
AF,Air France,TLS,CMN,Morocco,Africa,320,Airbus A320,1988,36,narrowbody,0,150,1379.826541763833,125,1
AF,Air France,TLS,FCO,Italy,Europe,319,Airbus A319,1996,28,narrowbody,0,124,910.7317616315759,331,0
AF,Air France,TLS,FCO,Italy,Europe,320,Airbus A320,1988,36,narrowbody,0,150,910.7317616315759,331,0
AF,Air France,TLS,HAM,Germany,Europe,319,Airbus A319,1996,28,narrowbody,0,124,1277.9189842634803,160,0
AF,Air France,TLS,LYS,France,Europe,319,Airbus A319,1996,28,narrowbody,0,124,375.0713844623203,140,0
AF,Air France,TLS,LYS,France,Europe,320,Airbus A320,1988,36,narrowbody,0,150,375.0713844623203,140,0
AF,Air France,TLS,LYS,France,Europe,CRK,Bombardier CRJ-1000,2010,14,regional_jet,0,100,375.0713844623203,140,0
AF,Air France,TLS,MLA,Malta,Europe,320,Airbus A320,1988,36,narrowbody,0,150,1412.6991020550167,113,0
AF,Air France,TLS,MLA,Malta,Europe,319,Airbus A319,1996,28,narrowbody,0,124,1412.6991020550167,113,0
AF,Air France,TLS,ORY,France,Europe,320,Airbus A320,1988,36,narrowbody,0,150,571.8099541666345,203,0
AF,Air France,TLS,ORY,France,Europe,319,Airbus A319,1996,28,narrowbody,0,124,571.8099541666345,203,0
AF,Air France,TLS,ORY,France,Europe,321,Airbus A321,1994,30,narrowbody,0,185,571.8099541666345,203,0
AF,Air France,TLS,RAK,Morocco,Africa,319,Airbus A319,1996,28,narrowbody,0,124,1570.0146953799003,72,1
AF,Air France,TLS,RAK,Morocco,Africa,320,Airbus A320,1988,36,narrowbody,0,150,1570.0146953799003,72,1
AF,Air France,TLS,SVQ,Spain,Europe,319,Airbus A319,1996,28,narrowbody,0,124,922.9493682623527,62,0
AF,Air France,TLS,SXB,France,Europe,319,Airbus A319,1996,28,narrowbody,0,124,728.4827268861618,35,0
AF,Air France,TLS,SXB,France,Europe,320,Airbus A320,1988,36,narrowbody,0,150,728.4827268861618,35,0
AF,Air France,TLS,VCE,Italy,Europe,319,Airbus A319,1996,28,narrowbody,0,124,894.3214110994777,123,0
AF,Air France,TLS,VCE,Italy,Europe,320,Airbus A320,1988,36,narrowbody,0,150,894.3214110994777,123,0
AF,Air France,TLV,CDG,France,Europe,320,Airbus A320,1988,36,narrowbody,0,150,3284.224308006819,517,0
AF,Air France,TLV,MRS,France,Europe,320,Airbus A320,1988,36,narrowbody,0,150,2881.1284921227284,129,0
AF,Air France,TLV,NCE,France,Europe,320,Airbus A320,1988,36,narrowbody,0,150,2735.203031949714,134,0
AF,Air France,TNR,CDG,France,Europe,772,Boeing 777-200,1995,29,widebody,1,314,8748.292769750607,517,0
AF,Air France,TPA,ATL,United States,North America,757,Boeing 757-200,1983,41,narrowbody,0,200,654.9517565882101,911,0
AF,Air France,TPA,ATL,United States,North America,739,Boeing 737-900,2001,23,narrowbody,0,177,654.9517565882101,911,0
AF,Air France,TPE,AMS,Netherlands,Europe,777,Boeing 777-200,1995,29,widebody,1,314,9442.514489805226,450,0
AF,Air France,TPE,MNL,Philippines,Asia,777,Boeing 777-200,1995,29,widebody,1,314,1175.4407491065485,193,0
AF,Air France,TRI,ATL,United States,North America,CRJ,Bombardier CRJ-200,1992,32,regional_jet,0,50,365.2841720450782,911,0
AF,Air France,TRN,CDG,France,Europe,E90,Embraer 190,2005,19,regional_jet,0,100,573.0031024817332,517,0
AF,Air France,TRN,CDG,France,Europe,AR8,Avro RJ85 (BAe 146),1993,31,regional_jet,0,100,573.0031024817332,517,0
AF,Air France,TRN,CDG,France,Europe,E70,Embraer 170,2004,20,regional_jet,0,76,573.0031024817332,517,0
AF,Air France,TUL,ATL,United States,North America,CR7,Bombardier CRJ-700,2001,23,regional_jet,0,70,1082.2625901967942,911,0
AF,Air France,TUL,ATL,United States,North America,CR9,Bombardier CRJ-900,2003,21,regional_jet,0,90,1082.2625901967942,911,0
AF,Air France,TUN,CDG,France,Europe,321,Airbus A321,1994,30,narrowbody,0,185,1487.9143038525501,517,0
AF,Air France,TUN,CDG,France,Europe,319,Airbus A319,1996,28,narrowbody,0,124,1487.9143038525501,517,0
AF,Air France,TUN,CDG,France,Europe,320,Airbus A320,1988,36,narrowbody,0,150,1487.9143038525501,517,0
AF,Air France,TUN,MRS,France,Europe,319,Airbus A319,1996,28,narrowbody,0,124,846.7827867526153,129,0
AF,Air France,TUN,MRS,France,Europe,320,Airbus A320,1988,36,narrowbody,0,150,846.7827867526153,129,0
AF,Air France,TUS,ATL,United States,North America,M90,McDonnell Douglas MD-90,1995,29,narrowbody,0,158,2474.957103954283,911,0
AF,Air France,TXL,CDG,France,Europe,321,Airbus A321,1994,30,narrowbody,0,185,850.4976139040001,517,0
AF,Air France,TXL,CDG,France,Europe,319,Airbus A319,1996,28,narrowbody,0,124,850.4976139040001,517,0
AF,Air France,TXL,CDG,France,Europe,320,Airbus A320,1988,36,narrowbody,0,150,850.4976139040001,517,0
AF,Air France,TXL,CDG,France,Europe,318,Airbus A318,2003,21,narrowbody,0,107,850.4976139040001,517,0
AF,Air France,TXL,MRS,France,Europe,320,Airbus A320,1988,36,narrowbody,0,150,1176.7685513854447,129,0
AF,Air France,TXL,MRS,France,Europe,319,Airbus A319,1996,28,narrowbody,0,124,1176.7685513854447,129,0
AF,Air France,TYS,ATL,United States,North America,CRJ,Bombardier CRJ-200,1992,32,regional_jet,0,50,245.00368765637836,911,0
AF,Air France,TYS,ATL,United States,North America,717,Boeing 717,1999,25,narrowbody,0,106,245.00368765637836,911,0
AF,Air France,TYS,ATL,United States,North America,CR7,Bombardier CRJ-700,2001,23,regional_jet,0,70,245.00368765637836,911,0
AF,Air France,TYS,ATL,United States,North America,CR9,Bombardier CRJ-900,2003,21,regional_jet,0,90,245.00368765637836,911,0
AF,Air France,UIO,GYE,Ecuador,South America,772,Boeing 777-200,1995,29,widebody,1,314,282.2165067306618,36,0
AF,Air France,UIO,GYE,Ecuador,South America,777,Boeing 777-200,1995,29,widebody,1,314,282.2165067306618,36,0
AF,Air France,VCE,CDG,France,Europe,318,Airbus A318,2003,21,narrowbody,0,107,835.3422094211766,517,0
AF,Air France,VCE,CDG,France,Europe,320,Airbus A320,1988,36,narrowbody,0,150,835.3422094211766,517,0
AF,Air France,VCE,CDG,France,Europe,319,Airbus A319,1996,28,narrowbody,0,124,835.3422094211766,517,0
AF,Air France,VCE,CDG,France,Europe,32A,Airbus A320 (sharklets),1988,36,narrowbody,0,150,835.3422094211766,517,0
AF,Air France,VCE,LYS,France,Europe,ER4,Embraer ERJ-145,1996,28,regional_jet,0,50,565.8395778993355,140,0
AF,Air France,VCE,LYS,France,Europe,CRK,Bombardier CRJ-1000,2010,14,regional_jet,0,100,565.8395778993355,140,0
AF,Air France,VCE,MRS,France,Europe,320,Airbus A320,1988,36,narrowbody,0,150,610.3704961212043,129,0
AF,Air France,VCE,MRS,France,Europe,319,Airbus A319,1996,28,narrowbody,0,124,610.3704961212043,129,0
AF,Air France,VCE,NCE,France,Europe,320,Airbus A320,1988,36,narrowbody,0,150,455.5463569179547,134,0
AF,Air France,VCE,TLS,France,Europe,319,Airbus A319,1996,28,narrowbody,0,124,894.3214110994777,83,0
AF,Air France,VCE,TLS,France,Europe,320,Airbus A320,1988,36,narrowbody,0,150,894.3214110994777,83,0
AF,Air France,VGO,CDG,France,Europe,E70,Embraer 170,2004,20,regional_jet,0,76,1148.548813081645,517,0
AF,Air France,VIE,CDG,France,Europe,320,Airbus A320,1988,36,narrowbody,0,150,1035.0912784581415,517,0
AF,Air France,VIE,CDG,France,Europe,318,Airbus A318,2003,21,narrowbody,0,107,1035.0912784581415,517,0
AF,Air France,VIE,CDG,France,Europe,319,Airbus A319,1996,28,narrowbody,0,124,1035.0912784581415,517,0
AF,Air France,VIE,CDG,France,Europe,32A,Airbus A320 (sharklets),1988,36,narrowbody,0,150,1035.0912784581415,517,0
AF,Air France,VIE,CDG,France,Europe,321,Airbus A321,1994,30,narrowbody,0,185,1035.0912784581415,517,0
AF,Air France,VIE,LYS,France,Europe,DH4,Bombardier Dash 8 Q400,2000,24,turboprop,0,78,910.9600222944247,140,0
AF,Air France,VIE,LYS,France,Europe,F70,Fokker 70,1994,30,regional_jet,0,79,910.9600222944247,140,0
AF,Air France,VLC,CDG,France,Europe,738,Boeing 737-800,1998,26,narrowbody,0,162,1085.9033493587308,517,0
AF,Air France,VLD,ATL,United States,North America,CRJ,Bombardier CRJ-200,1992,32,regional_jet,0,50,335.3424559363311,911,0
AF,Air France,VPS,ATL,United States,North America,717,Boeing 717,1999,25,narrowbody,0,106,402.4893360682303,911,0
AF,Air France,VPS,ATL,United States,North America,319,Airbus A319,1996,28,narrowbody,0,124,402.4893360682303,911,0
AF,Air France,VPS,ATL,United States,North America,M88,McDonnell Douglas MD-88,1987,37,narrowbody,0,150,402.4893360682303,911,0
AF,Air France,VRN,CDG,France,Europe,E70,Embraer 170,2004,20,regional_jet,0,76,746.7293565848418,517,0
AF,Air France,WAW,CDG,France,Europe,321,Airbus A321,1994,30,narrowbody,0,185,1342.4931134546455,517,0
AF,Air France,WAW,CDG,France,Europe,318,Airbus A318,2003,21,narrowbody,0,107,1342.4931134546455,517,0
AF,Air France,WAW,CDG,France,Europe,319,Airbus A319,1996,28,narrowbody,0,124,1342.4931134546455,517,0
AF,Air France,WAW,CDG,France,Europe,320,Airbus A320,1988,36,narrowbody,0,150,1342.4931134546455,517,0
AF,Air France,WUH,CAN,China,Asia,738,Boeing 737-800,1998,26,narrowbody,0,162,826.7857025002767,336,0
AF,Air France,WUH,CDG,France,Europe,332,Airbus A330-200,1998,26,widebody,1,247,8865.00308093218,517,0
AF,Air France,WUH,ENH,China,Asia,738,Boeing 737-800,1998,26,narrowbody,0,162,455.154305880272,4,0
AF,Air France,XNA,ATL,United States,North America,CRJ,Bombardier CRJ-200,1992,32,regional_jet,0,50,946.5495678285238,911,0
AF,Air France,XNA,ATL,United States,North America,CR9,Bombardier CRJ-900,2003,21,regional_jet,0,90,946.5495678285238,911,0
AF,Air France,XNA,ATL,United States,North America,CR7,Bombardier CRJ-700,2001,23,regional_jet,0,70,946.5495678285238,911,0
AF,Air France,YUL,ATL,United States,North America,CR9,Bombardier CRJ-900,2003,21,regional_jet,0,90,1600.2995493459127,911,0
AF,Air France,YUL,CDG,France,Europe,744,Boeing 747-400,1989,35,widebody,1,416,5523.4813014630845,517,0
AF,Air France,YUL,CDG,France,Europe,343,Airbus A340-300,1993,31,widebody,1,277,5523.4813014630845,517,0
AF,Air France,YYZ,ATL,United States,North America,CR7,Bombardier CRJ-700,2001,23,regional_jet,0,70,1191.077051983997,911,0
AF,Air France,YYZ,CDG,France,Europe,772,Boeing 777-200,1995,29,widebody,1,314,6019.848937498426,517,0
AF,Air France,ZAG,CDG,France,Europe,AR8,Avro RJ85 (BAe 146),1993,31,regional_jet,0,100,1079.1129219449062,517,0
AF,Air France,ZRH,CDG,France,Europe,318,Airbus A318,2003,21,narrowbody,0,107,476.3092237878406,517,0
AF,Air France,ZSE,MRU,Mauritius,Africa,AT7,ATR 72,1989,35,turboprop,0,70,254.6989008804274,41,1
BA,British Airways,AAL,AAR,Denmark,Europe,FRJ,Fairchild Dornier 328JET,1999,25,regional_jet,0,32,99.89492461876283,8,0
BA,British Airways,AAL,OSL,Norway,Europe,J31,BAe Jetstream 31,1982,42,turboprop,0,19,343.8201709879395,183,0
BA,British Airways,AAL,OSL,Norway,Europe,FRJ,Fairchild Dornier 328JET,1999,25,regional_jet,0,32,343.8201709879395,183,0
BA,British Airways,AAR,AAL,Denmark,Europe,FRJ,Fairchild Dornier 328JET,1999,25,regional_jet,0,32,99.89492461876283,21,0
BA,British Airways,AAR,BMA,Sweden,Europe,FRJ,Fairchild Dornier 328JET,1999,25,regional_jet,0,32,550.2411450107421,27,0
BA,British Airways,AAR,GOT,Sweden,Europe,FRJ,Fairchild Dornier 328JET,1999,25,regional_jet,0,32,181.89385180343194,54,0
BA,British Airways,AAR,OSL,Norway,Europe,FRJ,Fairchild Dornier 328JET,1999,25,regional_jet,0,32,425.62358989823014,183,0
BA,British Airways,ABV,LHR,United Kingdom,Europe,777,Boeing 777-200,1995,29,widebody,1,314,4774.2164375182,524,0
BA,British Airways,ABZ,LCY,United Kingdom,Europe,S20,Saab 2000,1994,30,turboprop,0,50,649.9482278813115,66,0
BA,British Airways,ABZ,LCY,United Kingdom,Europe,E70,Embraer 170,2004,20,regional_jet,0,76,649.9482278813115,66,0
BA,British Airways,ABZ,LHR,United Kingdom,Europe,321,Airbus A321,1994,30,narrowbody,0,185,647.0947460207125,524,0
BA,British Airways,ABZ,LHR,United Kingdom,Europe,320,Airbus A320,1988,36,narrowbody,0,150,647.0947460207125,524,0
BA,British Airways,ABZ,LHR,United Kingdom,Europe,319,Airbus A319,1996,28,narrowbody,0,124,647.0947460207125,524,0
BA,British Airways,ACC,LHR,United Kingdom,Europe,744,Boeing 747-400,1989,35,widebody,1,416,5100.073940811433,524,0
BA,British Airways,ACE,LGW,United Kingdom,Europe,320,Airbus A320,1988,36,narrowbody,0,150,2710.1932023368595,352,0
BA,British Airways,AGP,LCY,United Kingdom,Europe,E90,Embraer 190,2005,19,regional_jet,0,100,1687.8556255262272,66,0
BA,British Airways,AGP,LGW,United Kingdom,Europe,319,Airbus A319,1996,28,narrowbody,0,124,1645.2059954530687,352,0
BA,British Airways,AGP,LGW,United Kingdom,Europe,734,Boeing 737-400,1988,36,narrowbody,0,150,1645.2059954530687,352,0
BA,British Airways,AGP,LGW,United Kingdom,Europe,320,Airbus A320,1988,36,narrowbody,0,150,1645.2059954530687,352,0
BA,British Airways,AGP,LHR,United Kingdom,Europe,320,Airbus A320,1988,36,narrowbody,0,150,1675.8560299273577,524,0
BA,British Airways,ALA,LHR,United Kingdom,Europe,767,Boeing 767-300,1986,38,widebody,1,218,5623.882547372165,524,0
BA,British Airways,ALC,LGW,United Kingdom,Europe,319,Airbus A319,1996,28,narrowbody,0,124,1430.9134254564956,352,0
BA,British Airways,ALC,LGW,United Kingdom,Europe,734,Boeing 737-400,1988,36,narrowbody,0,150,1430.9134254564956,352,0
BA,British Airways,ALG,LGW,United Kingdom,Europe,734,Boeing 737-400,1988,36,narrowbody,0,150,1630.072318994599,352,0
BA,British Airways,ALG,LGW,United Kingdom,Europe,319,Airbus A319,1996,28,narrowbody,0,124,1630.072318994599,352,0
BA,British Airways,AMM,LHR,United Kingdom,Europe,321,Airbus A321,1994,30,narrowbody,0,185,3683.020513165302,524,0
BA,British Airways,AMS,LCY,United Kingdom,Europe,E90,Embraer 190,2005,19,regional_jet,0,100,335.0673301551608,66,0
BA,British Airways,AMS,LCY,United Kingdom,Europe,E70,Embraer 170,2004,20,regional_jet,0,76,335.0673301551608,66,0
BA,British Airways,AMS,LGW,United Kingdom,Europe,319,Airbus A319,1996,28,narrowbody,0,124,364.70174642684583,352,0
BA,British Airways,AMS,LGW,United Kingdom,Europe,734,Boeing 737-400,1988,36,narrowbody,0,150,364.70174642684583,352,0
BA,British Airways,AMS,LHR,United Kingdom,Europe,320,Airbus A320,1988,36,narrowbody,0,150,370.44882883109955,524,0
BA,British Airways,AMS,LHR,United Kingdom,Europe,767,Boeing 767-300,1986,38,widebody,1,218,370.44882883109955,524,0
BA,British Airways,AMS,LHR,United Kingdom,Europe,319,Airbus A319,1996,28,narrowbody,0,124,370.44882883109955,524,0
BA,British Airways,AMS,LHR,United Kingdom,Europe,321,Airbus A321,1994,30,narrowbody,0,185,370.44882883109955,524,0
BA,British Airways,ANU,LGW,United Kingdom,Europe,777,Boeing 777-200,1995,29,widebody,1,314,6564.040114125356,352,0
BA,British Airways,ANU,PUJ,Dominican Republic,North America,777,Boeing 777-200,1995,29,widebody,1,314,713.3555688424749,70,0
BA,British Airways,ANU,SKB,Saint Kitts and Nevis,North America,777,Boeing 777-200,1995,29,widebody,1,314,100.24442470248421,11,0
BA,British Airways,ANU,TAB,Trinidad and Tobago,North America,777,Boeing 777-200,1995,29,widebody,1,314,673.722984147183,5,0
BA,British Airways,ARN,LCY,United Kingdom,Europe,E70,Embraer 170,2004,20,regional_jet,0,76,1434.8067358600595,66,0
BA,British Airways,ARN,LHR,United Kingdom,Europe,320,Airbus A320,1988,36,narrowbody,0,150,1462.5380783836808,524,0
BA,British Airways,ARN,LHR,United Kingdom,Europe,321,Airbus A321,1994,30,narrowbody,0,185,1462.5380783836808,524,0
BA,British Airways,ARN,LHR,United Kingdom,Europe,319,Airbus A319,1996,28,narrowbody,0,124,1462.5380783836808,524,0
BA,British Airways,ARN,LHR,United Kingdom,Europe,767,Boeing 767-300,1986,38,widebody,1,218,1462.5380783836808,524,0
BA,British Airways,ATH,LHR,United Kingdom,Europe,320,Airbus A320,1988,36,narrowbody,0,150,2426.7664261240566,524,0
BA,British Airways,ATH,LHR,United Kingdom,Europe,767,Boeing 767-300,1986,38,widebody,1,218,2426.7664261240566,524,0
BA,British Airways,ATL,LHR,United Kingdom,Europe,777,Boeing 777-200,1995,29,widebody,1,314,6760.763839225036,524,0
BA,British Airways,ATL,MIA,United States,North America,738,Boeing 737-800,1998,26,narrowbody,0,162,959.0645602676874,366,0
BA,British Airways,ATL,ORD,United States,North America,E75,Embraer 175,2005,19,regional_jet,0,88,976.3278291656196,550,0
BA,British Airways,ATL,ORD,United States,North America,CR7,Bombardier CRJ-700,2001,23,regional_jet,0,70,976.3278291656196,550,0
BA,British Airways,AUH,LHR,United Kingdom,Europe,777,Boeing 777-200,1995,29,widebody,1,314,5516.66375905738,524,0
BA,British Airways,AUH,MCT,Oman,Asia,777,Boeing 777-200,1995,29,widebody,1,314,380.6524263288293,104,0
BA,British Airways,AUS,LHR,United Kingdom,Europe,788,Boeing 787-8,2011,13,widebody,1,242,7892.683328954675,524,0
BA,British Airways,BAH,DOH,Qatar,Asia,777,Boeing 777-200,1995,29,widebody,1,314,147.74768629392926,188,0
BA,British Airways,BAH,LHR,United Kingdom,Europe,777,Boeing 777-200,1995,29,widebody,1,314,5093.738851818934,524,0
BA,British Airways,BCN,JFK,United States,North America,763,Boeing 767-300,1986,38,widebody,1,218,6150.227182054505,455,0
BA,British Airways,BCN,LGW,United Kingdom,Europe,319,Airbus A319,1996,28,narrowbody,0,124,1109.0539170109528,352,0
BA,British Airways,BCN,LGW,United Kingdom,Europe,734,Boeing 737-400,1988,36,narrowbody,0,150,1109.0539170109528,352,0
BA,British Airways,BCN,LGW,United Kingdom,Europe,320,Airbus A320,1988,36,narrowbody,0,150,1109.0539170109528,352,0
BA,British Airways,BCN,LHR,United Kingdom,Europe,320,Airbus A320,1988,36,narrowbody,0,150,1147.7128626922663,524,0
BA,British Airways,BCN,LHR,United Kingdom,Europe,319,Airbus A319,1996,28,narrowbody,0,124,1147.7128626922663,524,0
BA,British Airways,BCN,LHR,United Kingdom,Europe,321,Airbus A321,1994,30,narrowbody,0,185,1147.7128626922663,524,0
BA,British Airways,BCN,LHR,United Kingdom,Europe,767,Boeing 767-300,1986,38,widebody,1,218,1147.7128626922663,524,0
BA,British Airways,BCN,MIA,United States,North America,763,Boeing 767-300,1986,38,widebody,1,218,7544.851985531121,366,0
BA,British Airways,BDA,LGW,United Kingdom,Europe,777,Boeing 777-200,1995,29,widebody,1,314,5540.636777903709,352,0
BA,British Airways,BEY,LHR,United Kingdom,Europe,321,Airbus A321,1994,30,narrowbody,0,185,3481.6567572622844,524,0
BA,British Airways,BGI,LGW,United Kingdom,Europe,777,Boeing 777-200,1995,29,widebody,1,314,6758.762325432271,352,0
BA,British Airways,BGO,BLL,Denmark,Europe,J31,BAe Jetstream 31,1982,42,turboprop,0,19,556.5384615111861,47,0
BA,British Airways,BGO,LHR,United Kingdom,Europe,319,Airbus A319,1996,28,narrowbody,0,124,1042.1226941251093,524,0
BA,British Airways,BHD,LHR,United Kingdom,Europe,319,Airbus A319,1996,28,narrowbody,0,124,503.03556071534126,524,0
BA,British Airways,BKK,CNX,Thailand,Asia,320,Airbus A320,1988,36,narrowbody,0,150,596.7081267163255,47,0
BA,British Airways,BKK,CNX,Thailand,Asia,319,Airbus A319,1996,28,narrowbody,0,124,596.7081267163255,47,0
BA,British Airways,BKK,HKT,Thailand,Asia,320,Airbus A320,1988,36,narrowbody,0,150,673.5405578080735,67,0
BA,British Airways,BKK,LHR,United Kingdom,Europe,777,Boeing 777-200,1995,29,widebody,1,314,9577.981016039783,524,0
BA,British Airways,BLL,BGO,Norway,Europe,J31,BAe Jetstream 31,1982,42,turboprop,0,19,556.5384615111861,68,0
BA,British Airways,BLL,BRU,Belgium,Europe,FRJ,Fairchild Dornier 328JET,1999,25,regional_jet,0,32,620.6555911621712,315,0
BA,British Airways,BLL,BRU,Belgium,Europe,J31,BAe Jetstream 31,1982,42,turboprop,0,19,620.6555911621712,315,0
BA,British Airways,BLL,DUS,Germany,Europe,J31,BAe Jetstream 31,1982,42,turboprop,0,19,519.3412135830423,285,0
BA,British Airways,BLL,MAN,United Kingdom,Europe,FRJ,Fairchild Dornier 328JET,1999,25,regional_jet,0,32,782.2024694862215,311,0
BA,British Airways,BLL,MUC,Germany,Europe,FRJ,Fairchild Dornier 328JET,1999,25,regional_jet,0,32,840.7052153201904,360,0
BA,British Airways,BLL,OSL,Norway,Europe,FRJ,Fairchild Dornier 328JET,1999,25,regional_jet,0,32,499.7858981056182,183,0
BA,British Airways,BLL,ZRH,Switzerland,Europe,FRJ,Fairchild Dornier 328JET,1999,25,regional_jet,0,32,921.1359927973895,247,0
BA,British Airways,BLQ,LHR,United Kingdom,Europe,319,Airbus A319,1996,28,narrowbody,0,124,1163.2357144644207,524,0
BA,British Airways,BLQ,LHR,United Kingdom,Europe,320,Airbus A320,1988,36,narrowbody,0,150,1163.2357144644207,524,0
BA,British Airways,BLR,LHR,United Kingdom,Europe,777,Boeing 777-200,1995,29,widebody,1,314,8046.589775517985,524,0
BA,British Airways,BMA,AAR,Denmark,Europe,FRJ,Fairchild Dornier 328JET,1999,25,regional_jet,0,32,550.2411450107421,8,0
BA,British Airways,BNE,CNS,Australia,Oceania,333,Airbus A330-300,1994,30,widebody,1,277,1391.1220248734105,54,0
BA,British Airways,BOD,LGW,United Kingdom,Europe,734,Boeing 737-400,1988,36,narrowbody,0,150,703.8111507400146,352,0
BA,British Airways,BOD,LGW,United Kingdom,Europe,319,Airbus A319,1996,28,narrowbody,0,124,703.8111507400146,352,0
BA,British Airways,BOM,LHR,United Kingdom,Europe,777,Boeing 777-200,1995,29,widebody,1,314,7213.041153604433,524,0
BA,British Airways,BOS,LHR,United Kingdom,Europe,777,Boeing 777-200,1995,29,widebody,1,314,5239.649725139816,524,0
BA,British Airways,BOS,LHR,United Kingdom,Europe,744,Boeing 747-400,1989,35,widebody,1,416,5239.649725139816,524,0
BA,British Airways,BOS,MAD,Spain,Europe,333,Airbus A330-300,1994,30,widebody,1,277,5474.383117560859,331,0
BA,British Airways,BRI,LGW,United Kingdom,Europe,734,Boeing 737-400,1988,36,narrowbody,0,150,1708.572467378281,352,0
BA,British Airways,BRU,BLL,Denmark,Europe,FRJ,Fairchild Dornier 328JET,1999,25,regional_jet,0,32,620.6555911621712,47,0
BA,British Airways,BRU,BLL,Denmark,Europe,J31,BAe Jetstream 31,1982,42,turboprop,0,19,620.6555911621712,47,0
BA,British Airways,BRU,LHR,United Kingdom,Europe,319,Airbus A319,1996,28,narrowbody,0,124,350.4345881894714,524,0
BA,British Airways,BRU,LHR,United Kingdom,Europe,320,Airbus A320,1988,36,narrowbody,0,150,350.4345881894714,524,0
BA,British Airways,BRU,LHR,United Kingdom,Europe,321,Airbus A321,1994,30,narrowbody,0,185,350.4345881894714,524,0
BA,British Airways,BSL,LHR,United Kingdom,Europe,319,Airbus A319,1996,28,narrowbody,0,124,719.6117216713399,524,0
BA,British Airways,BSL,LHR,United Kingdom,Europe,320,Airbus A320,1988,36,narrowbody,0,150,719.6117216713399,524,0
BA,British Airways,BSL,LHR,United Kingdom,Europe,321,Airbus A321,1994,30,narrowbody,0,185,719.6117216713399,524,0
BA,British Airways,BUD,LHR,United Kingdom,Europe,320,Airbus A320,1988,36,narrowbody,0,150,1489.5495862621037,524,0
BA,British Airways,BWI,LHR,United Kingdom,Europe,767,Boeing 767-300,1986,38,widebody,1,218,5833.379791856492,524,0
BA,British Airways,CAI,LHR,United Kingdom,Europe,767,Boeing 767-300,1986,38,widebody,1,218,3532.6479720082525,524,0
BA,British Airways,CDG,DFW,United States,North America,763,Boeing 767-300,1986,38,widebody,1,218,7944.056768972219,467,0
BA,British Airways,CDG,DFW,United States,North America,777,Boeing 777-200,1995,29,widebody,1,314,7944.056768972219,467,0
BA,British Airways,CDG,JFK,United States,North America,763,Boeing 767-300,1986,38,widebody,1,218,5833.649776425998,455,0
BA,British Airways,CDG,JFK,United States,North America,757,Boeing 757-200,1983,41,narrowbody,0,200,5833.649776425998,455,0
BA,British Airways,CDG,LHR,United Kingdom,Europe,319,Airbus A319,1996,28,narrowbody,0,124,347.1675081044459,524,0
BA,British Airways,CDG,LHR,United Kingdom,Europe,320,Airbus A320,1988,36,narrowbody,0,150,347.1675081044459,524,0
BA,British Airways,CDG,LHR,United Kingdom,Europe,321,Airbus A321,1994,30,narrowbody,0,185,347.1675081044459,524,0
BA,British Airways,CDG,MIA,United States,North America,763,Boeing 767-300,1986,38,widebody,1,218,7371.472005306019,366,0
BA,British Airways,CDG,ORD,United States,North America,763,Boeing 767-300,1986,38,widebody,1,218,6664.207933200134,550,0
BA,British Airways,CGN,TXL,Germany,Europe,73G,Boeing 737-700,1998,26,narrowbody,0,143,463.1754593996755,210,0
BA,British Airways,CGN,TXL,Germany,Europe,738,Boeing 737-800,1998,26,narrowbody,0,162,463.1754593996755,210,0
BA,British Airways,CGN,TXL,Germany,Europe,320,Airbus A320,1988,36,narrowbody,0,150,463.1754593996755,210,0
BA,British Airways,CGN,TXL,Germany,Europe,319,Airbus A319,1996,28,narrowbody,0,124,463.1754593996755,210,0
BA,British Airways,CMB,MLE,Maldives,Asia,777,Boeing 777-200,1995,29,widebody,1,314,777.677530689703,41,0
BA,British Airways,CNS,BNE,Australia,Oceania,333,Airbus A330-300,1994,30,widebody,1,277,1391.1220248734105,144,0
BA,British Airways,CNS,HKG,Hong Kong,Asia,333,Airbus A330-300,1994,30,widebody,1,277,5568.017540716966,355,0
BA,British Airways,CNX,BKK,Thailand,Asia,320,Airbus A320,1988,36,narrowbody,0,150,596.7081267163255,330,0
BA,British Airways,CNX,BKK,Thailand,Asia,319,Airbus A319,1996,28,narrowbody,0,124,596.7081267163255,330,0
BA,British Airways,CPH,LHR,United Kingdom,Europe,321,Airbus A321,1994,30,narrowbody,0,185,979.6111473859539,524,0
BA,British Airways,CPH,LHR,United Kingdom,Europe,320,Airbus A320,1988,36,narrowbody,0,150,979.6111473859539,524,0
BA,British Airways,CPH,LHR,United Kingdom,Europe,319,Airbus A319,1996,28,narrowbody,0,124,979.6111473859539,524,0
BA,British Airways,CPT,DUR,South Africa,Africa,734,Boeing 737-400,1988,36,narrowbody,0,150,1277.0304888833505,21,1
BA,British Airways,CPT,DUR,South Africa,Africa,733,Boeing 737-300,1984,40,narrowbody,0,140,1277.0304888833505,21,1
BA,British Airways,CPT,JNB,South Africa,Africa,734,Boeing 737-400,1988,36,narrowbody,0,150,1271.0680698639783,162,1
BA,British Airways,CPT,JNB,South Africa,Africa,738,Boeing 737-800,1998,26,narrowbody,0,162,1271.0680698639783,162,1
BA,British Airways,CPT,JNB,South Africa,Africa,733,Boeing 737-300,1984,40,narrowbody,0,140,1271.0680698639783,162,1
BA,British Airways,CPT,LHR,United Kingdom,Europe,744,Boeing 747-400,1989,35,widebody,1,416,9680.893589605686,524,0
BA,British Airways,CPT,LHR,United Kingdom,Europe,777,Boeing 777-200,1995,29,widebody,1,314,9680.893589605686,524,0
BA,British Airways,CPT,PLZ,South Africa,Africa,733,Boeing 737-300,1984,40,narrowbody,0,140,646.8004364325693,9,1
BA,British Airways,CTA,LGW,United Kingdom,Europe,734,Boeing 737-400,1988,36,narrowbody,0,150,1938.2315847683637,352,0
BA,British Airways,CTA,LGW,United Kingdom,Europe,319,Airbus A319,1996,28,narrowbody,0,124,1938.2315847683637,352,0
BA,British Airways,CTU,LHR,United Kingdom,Europe,777,Boeing 777-200,1995,29,widebody,1,314,8302.02766443328,524,0
BA,British Airways,CTU,LHR,United Kingdom,Europe,788,Boeing 787-8,2011,13,widebody,1,242,8302.02766443328,524,0
BA,British Airways,CUN,LGW,United Kingdom,Europe,777,Boeing 777-200,1995,29,widebody,1,314,7976.73477789737,352,0
BA,British Airways,DBV,LGW,United Kingdom,Europe,734,Boeing 737-400,1988,36,narrowbody,0,150,1690.0700159035073,352,0
BA,British Airways,DBV,LGW,United Kingdom,Europe,319,Airbus A319,1996,28,narrowbody,0,124,1690.0700159035073,352,0
BA,British Airways,DEL,LHR,United Kingdom,Europe,777,Boeing 777-200,1995,29,widebody,1,314,6731.287540668029,524,0
BA,British Airways,DEN,LHR,United Kingdom,Europe,777,Boeing 777-200,1995,29,widebody,1,314,7496.471554549003,524,0
BA,British Airways,DFW,ATL,United States,North America,M80,McDonnell Douglas MD-80,1980,44,narrowbody,0,140,1174.5318236036762,911,0
BA,British Airways,DFW,ATL,United States,North America,M83,McDonnell Douglas MD-83,1985,39,narrowbody,0,150,1174.5318236036762,911,0
BA,British Airways,DFW,CDG,France,Europe,763,Boeing 767-300,1986,38,widebody,1,218,7944.056768972219,517,0
BA,British Airways,DFW,CDG,France,Europe,777,Boeing 777-200,1995,29,widebody,1,314,7944.056768972219,517,0
BA,British Airways,DFW,FRA,Germany,Europe,777,Boeing 777-200,1995,29,widebody,1,314,8258.17612367846,493,0
BA,British Airways,DFW,LHR,United Kingdom,Europe,744,Boeing 747-400,1989,35,widebody,1,416,7627.239393385962,524,0
BA,British Airways,DFW,MAD,Spain,Europe,777,Boeing 777-200,1995,29,widebody,1,314,7973.896378105052,331,0
BA,British Airways,DFW,MEX,Mexico,North America,M80,McDonnell Douglas MD-80,1980,44,narrowbody,0,140,1510.334372713104,242,0
BA,British Airways,DFW,MEX,Mexico,North America,M83,McDonnell Douglas MD-83,1985,39,narrowbody,0,150,1510.334372713104,242,0
BA,British Airways,DFW,MLM,Mexico,North America,ER4,Embraer ERJ-145,1996,28,regional_jet,0,50,1503.7401478837412,10,0
BA,British Airways,DFW,MSY,United States,North America,M83,McDonnell Douglas MD-83,1985,39,narrowbody,0,150,719.4399852682243,125,0
BA,British Airways,DFW,MSY,United States,North America,M80,McDonnell Douglas MD-80,1980,44,narrowbody,0,140,719.4399852682243,125,0
BA,British Airways,DME,LHR,United Kingdom,Europe,767,Boeing 767-300,1986,38,widebody,1,218,2545.0485033540585,524,0
BA,British Airways,DME,LHR,United Kingdom,Europe,321,Airbus A321,1994,30,narrowbody,0,185,2545.0485033540585,524,0
BA,British Airways,DME,LHR,United Kingdom,Europe,744,Boeing 747-400,1989,35,widebody,1,416,2545.0485033540585,524,0
BA,British Airways,DOH,BAH,Bahrain,Asia,777,Boeing 777-200,1995,29,widebody,1,314,147.74768629392926,86,0
BA,British Airways,DUB,JFK,United States,North America,757,Boeing 757-200,1983,41,narrowbody,0,200,5103.022720109331,455,0
BA,British Airways,DUB,LHR,United Kingdom,Europe,319,Airbus A319,1996,28,narrowbody,0,124,449.2537560432966,524,0
BA,British Airways,DUB,ORD,United States,North America,763,Boeing 767-300,1986,38,widebody,1,218,5895.32186040091,550,0
BA,British Airways,DUR,CPT,South Africa,Africa,734,Boeing 737-400,1988,36,narrowbody,0,150,1277.0304888833505,42,1
BA,British Airways,DUR,CPT,South Africa,Africa,733,Boeing 737-300,1984,40,narrowbody,0,140,1277.0304888833505,42,1
BA,British Airways,DUR,JNB,South Africa,Africa,734,Boeing 737-400,1988,36,narrowbody,0,150,478.60615433087014,162,1
BA,British Airways,DUR,JNB,South Africa,Africa,733,Boeing 737-300,1984,40,narrowbody,0,140,478.60615433087014,162,1
BA,British Airways,DUR,PLZ,South Africa,Africa,733,Boeing 737-300,1984,40,narrowbody,0,140,711.4989027590192,9,1
BA,British Airways,DUS,BLL,Denmark,Europe,J31,BAe Jetstream 31,1982,42,turboprop,0,19,519.3412135830423,47,0
BA,British Airways,DUS,LCY,United Kingdom,Europe,AR8,Avro RJ85 (BAe 146),1993,31,regional_jet,0,100,466.0723304089373,66,0
BA,British Airways,DUS,LCY,United Kingdom,Europe,E70,Embraer 170,2004,20,regional_jet,0,76,466.0723304089373,66,0
BA,British Airways,DUS,LHR,United Kingdom,Europe,319,Airbus A319,1996,28,narrowbody,0,124,501.89104315604715,524,0
BA,British Airways,DUS,LHR,United Kingdom,Europe,320,Airbus A320,1988,36,narrowbody,0,150,501.89104315604715,524,0
BA,British Airways,DUS,ORD,United States,North America,763,Boeing 767-300,1986,38,widebody,1,218,6788.404223746137,550,0
BA,British Airways,DXB,LHR,United Kingdom,Europe,744,Boeing 747-400,1989,35,widebody,1,416,5497.925614650826,524,0
BA,British Airways,DXB,LHR,United Kingdom,Europe,777,Boeing 777-200,1995,29,widebody,1,314,5497.925614650826,524,0
BA,British Airways,EBB,LHR,United Kingdom,Europe,767,Boeing 767-300,1986,38,widebody,1,218,6496.975074618299,524,0
BA,British Airways,EDI,LCY,United Kingdom,Europe,E90,Embraer 190,2005,19,regional_jet,0,100,543.0779646412437,66,0
BA,British Airways,EDI,LCY,United Kingdom,Europe,E70,Embraer 170,2004,20,regional_jet,0,76,543.0779646412437,66,0
BA,British Airways,EDI,LGW,United Kingdom,Europe,734,Boeing 737-400,1988,36,narrowbody,0,150,573.6910126276788,352,0
BA,British Airways,EDI,LGW,United Kingdom,Europe,319,Airbus A319,1996,28,narrowbody,0,124,573.6910126276788,352,0
BA,British Airways,EDI,LHR,United Kingdom,Europe,767,Boeing 767-300,1986,38,widebody,1,218,533.530300372911,524,0
BA,British Airways,EDI,LHR,United Kingdom,Europe,320,Airbus A320,1988,36,narrowbody,0,150,533.530300372911,524,0
BA,British Airways,EDI,LHR,United Kingdom,Europe,319,Airbus A319,1996,28,narrowbody,0,124,533.530300372911,524,0
BA,British Airways,EDI,LHR,United Kingdom,Europe,321,Airbus A321,1994,30,narrowbody,0,185,533.530300372911,524,0
BA,British Airways,EWR,LHR,United Kingdom,Europe,777,Boeing 777-200,1995,29,widebody,1,314,5561.647586029511,524,0
BA,British Airways,EWR,LHR,United Kingdom,Europe,788,Boeing 787-8,2011,13,widebody,1,242,5561.647586029511,524,0
BA,British Airways,EWR,ORY,France,Europe,752,Boeing 757-200,1983,41,narrowbody,0,200,5857.01129875616,203,0
BA,British Airways,EZE,LHR,United Kingdom,Europe,777,Boeing 777-200,1995,29,widebody,1,314,11136.5641611028,524,0
BA,British Airways,FAO,LGW,United Kingdom,Europe,319,Airbus A319,1996,28,narrowbody,0,124,1687.5718920883075,352,0
BA,British Airways,FAO,LGW,United Kingdom,Europe,734,Boeing 737-400,1988,36,narrowbody,0,150,1687.5718920883075,352,0
BA,British Airways,FAO,LGW,United Kingdom,Europe,320,Airbus A320,1988,36,narrowbody,0,150,1687.5718920883075,352,0
BA,British Airways,FAO,LHR,United Kingdom,Europe,320,Airbus A320,1988,36,narrowbody,0,150,1712.7945229256625,524,0
BA,British Airways,FCO,JFK,United States,North America,763,Boeing 767-300,1986,38,widebody,1,218,6865.701999120659,455,0
BA,British Airways,FCO,LGW,United Kingdom,Europe,734,Boeing 737-400,1988,36,narrowbody,0,150,1405.6189200861272,352,0
BA,British Airways,FCO,LGW,United Kingdom,Europe,320,Airbus A320,1988,36,narrowbody,0,150,1405.6189200861272,352,0
BA,British Airways,FCO,LGW,United Kingdom,Europe,319,Airbus A319,1996,28,narrowbody,0,124,1405.6189200861272,352,0
BA,British Airways,FCO,LHR,United Kingdom,Europe,321,Airbus A321,1994,30,narrowbody,0,185,1443.8871823627983,524,0
BA,British Airways,FCO,LHR,United Kingdom,Europe,767,Boeing 767-300,1986,38,widebody,1,218,1443.8871823627983,524,0
BA,British Airways,FCO,LHR,United Kingdom,Europe,320,Airbus A320,1988,36,narrowbody,0,150,1443.8871823627983,524,0
BA,British Airways,FCO,LHR,United Kingdom,Europe,319,Airbus A319,1996,28,narrowbody,0,124,1443.8871823627983,524,0
BA,British Airways,FCO,ORD,United States,North America,763,Boeing 767-300,1986,38,widebody,1,218,7741.601554757426,550,0
BA,British Airways,FLR,LCY,United Kingdom,Europe,E70,Embraer 170,2004,20,regional_jet,0,76,1193.1064399152315,66,0
BA,British Airways,FLR,LCY,United Kingdom,Europe,E90,Embraer 190,2005,19,regional_jet,0,100,1193.1064399152315,66,0
BA,British Airways,FNA,LHR,United Kingdom,Europe,767,Boeing 767-300,1986,38,widebody,1,218,4905.4020088912275,524,0
BA,British Airways,FNA,ROB,Liberia,Africa,767,Boeing 767-300,1986,38,widebody,1,218,409.5954725444466,16,1
BA,British Airways,FRA,DFW,United States,North America,777,Boeing 777-200,1995,29,widebody,1,314,8258.17612367846,467,0
BA,British Airways,FRA,LCY,United Kingdom,Europe,E70,Embraer 170,2004,20,regional_jet,0,76,620.3921096414854,66,0
BA,British Airways,FRA,LCY,United Kingdom,Europe,E90,Embraer 190,2005,19,regional_jet,0,100,620.3921096414854,66,0
BA,British Airways,FRA,LCY,United Kingdom,Europe,AR8,Avro RJ85 (BAe 146),1993,31,regional_jet,0,100,620.3921096414854,66,0
BA,British Airways,FRA,LHR,United Kingdom,Europe,320,Airbus A320,1988,36,narrowbody,0,150,654.7595966719059,524,0
BA,British Airways,FRA,LHR,United Kingdom,Europe,767,Boeing 767-300,1986,38,widebody,1,218,654.7595966719059,524,0
BA,British Airways,FRA,LHR,United Kingdom,Europe,319,Airbus A319,1996,28,narrowbody,0,124,654.7595966719059,524,0
BA,British Airways,GCM,NAS,Bahamas,North America,767,Boeing 767-300,1986,38,widebody,1,218,754.0773311049509,68,0
BA,British Airways,GIB,LHR,United Kingdom,Europe,320,Airbus A320,1988,36,narrowbody,0,150,1747.002661295568,524,0
BA,British Airways,GIG,LHR,United Kingdom,Europe,777,Boeing 777-200,1995,29,widebody,1,314,9253.295966022079,524,0
BA,British Airways,GLA,LCY,United Kingdom,Europe,E90,Embraer 190,2005,19,regional_jet,0,100,568.1476202266414,66,0
BA,British Airways,GLA,LCY,United Kingdom,Europe,E70,Embraer 170,2004,20,regional_jet,0,76,568.1476202266414,66,0
BA,British Airways,GLA,LGW,United Kingdom,Europe,734,Boeing 737-400,1988,36,narrowbody,0,150,595.2311623940369,352,0
BA,British Airways,GLA,LGW,United Kingdom,Europe,319,Airbus A319,1996,28,narrowbody,0,124,595.2311623940369,352,0
BA,British Airways,GLA,LHR,United Kingdom,Europe,319,Airbus A319,1996,28,narrowbody,0,124,554.7134401907792,524,0
BA,British Airways,GLA,LHR,United Kingdom,Europe,321,Airbus A321,1994,30,narrowbody,0,185,554.7134401907792,524,0
BA,British Airways,GLA,LHR,United Kingdom,Europe,320,Airbus A320,1988,36,narrowbody,0,150,554.7134401907792,524,0
BA,British Airways,GLA,LHR,United Kingdom,Europe,767,Boeing 767-300,1986,38,widebody,1,218,554.7134401907792,524,0
BA,British Airways,GND,UVF,Saint Lucia,North America,777,Boeing 777-200,1995,29,widebody,1,314,212.43198501378345,18,0
BA,British Airways,GOA,LGW,United Kingdom,Europe,320,Airbus A320,1988,36,narrowbody,0,150,1006.4219113803265,352,0
BA,British Airways,GOA,LGW,United Kingdom,Europe,319,Airbus A319,1996,28,narrowbody,0,124,1006.4219113803265,352,0
BA,British Airways,GOA,LGW,United Kingdom,Europe,734,Boeing 737-400,1988,36,narrowbody,0,150,1006.4219113803265,352,0
BA,British Airways,GOT,AAR,Denmark,Europe,FRJ,Fairchild Dornier 328JET,1999,25,regional_jet,0,32,181.89385180343194,8,0
BA,British Airways,GOT,LHR,United Kingdom,Europe,320,Airbus A320,1988,36,narrowbody,0,150,1068.8336864726543,524,0
BA,British Airways,GOT,LHR,United Kingdom,Europe,321,Airbus A321,1994,30,narrowbody,0,185,1068.8336864726543,524,0
BA,British Airways,GOT,LHR,United Kingdom,Europe,319,Airbus A319,1996,28,narrowbody,0,124,1068.8336864726543,524,0
BA,British Airways,GOT,MAN,United Kingdom,Europe,FRJ,Fairchild Dornier 328JET,1999,25,regional_jet,0,32,1031.289421489902,311,0
BA,British Airways,GRU,LHR,United Kingdom,Europe,744,Boeing 747-400,1989,35,widebody,1,416,9460.181537721091,524,0
BA,British Airways,GRX,LCY,United Kingdom,Europe,E90,Embraer 190,2005,19,regional_jet,0,100,1620.2585529235141,66,0
BA,British Airways,GUA,SAL,El Salvador,North America,343,Airbus A340-300,1993,31,widebody,1,277,203.34313198658126,52,0
BA,British Airways,GVA,LHR,United Kingdom,Europe,320,Airbus A320,1988,36,narrowbody,0,150,754.1271754409732,524,0
BA,British Airways,GVA,LHR,United Kingdom,Europe,319,Airbus A319,1996,28,narrowbody,0,124,754.1271754409732,524,0
BA,British Airways,GVA,LHR,United Kingdom,Europe,321,Airbus A321,1994,30,narrowbody,0,185,754.1271754409732,524,0
BA,British Airways,GYD,LHR,United Kingdom,Europe,321,Airbus A321,1994,30,narrowbody,0,185,4002.1208076872354,524,0
BA,British Airways,HAJ,LHR,United Kingdom,Europe,319,Airbus A319,1996,28,narrowbody,0,124,703.2419567923097,524,0
BA,British Airways,HAM,LHR,United Kingdom,Europe,320,Airbus A320,1988,36,narrowbody,0,150,745.4433932249112,524,0
BA,British Airways,HAM,LHR,United Kingdom,Europe,319,Airbus A319,1996,28,narrowbody,0,124,745.4433932249112,524,0
BA,British Airways,HAM,LHR,United Kingdom,Europe,321,Airbus A321,1994,30,narrowbody,0,185,745.4433932249112,524,0
BA,British Airways,HEL,JFK,United States,North America,333,Airbus A330-300,1994,30,widebody,1,277,6607.3154777031505,455,0
BA,British Airways,HEL,LHR,United Kingdom,Europe,320,Airbus A320,1988,36,narrowbody,0,150,1847.9556424748234,524,0
BA,British Airways,HEL,MAN,United Kingdom,Europe,E90,Embraer 190,2005,19,regional_jet,0,100,1811.5058910909286,311,0
BA,British Airways,HEL,VNO,Lithuania,Europe,E70,Embraer 170,2004,20,regional_jet,0,76,632.2236747930567,58,0
BA,British Airways,HEL,WAW,Poland,Europe,E90,Embraer 190,2005,19,regional_jet,0,100,939.0059573096996,120,0
BA,British Airways,HKG,CNS,Australia,Oceania,333,Airbus A330-300,1994,30,widebody,1,277,5568.017540716966,54,0
BA,British Airways,HKG,LHR,United Kingdom,Europe,388,Airbus A380-800,2007,17,widebody,1,525,9630.801600757959,524,0
BA,British Airways,HKG,LHR,United Kingdom,Europe,777,Boeing 777-200,1995,29,widebody,1,314,9630.801600757959,524,0
BA,British Airways,HKT,BKK,Thailand,Asia,320,Airbus A320,1988,36,narrowbody,0,150,673.5405578080735,330,0
BA,British Airways,HND,LHR,United Kingdom,Europe,777,Boeing 777-200,1995,29,widebody,1,314,9591.485021726337,524,0
BA,British Airways,HRE,JNB,South Africa,Africa,734,Boeing 737-400,1988,36,narrowbody,0,150,958.5165801530334,162,1
BA,British Airways,HRE,JNB,South Africa,Africa,733,Boeing 737-300,1984,40,narrowbody,0,140,958.5165801530334,162,1
BA,British Airways,HYD,LHR,United Kingdom,Europe,767,Boeing 767-300,1986,38,widebody,1,218,7754.17275657154,524,0
BA,British Airways,IAD,LHR,United Kingdom,Europe,744,Boeing 747-400,1989,35,widebody,1,416,5901.782515014723,524,0
BA,British Airways,IAD,LHR,United Kingdom,Europe,777,Boeing 777-200,1995,29,widebody,1,314,5901.782515014723,524,0
BA,British Airways,IAH,LHR,United Kingdom,Europe,744,Boeing 747-400,1989,35,widebody,1,416,7762.980705029508,524,0
BA,British Airways,IAH,LHR,United Kingdom,Europe,777,Boeing 777-200,1995,29,widebody,1,314,7762.980705029508,524,0
BA,British Airways,IBZ,LCY,United Kingdom,Europe,E70,Embraer 170,2004,20,regional_jet,0,76,1408.3880780693128,66,0
BA,British Airways,IBZ,LCY,United Kingdom,Europe,E90,Embraer 190,2005,19,regional_jet,0,100,1408.3880780693128,66,0
BA,British Airways,IBZ,LHR,United Kingdom,Europe,319,Airbus A319,1996,28,narrowbody,0,124,1408.0472212065367,524,0
BA,British Airways,IBZ,LHR,United Kingdom,Europe,320,Airbus A320,1988,36,narrowbody,0,150,1408.0472212065367,524,0
BA,British Airways,ICN,LHR,United Kingdom,Europe,777,Boeing 777-200,1995,29,widebody,1,314,8861.232489207725,524,0
BA,British Airways,IOM,LCY,United Kingdom,Europe,S20,Saab 2000,1994,30,turboprop,0,50,425.4619372125642,66,0
BA,British Airways,IST,LHR,United Kingdom,Europe,320,Airbus A320,1988,36,narrowbody,0,150,2488.8112395444864,524,0
BA,British Airways,IST,LHR,United Kingdom,Europe,767,Boeing 767-300,1986,38,widebody,1,218,2488.8112395444864,524,0
BA,British Airways,JED,LHR,United Kingdom,Europe,777,Boeing 777-200,1995,29,widebody,1,314,4748.296975147308,524,0
BA,British Airways,JER,LGW,United Kingdom,Europe,319,Airbus A319,1996,28,narrowbody,0,124,258.6927788449778,352,0
BA,British Airways,JER,LGW,United Kingdom,Europe,734,Boeing 737-400,1988,36,narrowbody,0,150,258.6927788449778,352,0
BA,British Airways,JFK,BCN,Spain,Europe,763,Boeing 767-300,1986,38,widebody,1,218,6150.227182054505,392,0
BA,British Airways,JFK,CDG,France,Europe,763,Boeing 767-300,1986,38,widebody,1,218,5833.649776425998,517,0
BA,British Airways,JFK,CDG,France,Europe,757,Boeing 757-200,1983,41,narrowbody,0,200,5833.649776425998,517,0
BA,British Airways,JFK,DUB,Ireland,Europe,757,Boeing 757-200,1983,41,narrowbody,0,200,5103.022720109331,207,0
BA,British Airways,JFK,FCO,Italy,Europe,763,Boeing 767-300,1986,38,widebody,1,218,6865.701999120659,331,0
BA,British Airways,JFK,HEL,Finland,Europe,333,Airbus A330-300,1994,30,widebody,1,277,6607.3154777031505,161,0
BA,British Airways,JFK,LCY,United Kingdom,Europe,318,Airbus A318,2003,21,narrowbody,0,107,5572.489107291123,66,0
BA,British Airways,JFK,LHR,United Kingdom,Europe,777,Boeing 777-200,1995,29,widebody,1,314,5539.644065388658,524,0
BA,British Airways,JFK,LHR,United Kingdom,Europe,744,Boeing 747-400,1989,35,widebody,1,416,5539.644065388658,524,0
BA,British Airways,JFK,MAD,Spain,Europe,333,Airbus A330-300,1994,30,widebody,1,277,5762.180228596245,331,0
BA,British Airways,JFK,MAD,Spain,Europe,757,Boeing 757-200,1983,41,narrowbody,0,200,5762.180228596245,331,0
BA,British Airways,JFK,MAD,Spain,Europe,346,Airbus A340-600,2002,22,widebody,1,326,5762.180228596245,331,0
BA,British Airways,JFK,MAN,United Kingdom,Europe,757,Boeing 757-200,1983,41,narrowbody,0,200,5362.043945310926,311,0
BA,British Airways,JFK,MXP,Italy,Europe,763,Boeing 767-300,1986,38,widebody,1,218,6412.74643390327,194,0
BA,British Airways,JFK,ORY,France,Europe,752,Boeing 757-200,1983,41,narrowbody,0,200,5833.92774909444,203,0
BA,British Airways,JMK,LHR,United Kingdom,Europe,320,Airbus A320,1988,36,narrowbody,0,150,2552.61095652503,524,0
BA,British Airways,JNB,CPT,South Africa,Africa,738,Boeing 737-800,1998,26,narrowbody,0,162,1271.0680698639783,42,1
BA,British Airways,JNB,CPT,South Africa,Africa,734,Boeing 737-400,1988,36,narrowbody,0,150,1271.0680698639783,42,1
BA,British Airways,JNB,CPT,South Africa,Africa,733,Boeing 737-300,1984,40,narrowbody,0,140,1271.0680698639783,42,1
BA,British Airways,JNB,DUR,South Africa,Africa,733,Boeing 737-300,1984,40,narrowbody,0,140,478.60615433087014,21,1
BA,British Airways,JNB,DUR,South Africa,Africa,734,Boeing 737-400,1988,36,narrowbody,0,150,478.60615433087014,21,1
BA,British Airways,JNB,HRE,Zimbabwe,Africa,734,Boeing 737-400,1988,36,narrowbody,0,150,958.5165801530334,31,1
BA,British Airways,JNB,HRE,Zimbabwe,Africa,733,Boeing 737-300,1984,40,narrowbody,0,140,958.5165801530334,31,1
BA,British Airways,JNB,LHR,United Kingdom,Europe,388,Airbus A380-800,2007,17,widebody,1,525,9075.134413801607,524,0
BA,British Airways,JNB,LHR,United Kingdom,Europe,744,Boeing 747-400,1989,35,widebody,1,416,9075.134413801607,524,0
BA,British Airways,JNB,LVI,Zambia,Africa,734,Boeing 737-400,1988,36,narrowbody,0,150,957.9268156982026,7,1
BA,British Airways,JNB,MRU,Mauritius,Africa,733,Boeing 737-300,1984,40,narrowbody,0,140,3065.9143572523053,41,1
BA,British Airways,JNB,PLZ,South Africa,Africa,734,Boeing 737-400,1988,36,narrowbody,0,150,908.2293347599322,9,1
BA,British Airways,JNB,PLZ,South Africa,Africa,733,Boeing 737-300,1984,40,narrowbody,0,140,908.2293347599322,9,1
BA,British Airways,JNB,VFA,Zimbabwe,Africa,734,Boeing 737-400,1988,36,narrowbody,0,150,928.0261170267066,7,1
BA,British Airways,JNB,WDH,Namibia,Africa,738,Boeing 737-800,1998,26,narrowbody,0,162,1164.7170329730652,19,1
BA,British Airways,JNB,WDH,Namibia,Africa,734,Boeing 737-400,1988,36,narrowbody,0,150,1164.7170329730652,19,1
BA,British Airways,JTR,LHR,United Kingdom,Europe,320,Airbus A320,1988,36,narrowbody,0,150,2644.4690225671648,524,0
BA,British Airways,KBP,LHR,United Kingdom,Europe,320,Airbus A320,1988,36,narrowbody,0,150,2185.3117419762693,524,0
BA,British Airways,KIN,LGW,United Kingdom,Europe,777,Boeing 777-200,1995,29,widebody,1,314,7536.800809661215,352,0
BA,British Airways,KWI,LHR,United Kingdom,Europe,744,Boeing 747-400,1989,35,widebody,1,416,4674.742502517312,524,0
BA,British Airways,LAD,LHR,United Kingdom,Europe,777,Boeing 777-200,1995,29,widebody,1,314,6835.8273044958005,524,0
BA,British Airways,LAS,LGW,United Kingdom,Europe,777,Boeing 777-200,1995,29,widebody,1,314,8432.734041630807,352,0
BA,British Airways,LAS,LHR,United Kingdom,Europe,744,Boeing 747-400,1989,35,widebody,1,416,8395.009616067942,524,0
BA,British Airways,LAX,LHR,United Kingdom,Europe,744,Boeing 747-400,1989,35,widebody,1,416,8759.655640360264,524,0
BA,British Airways,LAX,LHR,United Kingdom,Europe,388,Airbus A380-800,2007,17,widebody,1,525,8759.655640360264,524,0
BA,British Airways,LAX,MAD,Spain,Europe,346,Airbus A340-600,2002,22,widebody,1,326,9386.980181906685,331,0
BA,British Airways,LAX,MAD,Spain,Europe,343,Airbus A340-300,1993,31,widebody,1,277,9386.980181906685,331,0
BA,British Airways,LBA,LHR,United Kingdom,Europe,319,Airbus A319,1996,28,narrowbody,0,124,278.32795953849035,524,0
BA,British Airways,LCA,LGW,United Kingdom,Europe,320,Airbus A320,1988,36,narrowbody,0,150,3247.4598630522473,352,0
BA,British Airways,LCA,LHR,United Kingdom,Europe,767,Boeing 767-300,1986,38,widebody,1,218,3277.830974382435,524,0
BA,British Airways,LCY,ABZ,United Kingdom,Europe,E70,Embraer 170,2004,20,regional_jet,0,76,649.9482278813115,41,0
BA,British Airways,LCY,ABZ,United Kingdom,Europe,S20,Saab 2000,1994,30,turboprop,0,50,649.9482278813115,41,0
BA,British Airways,LCY,AGP,Spain,Europe,E90,Embraer 190,2005,19,regional_jet,0,100,1687.8556255262272,204,0
BA,British Airways,LCY,AMS,Netherlands,Europe,E90,Embraer 190,2005,19,regional_jet,0,100,335.0673301551608,450,0
BA,British Airways,LCY,AMS,Netherlands,Europe,E70,Embraer 170,2004,20,regional_jet,0,76,335.0673301551608,450,0
BA,British Airways,LCY,ARN,Sweden,Europe,E70,Embraer 170,2004,20,regional_jet,0,76,1434.8067358600595,220,0
BA,British Airways,LCY,DUS,Germany,Europe,AR8,Avro RJ85 (BAe 146),1993,31,regional_jet,0,100,466.0723304089373,285,0
BA,British Airways,LCY,DUS,Germany,Europe,E70,Embraer 170,2004,20,regional_jet,0,76,466.0723304089373,285,0
BA,British Airways,LCY,EDI,United Kingdom,Europe,E90,Embraer 190,2005,19,regional_jet,0,100,543.0779646412437,118,0
BA,British Airways,LCY,EDI,United Kingdom,Europe,E70,Embraer 170,2004,20,regional_jet,0,76,543.0779646412437,118,0
BA,British Airways,LCY,FLR,Italy,Europe,E70,Embraer 170,2004,20,regional_jet,0,76,1193.1064399152315,53,0
BA,British Airways,LCY,FLR,Italy,Europe,E90,Embraer 190,2005,19,regional_jet,0,100,1193.1064399152315,53,0
BA,British Airways,LCY,FRA,Germany,Europe,E70,Embraer 170,2004,20,regional_jet,0,76,620.3921096414854,493,0
BA,British Airways,LCY,FRA,Germany,Europe,E90,Embraer 190,2005,19,regional_jet,0,100,620.3921096414854,493,0
BA,British Airways,LCY,FRA,Germany,Europe,AR8,Avro RJ85 (BAe 146),1993,31,regional_jet,0,100,620.3921096414854,493,0
BA,British Airways,LCY,GLA,United Kingdom,Europe,E90,Embraer 190,2005,19,regional_jet,0,100,568.1476202266414,96,0
BA,British Airways,LCY,GLA,United Kingdom,Europe,E70,Embraer 170,2004,20,regional_jet,0,76,568.1476202266414,96,0
BA,British Airways,LCY,GRX,Spain,Europe,E90,Embraer 190,2005,19,regional_jet,0,100,1620.2585529235141,9,0
BA,British Airways,LCY,IBZ,Spain,Europe,E70,Embraer 170,2004,20,regional_jet,0,76,1408.3880780693128,103,0
BA,British Airways,LCY,IBZ,Spain,Europe,E90,Embraer 190,2005,19,regional_jet,0,100,1408.3880780693128,103,0
BA,British Airways,LCY,IOM,Isle of Man,Europe,S20,Saab 2000,1994,30,turboprop,0,50,425.4619372125642,11,0
BA,British Airways,LCY,MAD,Spain,Europe,E90,Embraer 190,2005,19,regional_jet,0,100,1257.8824852039518,331,0
BA,British Airways,LCY,MAH,Spain,Europe,E90,Embraer 190,2005,19,regional_jet,0,100,1333.8269007254487,36,0
BA,British Airways,LCY,NCE,France,Europe,E70,Embraer 170,2004,20,regional_jet,0,76,1023.472008223215,134,0
BA,British Airways,LCY,NCE,France,Europe,E90,Embraer 190,2005,19,regional_jet,0,100,1023.472008223215,134,0
BA,British Airways,LCY,PMI,Spain,Europe,E90,Embraer 190,2005,19,regional_jet,0,100,1345.2727819752222,277,0
BA,British Airways,LCY,RTM,Netherlands,Europe,S20,Saab 2000,1994,30,turboprop,0,50,305.8797704436695,33,0
BA,British Airways,LCY,VCE,Italy,Europe,E90,Embraer 190,2005,19,regional_jet,0,100,1122.6806315243775,123,0
BA,British Airways,LCY,VCE,Italy,Europe,E70,Embraer 170,2004,20,regional_jet,0,76,1122.6806315243775,123,0
BA,British Airways,LCY,ZRH,Switzerland,Europe,E90,Embraer 190,2005,19,regional_jet,0,100,759.7016521989098,247,0
BA,British Airways,LCY,ZRH,Switzerland,Europe,E70,Embraer 170,2004,20,regional_jet,0,76,759.7016521989098,247,0
BA,British Airways,LED,LHR,United Kingdom,Europe,321,Airbus A321,1994,30,narrowbody,0,185,2113.6701609246825,524,0
BA,British Airways,LGW,ACE,Spain,Europe,320,Airbus A320,1988,36,narrowbody,0,150,2710.1932023368595,117,0
BA,British Airways,LGW,AGP,Spain,Europe,319,Airbus A319,1996,28,narrowbody,0,124,1645.2059954530687,204,0
BA,British Airways,LGW,AGP,Spain,Europe,734,Boeing 737-400,1988,36,narrowbody,0,150,1645.2059954530687,204,0
BA,British Airways,LGW,AGP,Spain,Europe,320,Airbus A320,1988,36,narrowbody,0,150,1645.2059954530687,204,0
BA,British Airways,LGW,ALC,Spain,Europe,319,Airbus A319,1996,28,narrowbody,0,124,1430.9134254564956,157,0
BA,British Airways,LGW,ALC,Spain,Europe,734,Boeing 737-400,1988,36,narrowbody,0,150,1430.9134254564956,157,0
BA,British Airways,LGW,ALG,Algeria,Africa,734,Boeing 737-400,1988,36,narrowbody,0,150,1630.072318994599,88,1
BA,British Airways,LGW,ALG,Algeria,Africa,319,Airbus A319,1996,28,narrowbody,0,124,1630.072318994599,88,1
BA,British Airways,LGW,AMS,Netherlands,Europe,319,Airbus A319,1996,28,narrowbody,0,124,364.70174642684583,450,0
BA,British Airways,LGW,AMS,Netherlands,Europe,734,Boeing 737-400,1988,36,narrowbody,0,150,364.70174642684583,450,0
BA,British Airways,LGW,ANU,Antigua and Barbuda,North America,777,Boeing 777-200,1995,29,widebody,1,314,6564.040114125356,34,0
BA,British Airways,LGW,BCN,Spain,Europe,319,Airbus A319,1996,28,narrowbody,0,124,1109.0539170109528,392,0
BA,British Airways,LGW,BCN,Spain,Europe,734,Boeing 737-400,1988,36,narrowbody,0,150,1109.0539170109528,392,0
BA,British Airways,LGW,BCN,Spain,Europe,320,Airbus A320,1988,36,narrowbody,0,150,1109.0539170109528,392,0
BA,British Airways,LGW,BDA,Bermuda,North America,777,Boeing 777-200,1995,29,widebody,1,314,5540.636777903709,15,0
BA,British Airways,LGW,BGI,Barbados,North America,777,Boeing 777-200,1995,29,widebody,1,314,6758.762325432271,23,0
BA,British Airways,LGW,BOD,France,Europe,734,Boeing 737-400,1988,36,narrowbody,0,150,703.8111507400146,67,0
BA,British Airways,LGW,BOD,France,Europe,319,Airbus A319,1996,28,narrowbody,0,124,703.8111507400146,67,0
BA,British Airways,LGW,BRI,Italy,Europe,734,Boeing 737-400,1988,36,narrowbody,0,150,1708.572467378281,50,0
BA,British Airways,LGW,CTA,Italy,Europe,734,Boeing 737-400,1988,36,narrowbody,0,150,1938.2315847683637,118,0
BA,British Airways,LGW,CTA,Italy,Europe,319,Airbus A319,1996,28,narrowbody,0,124,1938.2315847683637,118,0
BA,British Airways,LGW,CUN,Mexico,North America,777,Boeing 777-200,1995,29,widebody,1,314,7976.73477789737,154,0
BA,British Airways,LGW,DBV,Croatia,Europe,734,Boeing 737-400,1988,36,narrowbody,0,150,1690.0700159035073,61,0
BA,British Airways,LGW,DBV,Croatia,Europe,319,Airbus A319,1996,28,narrowbody,0,124,1690.0700159035073,61,0
BA,British Airways,LGW,EDI,United Kingdom,Europe,734,Boeing 737-400,1988,36,narrowbody,0,150,573.6910126276788,118,0
BA,British Airways,LGW,EDI,United Kingdom,Europe,319,Airbus A319,1996,28,narrowbody,0,124,573.6910126276788,118,0
BA,British Airways,LGW,FAO,Portugal,Europe,319,Airbus A319,1996,28,narrowbody,0,124,1687.5718920883075,105,0
BA,British Airways,LGW,FAO,Portugal,Europe,734,Boeing 737-400,1988,36,narrowbody,0,150,1687.5718920883075,105,0
BA,British Airways,LGW,FAO,Portugal,Europe,320,Airbus A320,1988,36,narrowbody,0,150,1687.5718920883075,105,0
BA,British Airways,LGW,FCO,Italy,Europe,734,Boeing 737-400,1988,36,narrowbody,0,150,1405.6189200861272,331,0
BA,British Airways,LGW,FCO,Italy,Europe,320,Airbus A320,1988,36,narrowbody,0,150,1405.6189200861272,331,0
BA,British Airways,LGW,FCO,Italy,Europe,319,Airbus A319,1996,28,narrowbody,0,124,1405.6189200861272,331,0
BA,British Airways,LGW,GLA,United Kingdom,Europe,734,Boeing 737-400,1988,36,narrowbody,0,150,595.2311623940369,96,0
BA,British Airways,LGW,GLA,United Kingdom,Europe,319,Airbus A319,1996,28,narrowbody,0,124,595.2311623940369,96,0
BA,British Airways,LGW,GOA,Italy,Europe,320,Airbus A320,1988,36,narrowbody,0,150,1006.4219113803265,20,0
BA,British Airways,LGW,GOA,Italy,Europe,319,Airbus A319,1996,28,narrowbody,0,124,1006.4219113803265,20,0
BA,British Airways,LGW,GOA,Italy,Europe,734,Boeing 737-400,1988,36,narrowbody,0,150,1006.4219113803265,20,0
BA,British Airways,LGW,JER,Jersey,Europe,734,Boeing 737-400,1988,36,narrowbody,0,150,258.6927788449778,38,0
BA,British Airways,LGW,JER,Jersey,Europe,319,Airbus A319,1996,28,narrowbody,0,124,258.6927788449778,38,0
BA,British Airways,LGW,KIN,Jamaica,North America,777,Boeing 777-200,1995,29,widebody,1,314,7536.800809661215,28,0
BA,British Airways,LGW,LAS,United States,North America,777,Boeing 777-200,1995,29,widebody,1,314,8432.734041630807,252,0
BA,British Airways,LGW,LCA,Cyprus,Asia,320,Airbus A320,1988,36,narrowbody,0,150,3247.4598630522473,97,0
BA,British Airways,LGW,MCO,United States,North America,777,Boeing 777-200,1995,29,widebody,1,314,6991.457439605523,238,0
BA,British Airways,LGW,MLA,Malta,Europe,319,Airbus A319,1996,28,narrowbody,0,124,2062.965272365114,113,0
BA,British Airways,LGW,MLA,Malta,Europe,734,Boeing 737-400,1988,36,narrowbody,0,150,2062.965272365114,113,0
BA,British Airways,LGW,MLE,Maldives,Asia,777,Boeing 777-200,1995,29,widebody,1,314,8513.81193075443,41,0
BA,British Airways,LGW,MRU,Mauritius,Africa,777,Boeing 777-200,1995,29,widebody,1,314,9747.740118167438,41,1
BA,British Airways,LGW,NAP,Italy,Europe,320,Airbus A320,1988,36,narrowbody,0,150,1592.1384311048673,79,0
BA,British Airways,LGW,NAP,Italy,Europe,734,Boeing 737-400,1988,36,narrowbody,0,150,1592.1384311048673,79,0
BA,British Airways,LGW,NAP,Italy,Europe,319,Airbus A319,1996,28,narrowbody,0,124,1592.1384311048673,79,0
BA,British Airways,LGW,NCE,France,Europe,320,Airbus A320,1988,36,narrowbody,0,150,1001.0090553363054,134,0
BA,British Airways,LGW,NCE,France,Europe,734,Boeing 737-400,1988,36,narrowbody,0,150,1001.0090553363054,134,0
BA,British Airways,LGW,NCE,France,Europe,319,Airbus A319,1996,28,narrowbody,0,124,1001.0090553363054,134,0
BA,British Airways,LGW,NQY,United Kingdom,Europe,DH4,Bombardier Dash 8 Q400,2000,24,turboprop,0,78,346.71011742125387,6,0
BA,British Airways,LGW,OLB,Italy,Europe,737,Boeing 737-700,1998,26,narrowbody,0,143,1361.4912459876189,52,0
BA,British Airways,LGW,PFO,Cyprus,Asia,319,Airbus A319,1996,28,narrowbody,0,124,3185.7863759861125,43,0
BA,British Airways,LGW,PSA,Italy,Europe,734,Boeing 737-400,1988,36,narrowbody,0,150,1147.9897418027197,76,0
BA,British Airways,LGW,PSA,Italy,Europe,319,Airbus A319,1996,28,narrowbody,0,124,1147.9897418027197,76,0
BA,British Airways,LGW,RAK,Morocco,Africa,734,Boeing 737-400,1988,36,narrowbody,0,150,2266.2229928509064,72,1
BA,British Airways,LGW,RAK,Morocco,Africa,319,Airbus A319,1996,28,narrowbody,0,124,2266.2229928509064,72,1
BA,British Airways,LGW,RAK,Morocco,Africa,320,Airbus A320,1988,36,narrowbody,0,150,2266.2229928509064,72,1
BA,British Airways,LGW,SKG,Greece,Europe,734,Boeing 737-400,1988,36,narrowbody,0,150,2134.304251227802,87,0
BA,British Airways,LGW,SZG,Austria,Europe,734,Boeing 737-400,1988,36,narrowbody,0,150,1022.0177049923516,35,0
BA,British Airways,LGW,TFS,Spain,Europe,320,Airbus A320,1988,36,narrowbody,0,150,2912.426406857475,159,0
BA,British Airways,LGW,TIA,Albania,Europe,734,Boeing 737-400,1988,36,narrowbody,0,150,1864.456480582368,36,0
BA,British Airways,LGW,TPA,United States,North America,777,Boeing 777-200,1995,29,widebody,1,314,7111.06442947309,138,0
BA,British Airways,LGW,TRN,Italy,Europe,319,Airbus A319,1996,28,narrowbody,0,124,879.5216367929664,42,0
BA,British Airways,LGW,TRN,Italy,Europe,320,Airbus A320,1988,36,narrowbody,0,150,879.5216367929664,42,0
BA,British Airways,LGW,TRN,Italy,Europe,734,Boeing 737-400,1988,36,narrowbody,0,150,879.5216367929664,42,0
BA,British Airways,LGW,UVF,Saint Lucia,North America,777,Boeing 777-200,1995,29,widebody,1,314,6799.553448919423,18,0
BA,British Airways,LGW,VCE,Italy,Europe,734,Boeing 737-400,1988,36,narrowbody,0,150,1117.2585839002445,123,0
BA,British Airways,LGW,VCE,Italy,Europe,319,Airbus A319,1996,28,narrowbody,0,124,1117.2585839002445,123,0
BA,British Airways,LGW,VCE,Italy,Europe,320,Airbus A320,1988,36,narrowbody,0,150,1117.2585839002445,123,0
BA,British Airways,LGW,VRN,Italy,Europe,734,Boeing 737-400,1988,36,narrowbody,0,150,1038.0719173973062,38,0
BA,British Airways,LGW,VRN,Italy,Europe,319,Airbus A319,1996,28,narrowbody,0,124,1038.0719173973062,38,0
BA,British Airways,LGW,VRN,Italy,Europe,320,Airbus A320,1988,36,narrowbody,0,150,1038.0719173973062,38,0
BA,British Airways,LHR,ABV,Nigeria,Africa,777,Boeing 777-200,1995,29,widebody,1,314,4774.2164375182,30,1
BA,British Airways,LHR,ABZ,United Kingdom,Europe,320,Airbus A320,1988,36,narrowbody,0,150,647.0947460207125,41,0
BA,British Airways,LHR,ABZ,United Kingdom,Europe,319,Airbus A319,1996,28,narrowbody,0,124,647.0947460207125,41,0
BA,British Airways,LHR,ABZ,United Kingdom,Europe,321,Airbus A321,1994,30,narrowbody,0,185,647.0947460207125,41,0
BA,British Airways,LHR,ACC,Ghana,Africa,744,Boeing 747-400,1989,35,widebody,1,416,5100.073940811433,53,1
BA,British Airways,LHR,AGP,Spain,Europe,320,Airbus A320,1988,36,narrowbody,0,150,1675.8560299273577,204,0
BA,British Airways,LHR,ALA,Kazakhstan,Asia,767,Boeing 767-300,1986,38,widebody,1,218,5623.882547372165,67,0
BA,British Airways,LHR,AMM,Jordan,Asia,321,Airbus A321,1994,30,narrowbody,0,185,3683.020513165302,112,0
BA,British Airways,LHR,AMS,Netherlands,Europe,767,Boeing 767-300,1986,38,widebody,1,218,370.44882883109955,450,0
BA,British Airways,LHR,AMS,Netherlands,Europe,320,Airbus A320,1988,36,narrowbody,0,150,370.44882883109955,450,0
BA,British Airways,LHR,AMS,Netherlands,Europe,319,Airbus A319,1996,28,narrowbody,0,124,370.44882883109955,450,0
BA,British Airways,LHR,AMS,Netherlands,Europe,321,Airbus A321,1994,30,narrowbody,0,185,370.44882883109955,450,0
BA,British Airways,LHR,ARN,Sweden,Europe,321,Airbus A321,1994,30,narrowbody,0,185,1462.5380783836808,220,0
BA,British Airways,LHR,ARN,Sweden,Europe,319,Airbus A319,1996,28,narrowbody,0,124,1462.5380783836808,220,0
BA,British Airways,LHR,ARN,Sweden,Europe,767,Boeing 767-300,1986,38,widebody,1,218,1462.5380783836808,220,0
BA,British Airways,LHR,ARN,Sweden,Europe,320,Airbus A320,1988,36,narrowbody,0,150,1462.5380783836808,220,0
BA,British Airways,LHR,ATH,Greece,Europe,767,Boeing 767-300,1986,38,widebody,1,218,2426.7664261240566,206,0
BA,British Airways,LHR,ATH,Greece,Europe,320,Airbus A320,1988,36,narrowbody,0,150,2426.7664261240566,206,0
BA,British Airways,LHR,ATL,United States,North America,777,Boeing 777-200,1995,29,widebody,1,314,6760.763839225036,911,0
BA,British Airways,LHR,AUH,United Arab Emirates,Asia,777,Boeing 777-200,1995,29,widebody,1,314,5516.66375905738,236,0
BA,British Airways,LHR,AUS,United States,North America,788,Boeing 787-8,2011,13,widebody,1,242,7892.683328954675,84,0
BA,British Airways,LHR,BAH,Bahrain,Asia,777,Boeing 777-200,1995,29,widebody,1,314,5093.738851818934,86,0
BA,British Airways,LHR,BCN,Spain,Europe,319,Airbus A319,1996,28,narrowbody,0,124,1147.7128626922663,392,0
BA,British Airways,LHR,BCN,Spain,Europe,320,Airbus A320,1988,36,narrowbody,0,150,1147.7128626922663,392,0
BA,British Airways,LHR,BCN,Spain,Europe,321,Airbus A321,1994,30,narrowbody,0,185,1147.7128626922663,392,0
BA,British Airways,LHR,BCN,Spain,Europe,767,Boeing 767-300,1986,38,widebody,1,218,1147.7128626922663,392,0
BA,British Airways,LHR,BEY,Lebanon,Asia,321,Airbus A321,1994,30,narrowbody,0,185,3481.6567572622844,66,0
BA,British Airways,LHR,BGO,Norway,Europe,319,Airbus A319,1996,28,narrowbody,0,124,1042.1226941251093,68,0
BA,British Airways,LHR,BHD,United Kingdom,Europe,319,Airbus A319,1996,28,narrowbody,0,124,503.03556071534126,21,0
BA,British Airways,LHR,BKK,Thailand,Asia,777,Boeing 777-200,1995,29,widebody,1,314,9577.981016039783,330,0
BA,British Airways,LHR,BLQ,Italy,Europe,320,Airbus A320,1988,36,narrowbody,0,150,1163.2357144644207,88,0
BA,British Airways,LHR,BLQ,Italy,Europe,319,Airbus A319,1996,28,narrowbody,0,124,1163.2357144644207,88,0
BA,British Airways,LHR,BLR,India,Asia,777,Boeing 777-200,1995,29,widebody,1,314,8046.589775517985,98,0
BA,British Airways,LHR,BOM,India,Asia,777,Boeing 777-200,1995,29,widebody,1,314,7213.041153604433,225,0
BA,British Airways,LHR,BOS,United States,North America,744,Boeing 747-400,1989,35,widebody,1,416,5239.649725139816,212,0
BA,British Airways,LHR,BOS,United States,North America,777,Boeing 777-200,1995,29,widebody,1,314,5239.649725139816,212,0
BA,British Airways,LHR,BRU,Belgium,Europe,320,Airbus A320,1988,36,narrowbody,0,150,350.4345881894714,315,0
BA,British Airways,LHR,BRU,Belgium,Europe,319,Airbus A319,1996,28,narrowbody,0,124,350.4345881894714,315,0
BA,British Airways,LHR,BRU,Belgium,Europe,321,Airbus A321,1994,30,narrowbody,0,185,350.4345881894714,315,0
BA,British Airways,LHR,BSL,France,Europe,319,Airbus A319,1996,28,narrowbody,0,124,719.6117216713399,94,0
BA,British Airways,LHR,BSL,France,Europe,320,Airbus A320,1988,36,narrowbody,0,150,719.6117216713399,94,0
BA,British Airways,LHR,BSL,France,Europe,321,Airbus A321,1994,30,narrowbody,0,185,719.6117216713399,94,0
BA,British Airways,LHR,BUD,Hungary,Europe,320,Airbus A320,1988,36,narrowbody,0,150,1489.5495862621037,97,0
BA,British Airways,LHR,BWI,United States,North America,767,Boeing 767-300,1986,38,widebody,1,218,5833.379791856492,144,0
BA,British Airways,LHR,CAI,Egypt,Africa,767,Boeing 767-300,1986,38,widebody,1,218,3532.6479720082525,152,1
BA,British Airways,LHR,CDG,France,Europe,320,Airbus A320,1988,36,narrowbody,0,150,347.1675081044459,517,0
BA,British Airways,LHR,CDG,France,Europe,319,Airbus A319,1996,28,narrowbody,0,124,347.1675081044459,517,0
BA,British Airways,LHR,CDG,France,Europe,321,Airbus A321,1994,30,narrowbody,0,185,347.1675081044459,517,0
BA,British Airways,LHR,CPH,Denmark,Europe,321,Airbus A321,1994,30,narrowbody,0,185,979.6111473859539,228,0
BA,British Airways,LHR,CPH,Denmark,Europe,320,Airbus A320,1988,36,narrowbody,0,150,979.6111473859539,228,0
BA,British Airways,LHR,CPH,Denmark,Europe,319,Airbus A319,1996,28,narrowbody,0,124,979.6111473859539,228,0
BA,British Airways,LHR,CPT,South Africa,Africa,744,Boeing 747-400,1989,35,widebody,1,416,9680.893589605686,42,1
BA,British Airways,LHR,CPT,South Africa,Africa,777,Boeing 777-200,1995,29,widebody,1,314,9680.893589605686,42,1
BA,British Airways,LHR,CTU,China,Asia,788,Boeing 787-8,2011,13,widebody,1,242,8302.02766443328,323,0
BA,British Airways,LHR,DEL,India,Asia,777,Boeing 777-200,1995,29,widebody,1,314,6731.287540668029,263,0
BA,British Airways,LHR,DEN,United States,North America,777,Boeing 777-200,1995,29,widebody,1,314,7496.471554549003,374,0
BA,British Airways,LHR,DFW,United States,North America,744,Boeing 747-400,1989,35,widebody,1,416,7627.239393385962,467,0
BA,British Airways,LHR,DME,Russia,Europe,321,Airbus A321,1994,30,narrowbody,0,185,2545.0485033540585,325,0
BA,British Airways,LHR,DME,Russia,Europe,767,Boeing 767-300,1986,38,widebody,1,218,2545.0485033540585,325,0
BA,British Airways,LHR,DME,Russia,Europe,744,Boeing 747-400,1989,35,widebody,1,416,2545.0485033540585,325,0
BA,British Airways,LHR,DUB,Ireland,Europe,319,Airbus A319,1996,28,narrowbody,0,124,449.2537560432966,207,0
BA,British Airways,LHR,DUS,Germany,Europe,319,Airbus A319,1996,28,narrowbody,0,124,501.89104315604715,285,0
BA,British Airways,LHR,DUS,Germany,Europe,320,Airbus A320,1988,36,narrowbody,0,150,501.89104315604715,285,0
BA,British Airways,LHR,DXB,United Arab Emirates,Asia,744,Boeing 747-400,1989,35,widebody,1,416,5497.925614650826,354,0
BA,British Airways,LHR,DXB,United Arab Emirates,Asia,777,Boeing 777-200,1995,29,widebody,1,314,5497.925614650826,354,0
BA,British Airways,LHR,EBB,Uganda,Africa,767,Boeing 767-300,1986,38,widebody,1,218,6496.975074618299,33,1
BA,British Airways,LHR,EDI,United Kingdom,Europe,319,Airbus A319,1996,28,narrowbody,0,124,533.530300372911,118,0
BA,British Airways,LHR,EDI,United Kingdom,Europe,767,Boeing 767-300,1986,38,widebody,1,218,533.530300372911,118,0
BA,British Airways,LHR,EDI,United Kingdom,Europe,321,Airbus A321,1994,30,narrowbody,0,185,533.530300372911,118,0
BA,British Airways,LHR,EDI,United Kingdom,Europe,320,Airbus A320,1988,36,narrowbody,0,150,533.530300372911,118,0
BA,British Airways,LHR,EWR,United States,North America,777,Boeing 777-200,1995,29,widebody,1,314,5561.647586029511,252,0
BA,British Airways,LHR,EWR,United States,North America,788,Boeing 787-8,2011,13,widebody,1,242,5561.647586029511,252,0
BA,British Airways,LHR,EZE,Argentina,South America,777,Boeing 777-200,1995,29,widebody,1,314,11136.5641611028,74,0
BA,British Airways,LHR,FAO,Portugal,Europe,320,Airbus A320,1988,36,narrowbody,0,150,1712.7945229256625,105,0
BA,British Airways,LHR,FCO,Italy,Europe,767,Boeing 767-300,1986,38,widebody,1,218,1443.8871823627983,331,0
BA,British Airways,LHR,FCO,Italy,Europe,321,Airbus A321,1994,30,narrowbody,0,185,1443.8871823627983,331,0
BA,British Airways,LHR,FCO,Italy,Europe,320,Airbus A320,1988,36,narrowbody,0,150,1443.8871823627983,331,0
BA,British Airways,LHR,FCO,Italy,Europe,319,Airbus A319,1996,28,narrowbody,0,124,1443.8871823627983,331,0
BA,British Airways,LHR,FNA,Sierra Leone,Africa,767,Boeing 767-300,1986,38,widebody,1,218,4905.4020088912275,22,1
BA,British Airways,LHR,FRA,Germany,Europe,767,Boeing 767-300,1986,38,widebody,1,218,654.7595966719059,493,0
BA,British Airways,LHR,FRA,Germany,Europe,319,Airbus A319,1996,28,narrowbody,0,124,654.7595966719059,493,0
BA,British Airways,LHR,FRA,Germany,Europe,320,Airbus A320,1988,36,narrowbody,0,150,654.7595966719059,493,0
BA,British Airways,LHR,GIB,Gibraltar,Europe,320,Airbus A320,1988,36,narrowbody,0,150,1747.002661295568,6,0
BA,British Airways,LHR,GIG,Brazil,South America,777,Boeing 777-200,1995,29,widebody,1,314,9253.295966022079,96,0
BA,British Airways,LHR,GLA,United Kingdom,Europe,320,Airbus A320,1988,36,narrowbody,0,150,554.7134401907792,96,0
BA,British Airways,LHR,GLA,United Kingdom,Europe,319,Airbus A319,1996,28,narrowbody,0,124,554.7134401907792,96,0
BA,British Airways,LHR,GLA,United Kingdom,Europe,321,Airbus A321,1994,30,narrowbody,0,185,554.7134401907792,96,0
BA,British Airways,LHR,GLA,United Kingdom,Europe,767,Boeing 767-300,1986,38,widebody,1,218,554.7134401907792,96,0
BA,British Airways,LHR,GOT,Sweden,Europe,320,Airbus A320,1988,36,narrowbody,0,150,1068.8336864726543,54,0
BA,British Airways,LHR,GOT,Sweden,Europe,321,Airbus A321,1994,30,narrowbody,0,185,1068.8336864726543,54,0
BA,British Airways,LHR,GOT,Sweden,Europe,319,Airbus A319,1996,28,narrowbody,0,124,1068.8336864726543,54,0
BA,British Airways,LHR,GRU,Brazil,South America,744,Boeing 747-400,1989,35,widebody,1,416,9460.181537721091,194,0
BA,British Airways,LHR,GVA,Switzerland,Europe,319,Airbus A319,1996,28,narrowbody,0,124,754.1271754409732,163,0
BA,British Airways,LHR,GVA,Switzerland,Europe,320,Airbus A320,1988,36,narrowbody,0,150,754.1271754409732,163,0
BA,British Airways,LHR,GVA,Switzerland,Europe,321,Airbus A321,1994,30,narrowbody,0,185,754.1271754409732,163,0
BA,British Airways,LHR,GYD,Azerbaijan,Asia,321,Airbus A321,1994,30,narrowbody,0,185,4002.1208076872354,64,0
BA,British Airways,LHR,HAJ,Germany,Europe,319,Airbus A319,1996,28,narrowbody,0,124,703.2419567923097,76,0
BA,British Airways,LHR,HAM,Germany,Europe,319,Airbus A319,1996,28,narrowbody,0,124,745.4433932249112,160,0
BA,British Airways,LHR,HAM,Germany,Europe,321,Airbus A321,1994,30,narrowbody,0,185,745.4433932249112,160,0
BA,British Airways,LHR,HAM,Germany,Europe,320,Airbus A320,1988,36,narrowbody,0,150,745.4433932249112,160,0
BA,British Airways,LHR,HEL,Finland,Europe,320,Airbus A320,1988,36,narrowbody,0,150,1847.9556424748234,161,0
BA,British Airways,LHR,HKG,Hong Kong,Asia,388,Airbus A380-800,2007,17,widebody,1,525,9630.801600757959,355,0
BA,British Airways,LHR,HKG,Hong Kong,Asia,777,Boeing 777-200,1995,29,widebody,1,314,9630.801600757959,355,0
BA,British Airways,LHR,HND,Japan,Asia,777,Boeing 777-200,1995,29,widebody,1,314,9591.485021726337,158,0
BA,British Airways,LHR,HND,Japan,Asia,773,Boeing 777-300,1998,26,widebody,1,368,9591.485021726337,158,0
BA,British Airways,LHR,HYD,India,Asia,767,Boeing 767-300,1986,38,widebody,1,218,7754.17275657154,73,0
BA,British Airways,LHR,IAD,United States,North America,744,Boeing 747-400,1989,35,widebody,1,416,5901.782515014723,190,0
BA,British Airways,LHR,IAD,United States,North America,777,Boeing 777-200,1995,29,widebody,1,314,5901.782515014723,190,0
BA,British Airways,LHR,IAH,United States,North America,744,Boeing 747-400,1989,35,widebody,1,416,7762.980705029508,242,0
BA,British Airways,LHR,IAH,United States,North America,777,Boeing 777-200,1995,29,widebody,1,314,7762.980705029508,242,0
BA,British Airways,LHR,IBZ,Spain,Europe,319,Airbus A319,1996,28,narrowbody,0,124,1408.0472212065367,103,0
BA,British Airways,LHR,IBZ,Spain,Europe,320,Airbus A320,1988,36,narrowbody,0,150,1408.0472212065367,103,0
BA,British Airways,LHR,ICN,South Korea,Asia,777,Boeing 777-200,1995,29,widebody,1,314,8861.232489207725,370,0
BA,British Airways,LHR,IST,Turkey,Asia,320,Airbus A320,1988,36,narrowbody,0,150,2488.8112395444864,361,0
BA,British Airways,LHR,IST,Turkey,Asia,767,Boeing 767-300,1986,38,widebody,1,218,2488.8112395444864,361,0
BA,British Airways,LHR,JED,Saudi Arabia,Asia,777,Boeing 777-200,1995,29,widebody,1,314,4748.296975147308,183,0
BA,British Airways,LHR,JFK,United States,North America,744,Boeing 747-400,1989,35,widebody,1,416,5539.644065388658,455,0
BA,British Airways,LHR,JFK,United States,North America,777,Boeing 777-200,1995,29,widebody,1,314,5539.644065388658,455,0
BA,British Airways,LHR,JMK,Greece,Europe,320,Airbus A320,1988,36,narrowbody,0,150,2552.61095652503,13,0
BA,British Airways,LHR,JNB,South Africa,Africa,388,Airbus A380-800,2007,17,widebody,1,525,9075.134413801607,162,1
BA,British Airways,LHR,JNB,South Africa,Africa,744,Boeing 747-400,1989,35,widebody,1,416,9075.134413801607,162,1
BA,British Airways,LHR,JTR,Greece,Europe,320,Airbus A320,1988,36,narrowbody,0,150,2644.4690225671648,16,0
BA,British Airways,LHR,KBP,Ukraine,Europe,320,Airbus A320,1988,36,narrowbody,0,150,2185.3117419762693,100,0
BA,British Airways,LHR,KWI,Kuwait,Asia,744,Boeing 747-400,1989,35,widebody,1,416,4674.742502517312,119,0
BA,British Airways,LHR,LAD,Angola,Africa,777,Boeing 777-200,1995,29,widebody,1,314,6835.8273044958005,46,1
BA,British Airways,LHR,LAS,United States,North America,744,Boeing 747-400,1989,35,widebody,1,416,8395.009616067942,252,0
BA,British Airways,LHR,LAX,United States,North America,744,Boeing 747-400,1989,35,widebody,1,416,8759.655640360264,498,0
BA,British Airways,LHR,LAX,United States,North America,388,Airbus A380-800,2007,17,widebody,1,525,8759.655640360264,498,0
BA,British Airways,LHR,LBA,United Kingdom,Europe,319,Airbus A319,1996,28,narrowbody,0,124,278.32795953849035,80,0
BA,British Airways,LHR,LCA,Cyprus,Asia,767,Boeing 767-300,1986,38,widebody,1,218,3277.830974382435,97,0
BA,British Airways,LHR,LED,Russia,Europe,321,Airbus A321,1994,30,narrowbody,0,185,2113.6701609246825,184,0
BA,British Airways,LHR,LIN,Italy,Europe,319,Airbus A319,1996,28,narrowbody,0,124,980.6359727438182,60,0
BA,British Airways,LHR,LIN,Italy,Europe,320,Airbus A320,1988,36,narrowbody,0,150,980.6359727438182,60,0
BA,British Airways,LHR,LIN,Italy,Europe,321,Airbus A321,1994,30,narrowbody,0,185,980.6359727438182,60,0
BA,British Airways,LHR,LIS,Portugal,Europe,320,Airbus A320,1988,36,narrowbody,0,150,1563.9306140569588,221,0
BA,British Airways,LHR,LOS,Nigeria,Africa,744,Boeing 747-400,1989,35,widebody,1,416,5004.059643807025,59,1
BA,British Airways,LHR,LUX,Luxembourg,Europe,319,Airbus A319,1996,28,narrowbody,0,124,513.6270992647901,70,0
BA,British Airways,LHR,LYS,France,Europe,319,Airbus A319,1996,28,narrowbody,0,124,757.295155726699,140,0
BA,British Airways,LHR,MAA,India,Asia,777,Boeing 777-200,1995,29,widebody,1,314,8234.954203530844,104,0
BA,British Airways,LHR,MAD,Spain,Europe,767,Boeing 767-300,1986,38,widebody,1,218,1245.9502722815878,331,0
BA,British Airways,LHR,MAD,Spain,Europe,320,Airbus A320,1988,36,narrowbody,0,150,1245.9502722815878,331,0
BA,British Airways,LHR,MAD,Spain,Europe,319,Airbus A319,1996,28,narrowbody,0,124,1245.9502722815878,331,0
BA,British Airways,LHR,MAD,Spain,Europe,321,Airbus A321,1994,30,narrowbody,0,185,1245.9502722815878,331,0
BA,British Airways,LHR,MAN,United Kingdom,Europe,319,Airbus A319,1996,28,narrowbody,0,124,242.81089399247946,311,0
BA,British Airways,LHR,MAN,United Kingdom,Europe,320,Airbus A320,1988,36,narrowbody,0,150,242.81089399247946,311,0
BA,British Airways,LHR,MAN,United Kingdom,Europe,321,Airbus A321,1994,30,narrowbody,0,185,242.81089399247946,311,0
BA,British Airways,LHR,MEX,Mexico,North America,744,Boeing 747-400,1989,35,widebody,1,416,8903.857676484315,242,0
BA,British Airways,LHR,MIA,United States,North America,744,Boeing 747-400,1989,35,widebody,1,416,7108.928581678776,366,0
BA,British Airways,LHR,MRS,France,Europe,319,Airbus A319,1996,28,narrowbody,0,124,989.2803059194863,129,0
BA,British Airways,LHR,MRS,France,Europe,320,Airbus A320,1988,36,narrowbody,0,150,989.2803059194863,129,0
BA,British Airways,LHR,MUC,Germany,Europe,320,Airbus A320,1988,36,narrowbody,0,150,941.580211243619,360,0
BA,British Airways,LHR,MUC,Germany,Europe,321,Airbus A321,1994,30,narrowbody,0,185,941.580211243619,360,0
BA,British Airways,LHR,MUC,Germany,Europe,319,Airbus A319,1996,28,narrowbody,0,124,941.580211243619,360,0
BA,British Airways,LHR,MXP,Italy,Europe,319,Airbus A319,1996,28,narrowbody,0,124,936.3761958206834,194,0
BA,British Airways,LHR,MXP,Italy,Europe,320,Airbus A320,1988,36,narrowbody,0,150,936.3761958206834,194,0
BA,British Airways,LHR,MXP,Italy,Europe,321,Airbus A321,1994,30,narrowbody,0,185,936.3761958206834,194,0
BA,British Airways,LHR,NAS,Bahamas,North America,767,Boeing 767-300,1986,38,widebody,1,218,6976.522858831989,68,0
BA,British Airways,LHR,NBO,Kenya,Africa,744,Boeing 747-400,1989,35,widebody,1,416,6841.236617930037,128,1
BA,British Airways,LHR,NCE,France,Europe,320,Airbus A320,1988,36,narrowbody,0,150,1041.0658572022687,134,0
BA,British Airways,LHR,NCE,France,Europe,321,Airbus A321,1994,30,narrowbody,0,185,1041.0658572022687,134,0
BA,British Airways,LHR,NCE,France,Europe,319,Airbus A319,1996,28,narrowbody,0,124,1041.0658572022687,134,0
BA,British Airways,LHR,NCL,United Kingdom,Europe,319,Airbus A319,1996,28,narrowbody,0,124,404.9526410448085,81,0
BA,British Airways,LHR,NCL,United Kingdom,Europe,321,Airbus A321,1994,30,narrowbody,0,185,404.9526410448085,81,0
BA,British Airways,LHR,NCL,United Kingdom,Europe,320,Airbus A320,1988,36,narrowbody,0,150,404.9526410448085,81,0
BA,British Airways,LHR,NRT,Japan,Asia,777,Boeing 777-200,1995,29,widebody,1,314,9591.523647952015,289,0
BA,British Airways,LHR,OPO,Portugal,Europe,320,Airbus A320,1988,36,narrowbody,0,150,1298.0804609285567,102,0
BA,British Airways,LHR,OPO,Portugal,Europe,319,Airbus A319,1996,28,narrowbody,0,124,1298.0804609285567,102,0
BA,British Airways,LHR,ORD,United States,North America,744,Boeing 747-400,1989,35,widebody,1,416,6343.750642563714,550,0
BA,British Airways,LHR,ORD,United States,North America,777,Boeing 777-200,1995,29,widebody,1,314,6343.750642563714,550,0
BA,British Airways,LHR,ORY,France,Europe,319,Airbus A319,1996,28,narrowbody,0,124,366.53898946650366,203,0
BA,British Airways,LHR,ORY,France,Europe,320,Airbus A320,1988,36,narrowbody,0,150,366.53898946650366,203,0
BA,British Airways,LHR,OSL,Norway,Europe,319,Airbus A319,1996,28,narrowbody,0,124,1197.6925231274627,183,0
BA,British Airways,LHR,OSL,Norway,Europe,320,Airbus A320,1988,36,narrowbody,0,150,1197.6925231274627,183,0
BA,British Airways,LHR,OSL,Norway,Europe,321,Airbus A321,1994,30,narrowbody,0,185,1197.6925231274627,183,0
BA,British Airways,LHR,OTP,Romania,Europe,320,Airbus A320,1988,36,narrowbody,0,150,2103.795453134436,115,0
BA,British Airways,LHR,PEK,China,Asia,744,Boeing 747-400,1989,35,widebody,1,416,8153.295965289265,534,0
BA,British Airways,LHR,PHL,United States,North America,777,Boeing 777-200,1995,29,widebody,1,314,5689.7903917424255,287,0
BA,British Airways,LHR,PHL,United States,North America,767,Boeing 767-300,1986,38,widebody,1,218,5689.7903917424255,287,0
BA,British Airways,LHR,PHX,United States,North America,744,Boeing 747-400,1989,35,widebody,1,416,8462.885211967237,257,0
BA,British Airways,LHR,PMI,Spain,Europe,319,Airbus A319,1996,28,narrowbody,0,124,1348.2390401660741,277,0
BA,British Airways,LHR,PMI,Spain,Europe,320,Airbus A320,1988,36,narrowbody,0,150,1348.2390401660741,277,0
BA,British Airways,LHR,PRG,Czech Republic,Europe,320,Airbus A320,1988,36,narrowbody,0,150,1044.2711847934806,181,0
BA,British Airways,LHR,PSA,Italy,Europe,320,Airbus A320,1988,36,narrowbody,0,150,1186.116136107482,76,0
BA,British Airways,LHR,PSA,Italy,Europe,321,Airbus A321,1994,30,narrowbody,0,185,1186.116136107482,76,0
BA,British Airways,LHR,PVG,China,Asia,777,Boeing 777-200,1995,29,widebody,1,314,9241.423198066712,414,0
BA,British Airways,LHR,RDU,United States,North America,763,Boeing 767-300,1986,38,widebody,1,218,6216.118134545982,84,0
BA,British Airways,LHR,RTM,Netherlands,Europe,319,Airbus A319,1996,28,narrowbody,0,124,341.76505219713846,33,0
BA,British Airways,LHR,RUH,Saudi Arabia,Asia,744,Boeing 747-400,1989,35,widebody,1,416,4940.611826912758,139,0
BA,British Airways,LHR,RUH,Saudi Arabia,Asia,777,Boeing 777-200,1995,29,widebody,1,314,4940.611826912758,139,0
BA,British Airways,LHR,SAN,United States,North America,777,Boeing 777-200,1995,29,widebody,1,314,8806.90289837927,119,0
BA,British Airways,LHR,SEA,United States,North America,744,Boeing 747-400,1989,35,widebody,1,416,7702.083240103776,202,0
BA,British Airways,LHR,SEA,United States,North America,777,Boeing 777-200,1995,29,widebody,1,314,7702.083240103776,202,0
BA,British Airways,LHR,SFO,United States,North America,744,Boeing 747-400,1989,35,widebody,1,416,8615.998285349366,250,0
BA,British Airways,LHR,SIN,Singapore,Asia,744,Boeing 747-400,1989,35,widebody,1,416,10883.289204969044,412,0
BA,British Airways,LHR,SIN,Singapore,Asia,777,Boeing 777-200,1995,29,widebody,1,314,10883.289204969044,412,0
BA,British Airways,LHR,SOF,Bulgaria,Europe,320,Airbus A320,1988,36,narrowbody,0,150,2040.8882781225534,66,0
BA,British Airways,LHR,STR,Germany,Europe,319,Airbus A319,1996,28,narrowbody,0,124,756.2531171470499,136,0
BA,British Airways,LHR,STR,Germany,Europe,321,Airbus A321,1994,30,narrowbody,0,185,756.2531171470499,136,0
BA,British Airways,LHR,STR,Germany,Europe,320,Airbus A320,1988,36,narrowbody,0,150,756.2531171470499,136,0
BA,British Airways,LHR,SVG,Norway,Europe,319,Airbus A319,1996,28,narrowbody,0,124,909.188586898439,52,0
BA,British Airways,LHR,TIP,Libya,Africa,320,Airbus A320,1988,36,narrowbody,0,150,2365.4824479812382,47,1
BA,British Airways,LHR,TLS,France,Europe,319,Airbus A319,1996,28,narrowbody,0,124,882.5592820958602,83,0
BA,British Airways,LHR,TLS,France,Europe,320,Airbus A320,1988,36,narrowbody,0,150,882.5592820958602,83,0
BA,British Airways,LHR,TLS,France,Europe,321,Airbus A321,1994,30,narrowbody,0,185,882.5592820958602,83,0
BA,British Airways,LHR,TLV,Israel,Asia,777,Boeing 777-200,1995,29,widebody,1,314,3588.7069395816643,135,0
BA,British Airways,LHR,TLV,Israel,Asia,321,Airbus A321,1994,30,narrowbody,0,185,3588.7069395816643,135,0
BA,British Airways,LHR,TXL,Germany,Europe,320,Airbus A320,1988,36,narrowbody,0,150,947.2445245714869,210,0
BA,British Airways,LHR,TXL,Germany,Europe,321,Airbus A321,1994,30,narrowbody,0,185,947.2445245714869,210,0
BA,British Airways,LHR,TXL,Germany,Europe,319,Airbus A319,1996,28,narrowbody,0,124,947.2445245714869,210,0
BA,British Airways,LHR,VCE,Italy,Europe,320,Airbus A320,1988,36,narrowbody,0,150,1151.4330106019718,123,0
BA,British Airways,LHR,VCE,Italy,Europe,319,Airbus A319,1996,28,narrowbody,0,124,1151.4330106019718,123,0
BA,British Airways,LHR,VIE,Austria,Europe,320,Airbus A320,1988,36,narrowbody,0,150,1275.0608780680082,308,0
BA,British Airways,LHR,VIE,Austria,Europe,319,Airbus A319,1996,28,narrowbody,0,124,1275.0608780680082,308,0
BA,British Airways,LHR,WAW,Poland,Europe,320,Airbus A320,1988,36,narrowbody,0,150,1469.6046805608325,120,0
BA,British Airways,LHR,YUL,Canada,North America,777,Boeing 777-200,1995,29,widebody,1,314,5214.202575032599,186,0
BA,British Airways,LHR,YVR,Canada,North America,744,Boeing 747-400,1989,35,widebody,1,416,7578.584285389926,157,0
BA,British Airways,LHR,YYC,Canada,North America,767,Boeing 767-300,1986,38,widebody,1,218,7014.965216131146,113,0
BA,British Airways,LHR,YYZ,Canada,North America,788,Boeing 787-8,2011,13,widebody,1,242,5707.053460050177,317,0
BA,British Airways,LHR,YYZ,Canada,North America,744,Boeing 747-400,1989,35,widebody,1,416,5707.053460050177,317,0
BA,British Airways,LHR,ZAG,Croatia,Europe,319,Airbus A319,1996,28,narrowbody,0,124,1367.8870063927975,43,0
BA,British Airways,LHR,ZAG,Croatia,Europe,320,Airbus A320,1988,36,narrowbody,0,150,1367.8870063927975,43,0
BA,British Airways,LHR,ZRH,Switzerland,Europe,319,Airbus A319,1996,28,narrowbody,0,124,788.066935150064,247,0
BA,British Airways,LHR,ZRH,Switzerland,Europe,320,Airbus A320,1988,36,narrowbody,0,150,788.066935150064,247,0
BA,British Airways,LHR,ZRH,Switzerland,Europe,321,Airbus A321,1994,30,narrowbody,0,185,788.066935150064,247,0
BA,British Airways,LIN,LHR,United Kingdom,Europe,321,Airbus A321,1994,30,narrowbody,0,185,980.6359727438182,524,0
BA,British Airways,LIN,LHR,United Kingdom,Europe,319,Airbus A319,1996,28,narrowbody,0,124,980.6359727438182,524,0
BA,British Airways,LIN,LHR,United Kingdom,Europe,320,Airbus A320,1988,36,narrowbody,0,150,980.6359727438182,524,0
BA,British Airways,LIS,LHR,United Kingdom,Europe,320,Airbus A320,1988,36,narrowbody,0,150,1563.9306140569588,524,0
BA,British Airways,LOS,LHR,United Kingdom,Europe,744,Boeing 747-400,1989,35,widebody,1,416,5004.059643807025,524,0
BA,British Airways,LUX,LHR,United Kingdom,Europe,319,Airbus A319,1996,28,narrowbody,0,124,513.6270992647901,524,0
BA,British Airways,LVI,JNB,South Africa,Africa,734,Boeing 737-400,1988,36,narrowbody,0,150,957.9268156982026,162,1
BA,British Airways,LYS,LHR,United Kingdom,Europe,319,Airbus A319,1996,28,narrowbody,0,124,757.295155726699,524,0
BA,British Airways,MAA,LHR,United Kingdom,Europe,777,Boeing 777-200,1995,29,widebody,1,314,8234.954203530844,524,0
BA,British Airways,MAD,BOS,United States,North America,333,Airbus A330-300,1994,30,widebody,1,277,5474.383117560859,212,0
BA,British Airways,MAD,DFW,United States,North America,777,Boeing 777-200,1995,29,widebody,1,314,7973.896378105052,467,0
BA,British Airways,MAD,JFK,United States,North America,757,Boeing 757-200,1983,41,narrowbody,0,200,5762.180228596245,455,0
BA,British Airways,MAD,JFK,United States,North America,333,Airbus A330-300,1994,30,widebody,1,277,5762.180228596245,455,0
BA,British Airways,MAD,JFK,United States,North America,346,Airbus A340-600,2002,22,widebody,1,326,5762.180228596245,455,0
BA,British Airways,MAD,LAX,United States,North America,346,Airbus A340-600,2002,22,widebody,1,326,9386.980181906685,498,0
BA,British Airways,MAD,LAX,United States,North America,343,Airbus A340-300,1993,31,widebody,1,277,9386.980181906685,498,0
BA,British Airways,MAD,LCY,United Kingdom,Europe,E90,Embraer 190,2005,19,regional_jet,0,100,1257.8824852039518,66,0
BA,British Airways,MAD,LHR,United Kingdom,Europe,767,Boeing 767-300,1986,38,widebody,1,218,1245.9502722815878,524,0
BA,British Airways,MAD,LHR,United Kingdom,Europe,320,Airbus A320,1988,36,narrowbody,0,150,1245.9502722815878,524,0
BA,British Airways,MAD,LHR,United Kingdom,Europe,319,Airbus A319,1996,28,narrowbody,0,124,1245.9502722815878,524,0
BA,British Airways,MAD,LHR,United Kingdom,Europe,321,Airbus A321,1994,30,narrowbody,0,185,1245.9502722815878,524,0
BA,British Airways,MAD,MIA,United States,North America,763,Boeing 767-300,1986,38,widebody,1,218,7107.2521084037535,366,0
BA,British Airways,MAD,MIA,United States,North America,333,Airbus A330-300,1994,30,widebody,1,277,7107.2521084037535,366,0
BA,British Airways,MAD,MIA,United States,North America,346,Airbus A340-600,2002,22,widebody,1,326,7107.2521084037535,366,0
BA,British Airways,MAD,ORD,United States,North America,333,Airbus A330-300,1994,30,widebody,1,277,6745.830342546646,550,0
BA,British Airways,MAH,LCY,United Kingdom,Europe,E90,Embraer 190,2005,19,regional_jet,0,100,1333.8269007254487,66,0
BA,British Airways,MAN,BLL,Denmark,Europe,FRJ,Fairchild Dornier 328JET,1999,25,regional_jet,0,32,782.2024694862215,47,0
BA,British Airways,MAN,GOT,Sweden,Europe,FRJ,Fairchild Dornier 328JET,1999,25,regional_jet,0,32,1031.289421489902,54,0
BA,British Airways,MAN,HEL,Finland,Europe,E90,Embraer 190,2005,19,regional_jet,0,100,1811.5058910909286,161,0
BA,British Airways,MAN,JFK,United States,North America,757,Boeing 757-200,1983,41,narrowbody,0,200,5362.043945310926,455,0
BA,British Airways,MAN,LHR,United Kingdom,Europe,319,Airbus A319,1996,28,narrowbody,0,124,242.81089399247946,524,0
BA,British Airways,MAN,LHR,United Kingdom,Europe,320,Airbus A320,1988,36,narrowbody,0,150,242.81089399247946,524,0
BA,British Airways,MAN,LHR,United Kingdom,Europe,321,Airbus A321,1994,30,narrowbody,0,185,242.81089399247946,524,0
BA,British Airways,MAN,ORD,United States,North America,763,Boeing 767-300,1986,38,widebody,1,218,6139.964772866018,550,0
BA,British Airways,MCO,LGW,United Kingdom,Europe,777,Boeing 777-200,1995,29,widebody,1,314,6991.457439605523,352,0
BA,British Airways,MCT,AUH,United Arab Emirates,Asia,777,Boeing 777-200,1995,29,widebody,1,314,380.6524263288293,236,0
BA,British Airways,MEX,DFW,United States,North America,M80,McDonnell Douglas MD-80,1980,44,narrowbody,0,140,1510.334372713104,467,0
BA,British Airways,MEX,LHR,United Kingdom,Europe,744,Boeing 747-400,1989,35,widebody,1,416,8903.857676484315,524,0
BA,British Airways,MEX,MIA,United States,North America,738,Boeing 737-800,1998,26,narrowbody,0,162,2050.7079202094415,366,0
BA,British Airways,MIA,ATL,United States,North America,ER4,Embraer ERJ-145,1996,28,regional_jet,0,50,959.0645602676874,911,0
BA,British Airways,MIA,ATL,United States,North America,738,Boeing 737-800,1998,26,narrowbody,0,162,959.0645602676874,911,0
BA,British Airways,MIA,BCN,Spain,Europe,763,Boeing 767-300,1986,38,widebody,1,218,7544.851985531121,392,0
BA,British Airways,MIA,CDG,France,Europe,763,Boeing 767-300,1986,38,widebody,1,218,7371.472005306019,517,0
BA,British Airways,MIA,CUR,Netherlands Antilles,North America,738,Boeing 737-800,1998,26,narrowbody,0,162,1923.0465492862186,32,0
BA,British Airways,MIA,LHR,United Kingdom,Europe,744,Boeing 747-400,1989,35,widebody,1,416,7108.928581678776,524,0
BA,British Airways,MIA,MAD,Spain,Europe,333,Airbus A330-300,1994,30,widebody,1,277,7107.2521084037535,331,0
BA,British Airways,MIA,MAD,Spain,Europe,763,Boeing 767-300,1986,38,widebody,1,218,7107.2521084037535,331,0
BA,British Airways,MIA,MAD,Spain,Europe,346,Airbus A340-600,2002,22,widebody,1,326,7107.2521084037535,331,0
BA,British Airways,MIA,MEX,Mexico,North America,738,Boeing 737-800,1998,26,narrowbody,0,162,2050.7079202094415,242,0
BA,British Airways,MIA,MSY,United States,North America,738,Boeing 737-800,1998,26,narrowbody,0,162,1084.5929689177433,125,0
BA,British Airways,MIA,MXP,Italy,Europe,763,Boeing 767-300,1986,38,widebody,1,218,7920.013680715499,194,0
BA,British Airways,MIA,STT,Virgin Islands,North America,757,Boeing 757-200,1983,41,narrowbody,0,200,1780.8618409719759,32,0
BA,British Airways,MLA,LGW,United Kingdom,Europe,319,Airbus A319,1996,28,narrowbody,0,124,2062.965272365114,352,0
BA,British Airways,MLA,LGW,United Kingdom,Europe,734,Boeing 737-400,1988,36,narrowbody,0,150,2062.965272365114,352,0
BA,British Airways,MLE,CMB,Sri Lanka,Asia,777,Boeing 777-200,1995,29,widebody,1,314,777.677530689703,102,0
BA,British Airways,MLE,LGW,United Kingdom,Europe,777,Boeing 777-200,1995,29,widebody,1,314,8513.81193075443,352,0
BA,British Airways,MLM,DFW,United States,North America,ER4,Embraer ERJ-145,1996,28,regional_jet,0,50,1503.7401478837412,467,0
BA,British Airways,MRS,LHR,United Kingdom,Europe,319,Airbus A319,1996,28,narrowbody,0,124,989.2803059194863,524,0
BA,British Airways,MRS,LHR,United Kingdom,Europe,320,Airbus A320,1988,36,narrowbody,0,150,989.2803059194863,524,0
BA,British Airways,MRU,JNB,South Africa,Africa,733,Boeing 737-300,1984,40,narrowbody,0,140,3065.9143572523053,162,1
BA,British Airways,MRU,LGW,United Kingdom,Europe,777,Boeing 777-200,1995,29,widebody,1,314,9747.740118167438,352,0
BA,British Airways,MSY,DFW,United States,North America,M80,McDonnell Douglas MD-80,1980,44,narrowbody,0,140,719.4399852682243,467,0
BA,British Airways,MSY,DFW,United States,North America,M83,McDonnell Douglas MD-83,1985,39,narrowbody,0,150,719.4399852682243,467,0
BA,British Airways,MSY,MIA,United States,North America,738,Boeing 737-800,1998,26,narrowbody,0,162,1084.5929689177433,366,0
BA,British Airways,MSY,ORD,United States,North America,E75,Embraer 175,2005,19,regional_jet,0,88,1349.2498778486827,550,0
BA,British Airways,MUC,BLL,Denmark,Europe,FRJ,Fairchild Dornier 328JET,1999,25,regional_jet,0,32,840.7052153201904,47,0
BA,British Airways,MUC,LHR,United Kingdom,Europe,321,Airbus A321,1994,30,narrowbody,0,185,941.580211243619,524,0
BA,British Airways,MUC,LHR,United Kingdom,Europe,320,Airbus A320,1988,36,narrowbody,0,150,941.580211243619,524,0
BA,British Airways,MUC,LHR,United Kingdom,Europe,319,Airbus A319,1996,28,narrowbody,0,124,941.580211243619,524,0
BA,British Airways,MXP,JFK,United States,North America,763,Boeing 767-300,1986,38,widebody,1,218,6412.74643390327,455,0
BA,British Airways,MXP,LHR,United Kingdom,Europe,319,Airbus A319,1996,28,narrowbody,0,124,936.3761958206834,524,0
BA,British Airways,MXP,LHR,United Kingdom,Europe,320,Airbus A320,1988,36,narrowbody,0,150,936.3761958206834,524,0
BA,British Airways,MXP,LHR,United Kingdom,Europe,321,Airbus A321,1994,30,narrowbody,0,185,936.3761958206834,524,0
BA,British Airways,MXP,MIA,United States,North America,763,Boeing 767-300,1986,38,widebody,1,218,7920.013680715499,366,0
BA,British Airways,NAP,LGW,United Kingdom,Europe,320,Airbus A320,1988,36,narrowbody,0,150,1592.1384311048673,352,0
BA,British Airways,NAP,LGW,United Kingdom,Europe,734,Boeing 737-400,1988,36,narrowbody,0,150,1592.1384311048673,352,0
BA,British Airways,NAP,LGW,United Kingdom,Europe,319,Airbus A319,1996,28,narrowbody,0,124,1592.1384311048673,352,0
BA,British Airways,NAS,GCM,Cayman Islands,North America,767,Boeing 767-300,1986,38,widebody,1,218,754.0773311049509,26,0
BA,British Airways,NAS,LHR,United Kingdom,Europe,767,Boeing 767-300,1986,38,widebody,1,218,6976.522858831989,524,0
BA,British Airways,NAS,PLS,Turks and Caicos Islands,North America,767,Boeing 767-300,1986,38,widebody,1,218,642.8787403694984,31,0
BA,British Airways,NBO,LHR,United Kingdom,Europe,744,Boeing 747-400,1989,35,widebody,1,416,6841.236617930037,524,0
BA,British Airways,NCE,LCY,United Kingdom,Europe,E70,Embraer 170,2004,20,regional_jet,0,76,1023.472008223215,66,0
BA,British Airways,NCE,LCY,United Kingdom,Europe,E90,Embraer 190,2005,19,regional_jet,0,100,1023.472008223215,66,0
BA,British Airways,NCE,LGW,United Kingdom,Europe,319,Airbus A319,1996,28,narrowbody,0,124,1001.0090553363054,352,0
BA,British Airways,NCE,LGW,United Kingdom,Europe,320,Airbus A320,1988,36,narrowbody,0,150,1001.0090553363054,352,0
BA,British Airways,NCE,LGW,United Kingdom,Europe,734,Boeing 737-400,1988,36,narrowbody,0,150,1001.0090553363054,352,0
BA,British Airways,NCE,LHR,United Kingdom,Europe,319,Airbus A319,1996,28,narrowbody,0,124,1041.0658572022687,524,0
BA,British Airways,NCE,LHR,United Kingdom,Europe,320,Airbus A320,1988,36,narrowbody,0,150,1041.0658572022687,524,0
BA,British Airways,NCE,LHR,United Kingdom,Europe,321,Airbus A321,1994,30,narrowbody,0,185,1041.0658572022687,524,0
BA,British Airways,NCL,LHR,United Kingdom,Europe,319,Airbus A319,1996,28,narrowbody,0,124,404.9526410448085,524,0
BA,British Airways,NCL,LHR,United Kingdom,Europe,321,Airbus A321,1994,30,narrowbody,0,185,404.9526410448085,524,0
BA,British Airways,NCL,LHR,United Kingdom,Europe,320,Airbus A320,1988,36,narrowbody,0,150,404.9526410448085,524,0
BA,British Airways,NQY,LGW,United Kingdom,Europe,DH4,Bombardier Dash 8 Q400,2000,24,turboprop,0,78,346.71011742125387,352,0
BA,British Airways,NRT,LHR,United Kingdom,Europe,777,Boeing 777-200,1995,29,widebody,1,314,9591.523647952015,524,0
BA,British Airways,OLB,LGW,United Kingdom,Europe,737,Boeing 737-700,1998,26,narrowbody,0,143,1361.4912459876189,352,0
BA,British Airways,OPO,LHR,United Kingdom,Europe,320,Airbus A320,1988,36,narrowbody,0,150,1298.0804609285567,524,0
BA,British Airways,OPO,LHR,United Kingdom,Europe,319,Airbus A319,1996,28,narrowbody,0,124,1298.0804609285567,524,0
BA,British Airways,ORD,ATL,United States,North America,E75,Embraer 175,2005,19,regional_jet,0,88,976.3278291656196,911,0
BA,British Airways,ORD,ATL,United States,North America,CR7,Bombardier CRJ-700,2001,23,regional_jet,0,70,976.3278291656196,911,0
BA,British Airways,ORD,CDG,France,Europe,763,Boeing 767-300,1986,38,widebody,1,218,6664.207933200134,517,0
BA,British Airways,ORD,DUB,Ireland,Europe,763,Boeing 767-300,1986,38,widebody,1,218,5895.32186040091,207,0
BA,British Airways,ORD,DUS,Germany,Europe,763,Boeing 767-300,1986,38,widebody,1,218,6788.404223746137,285,0
BA,British Airways,ORD,FCO,Italy,Europe,763,Boeing 767-300,1986,38,widebody,1,218,7741.601554757426,331,0
BA,British Airways,ORD,LHR,United Kingdom,Europe,744,Boeing 747-400,1989,35,widebody,1,416,6343.750642563714,524,0
BA,British Airways,ORD,LHR,United Kingdom,Europe,777,Boeing 777-200,1995,29,widebody,1,314,6343.750642563714,524,0
BA,British Airways,ORD,MAD,Spain,Europe,333,Airbus A330-300,1994,30,widebody,1,277,6745.830342546646,331,0
BA,British Airways,ORD,MAN,United Kingdom,Europe,763,Boeing 767-300,1986,38,widebody,1,218,6139.964772866018,311,0
BA,British Airways,ORD,MSY,United States,North America,E75,Embraer 175,2005,19,regional_jet,0,88,1349.2498778486827,125,0
BA,British Airways,ORY,EWR,United States,North America,752,Boeing 757-200,1983,41,narrowbody,0,200,5857.01129875616,252,0
BA,British Airways,ORY,JFK,United States,North America,752,Boeing 757-200,1983,41,narrowbody,0,200,5833.92774909444,455,0
BA,British Airways,ORY,LHR,United Kingdom,Europe,319,Airbus A319,1996,28,narrowbody,0,124,366.53898946650366,524,0
BA,British Airways,ORY,LHR,United Kingdom,Europe,320,Airbus A320,1988,36,narrowbody,0,150,366.53898946650366,524,0
BA,British Airways,OSL,AAL,Denmark,Europe,J31,BAe Jetstream 31,1982,42,turboprop,0,19,343.8201709879395,21,0
BA,British Airways,OSL,AAL,Denmark,Europe,FRJ,Fairchild Dornier 328JET,1999,25,regional_jet,0,32,343.8201709879395,21,0
BA,British Airways,OSL,AAR,Denmark,Europe,FRJ,Fairchild Dornier 328JET,1999,25,regional_jet,0,32,425.62358989823014,8,0
BA,British Airways,OSL,BLL,Denmark,Europe,FRJ,Fairchild Dornier 328JET,1999,25,regional_jet,0,32,499.7858981056182,47,0
BA,British Airways,OSL,LHR,United Kingdom,Europe,319,Airbus A319,1996,28,narrowbody,0,124,1197.6925231274627,524,0
BA,British Airways,OSL,LHR,United Kingdom,Europe,320,Airbus A320,1988,36,narrowbody,0,150,1197.6925231274627,524,0
BA,British Airways,OSL,LHR,United Kingdom,Europe,321,Airbus A321,1994,30,narrowbody,0,185,1197.6925231274627,524,0
BA,British Airways,OTP,LHR,United Kingdom,Europe,320,Airbus A320,1988,36,narrowbody,0,150,2103.795453134436,524,0
BA,British Airways,PEK,LHR,United Kingdom,Europe,744,Boeing 747-400,1989,35,widebody,1,416,8153.295965289265,524,0
BA,British Airways,PFO,LGW,United Kingdom,Europe,319,Airbus A319,1996,28,narrowbody,0,124,3185.7863759861125,352,0
BA,British Airways,PHL,LHR,United Kingdom,Europe,777,Boeing 777-200,1995,29,widebody,1,314,5689.7903917424255,524,0
BA,British Airways,PHL,LHR,United Kingdom,Europe,767,Boeing 767-300,1986,38,widebody,1,218,5689.7903917424255,524,0
BA,British Airways,PHX,LHR,United Kingdom,Europe,744,Boeing 747-400,1989,35,widebody,1,416,8462.885211967237,524,0
BA,British Airways,PLS,NAS,Bahamas,North America,767,Boeing 767-300,1986,38,widebody,1,218,642.8787403694984,68,0
BA,British Airways,PLZ,CPT,South Africa,Africa,733,Boeing 737-300,1984,40,narrowbody,0,140,646.8004364325693,42,1
BA,British Airways,PLZ,DUR,South Africa,Africa,733,Boeing 737-300,1984,40,narrowbody,0,140,711.4989027590192,21,1
BA,British Airways,PLZ,JNB,South Africa,Africa,733,Boeing 737-300,1984,40,narrowbody,0,140,908.2293347599322,162,1
BA,British Airways,PLZ,JNB,South Africa,Africa,734,Boeing 737-400,1988,36,narrowbody,0,150,908.2293347599322,162,1
BA,British Airways,PMI,LCY,United Kingdom,Europe,E90,Embraer 190,2005,19,regional_jet,0,100,1345.2727819752222,66,0
BA,British Airways,PMI,LHR,United Kingdom,Europe,319,Airbus A319,1996,28,narrowbody,0,124,1348.2390401660741,524,0
BA,British Airways,PMI,LHR,United Kingdom,Europe,320,Airbus A320,1988,36,narrowbody,0,150,1348.2390401660741,524,0
BA,British Airways,POS,UVF,Saint Lucia,North America,777,Boeing 777-200,1995,29,widebody,1,314,351.4023546917209,18,0
BA,British Airways,PRG,LHR,United Kingdom,Europe,320,Airbus A320,1988,36,narrowbody,0,150,1044.2711847934806,524,0
BA,British Airways,PSA,LGW,United Kingdom,Europe,734,Boeing 737-400,1988,36,narrowbody,0,150,1147.9897418027197,352,0
BA,British Airways,PSA,LGW,United Kingdom,Europe,319,Airbus A319,1996,28,narrowbody,0,124,1147.9897418027197,352,0
BA,British Airways,PSA,LHR,United Kingdom,Europe,320,Airbus A320,1988,36,narrowbody,0,150,1186.116136107482,524,0
BA,British Airways,PSA,LHR,United Kingdom,Europe,321,Airbus A321,1994,30,narrowbody,0,185,1186.116136107482,524,0
BA,British Airways,PUJ,ANU,Antigua and Barbuda,North America,777,Boeing 777-200,1995,29,widebody,1,314,713.3555688424749,34,0
BA,British Airways,PVG,LHR,United Kingdom,Europe,777,Boeing 777-200,1995,29,widebody,1,314,9241.423198066712,524,0
BA,British Airways,RAK,LGW,United Kingdom,Europe,734,Boeing 737-400,1988,36,narrowbody,0,150,2266.2229928509064,352,0
BA,British Airways,RAK,LGW,United Kingdom,Europe,319,Airbus A319,1996,28,narrowbody,0,124,2266.2229928509064,352,0
BA,British Airways,RAK,LGW,United Kingdom,Europe,320,Airbus A320,1988,36,narrowbody,0,150,2266.2229928509064,352,0
BA,British Airways,RDU,LHR,United Kingdom,Europe,763,Boeing 767-300,1986,38,widebody,1,218,6216.118134545982,524,0
BA,British Airways,ROB,FNA,Sierra Leone,Africa,767,Boeing 767-300,1986,38,widebody,1,218,409.5954725444466,22,1
BA,British Airways,RTM,LCY,United Kingdom,Europe,S20,Saab 2000,1994,30,turboprop,0,50,305.8797704436695,66,0
BA,British Airways,RTM,LHR,United Kingdom,Europe,319,Airbus A319,1996,28,narrowbody,0,124,341.76505219713846,524,0
BA,British Airways,RUH,LHR,United Kingdom,Europe,744,Boeing 747-400,1989,35,widebody,1,416,4940.611826912758,524,0
BA,British Airways,RUH,LHR,United Kingdom,Europe,777,Boeing 777-200,1995,29,widebody,1,314,4940.611826912758,524,0
BA,British Airways,SAN,LHR,United Kingdom,Europe,777,Boeing 777-200,1995,29,widebody,1,314,8806.90289837927,524,0
BA,British Airways,SEA,LHR,United Kingdom,Europe,744,Boeing 747-400,1989,35,widebody,1,416,7702.083240103776,524,0
BA,British Airways,SEA,LHR,United Kingdom,Europe,777,Boeing 777-200,1995,29,widebody,1,314,7702.083240103776,524,0
BA,British Airways,SFO,LHR,United Kingdom,Europe,744,Boeing 747-400,1989,35,widebody,1,416,8615.998285349366,524,0
BA,British Airways,SIN,LHR,United Kingdom,Europe,744,Boeing 747-400,1989,35,widebody,1,416,10883.289204969044,524,0
BA,British Airways,SIN,LHR,United Kingdom,Europe,777,Boeing 777-200,1995,29,widebody,1,314,10883.289204969044,524,0
BA,British Airways,SIN,SYD,Australia,Oceania,777,Boeing 777-200,1995,29,widebody,1,314,6293.4426079209525,202,0
BA,British Airways,SJO,MIA,United States,North America,757,Boeing 757-200,1983,41,narrowbody,0,200,1804.668826348948,366,0
BA,British Airways,SJO,MIA,United States,North America,738,Boeing 737-800,1998,26,narrowbody,0,162,1804.668826348948,366,0
BA,British Airways,SKB,ANU,Antigua and Barbuda,North America,777,Boeing 777-200,1995,29,widebody,1,314,100.24442470248421,34,0
BA,British Airways,SKG,LGW,United Kingdom,Europe,734,Boeing 737-400,1988,36,narrowbody,0,150,2134.304251227802,352,0
BA,British Airways,SOF,LHR,United Kingdom,Europe,320,Airbus A320,1988,36,narrowbody,0,150,2040.8882781225534,524,0
BA,British Airways,STR,LHR,United Kingdom,Europe,319,Airbus A319,1996,28,narrowbody,0,124,756.2531171470499,524,0
BA,British Airways,STR,LHR,United Kingdom,Europe,321,Airbus A321,1994,30,narrowbody,0,185,756.2531171470499,524,0
BA,British Airways,STR,LHR,United Kingdom,Europe,320,Airbus A320,1988,36,narrowbody,0,150,756.2531171470499,524,0
BA,British Airways,STT,MIA,United States,North America,757,Boeing 757-200,1983,41,narrowbody,0,200,1780.8618409719759,366,0
BA,British Airways,SVG,LHR,United Kingdom,Europe,319,Airbus A319,1996,28,narrowbody,0,124,909.188586898439,524,0
BA,British Airways,SYD,SIN,Singapore,Asia,777,Boeing 777-200,1995,29,widebody,1,314,6293.4426079209525,412,0
BA,British Airways,SZG,LGW,United Kingdom,Europe,734,Boeing 737-400,1988,36,narrowbody,0,150,1022.0177049923516,352,0
BA,British Airways,TAB,ANU,Antigua and Barbuda,North America,777,Boeing 777-200,1995,29,widebody,1,314,673.722984147183,34,0
BA,British Airways,TFS,LGW,United Kingdom,Europe,320,Airbus A320,1988,36,narrowbody,0,150,2912.426406857475,352,0
BA,British Airways,TIA,LGW,United Kingdom,Europe,734,Boeing 737-400,1988,36,narrowbody,0,150,1864.456480582368,352,0
BA,British Airways,TIP,LHR,United Kingdom,Europe,320,Airbus A320,1988,36,narrowbody,0,150,2365.4824479812382,524,0
BA,British Airways,TLS,LHR,United Kingdom,Europe,320,Airbus A320,1988,36,narrowbody,0,150,882.5592820958602,524,0
BA,British Airways,TLS,LHR,United Kingdom,Europe,319,Airbus A319,1996,28,narrowbody,0,124,882.5592820958602,524,0
BA,British Airways,TLS,LHR,United Kingdom,Europe,321,Airbus A321,1994,30,narrowbody,0,185,882.5592820958602,524,0
BA,British Airways,TLV,LHR,United Kingdom,Europe,321,Airbus A321,1994,30,narrowbody,0,185,3588.7069395816643,524,0
BA,British Airways,TLV,LHR,United Kingdom,Europe,777,Boeing 777-200,1995,29,widebody,1,314,3588.7069395816643,524,0
BA,British Airways,TPA,LGW,United Kingdom,Europe,777,Boeing 777-200,1995,29,widebody,1,314,7111.06442947309,352,0
BA,British Airways,TRN,LGW,United Kingdom,Europe,319,Airbus A319,1996,28,narrowbody,0,124,879.5216367929664,352,0
BA,British Airways,TRN,LGW,United Kingdom,Europe,320,Airbus A320,1988,36,narrowbody,0,150,879.5216367929664,352,0
BA,British Airways,TRN,LGW,United Kingdom,Europe,734,Boeing 737-400,1988,36,narrowbody,0,150,879.5216367929664,352,0
BA,British Airways,TXL,LHR,United Kingdom,Europe,320,Airbus A320,1988,36,narrowbody,0,150,947.2445245714869,524,0
BA,British Airways,TXL,LHR,United Kingdom,Europe,321,Airbus A321,1994,30,narrowbody,0,185,947.2445245714869,524,0
BA,British Airways,TXL,LHR,United Kingdom,Europe,319,Airbus A319,1996,28,narrowbody,0,124,947.2445245714869,524,0
BA,British Airways,UVF,GND,Grenada,North America,777,Boeing 777-200,1995,29,widebody,1,314,212.43198501378345,15,0
BA,British Airways,UVF,LGW,United Kingdom,Europe,777,Boeing 777-200,1995,29,widebody,1,314,6799.553448919423,352,0
BA,British Airways,UVF,POS,Trinidad and Tobago,North America,777,Boeing 777-200,1995,29,widebody,1,314,351.4023546917209,35,0
BA,British Airways,VCE,LCY,United Kingdom,Europe,E90,Embraer 190,2005,19,regional_jet,0,100,1122.6806315243775,66,0
BA,British Airways,VCE,LCY,United Kingdom,Europe,E70,Embraer 170,2004,20,regional_jet,0,76,1122.6806315243775,66,0
BA,British Airways,VCE,LGW,United Kingdom,Europe,734,Boeing 737-400,1988,36,narrowbody,0,150,1117.2585839002445,352,0
BA,British Airways,VCE,LGW,United Kingdom,Europe,319,Airbus A319,1996,28,narrowbody,0,124,1117.2585839002445,352,0
BA,British Airways,VCE,LGW,United Kingdom,Europe,320,Airbus A320,1988,36,narrowbody,0,150,1117.2585839002445,352,0
BA,British Airways,VCE,LHR,United Kingdom,Europe,320,Airbus A320,1988,36,narrowbody,0,150,1151.4330106019718,524,0
BA,British Airways,VCE,LHR,United Kingdom,Europe,319,Airbus A319,1996,28,narrowbody,0,124,1151.4330106019718,524,0
BA,British Airways,VFA,JNB,South Africa,Africa,734,Boeing 737-400,1988,36,narrowbody,0,150,928.0261170267066,162,1
BA,British Airways,VIE,LHR,United Kingdom,Europe,320,Airbus A320,1988,36,narrowbody,0,150,1275.0608780680082,524,0
BA,British Airways,VIE,LHR,United Kingdom,Europe,319,Airbus A319,1996,28,narrowbody,0,124,1275.0608780680082,524,0
BA,British Airways,VNO,HEL,Finland,Europe,E90,Embraer 190,2005,19,regional_jet,0,100,632.2236747930567,161,0
BA,British Airways,VRN,LGW,United Kingdom,Europe,734,Boeing 737-400,1988,36,narrowbody,0,150,1038.0719173973062,352,0
BA,British Airways,VRN,LGW,United Kingdom,Europe,319,Airbus A319,1996,28,narrowbody,0,124,1038.0719173973062,352,0
BA,British Airways,VRN,LGW,United Kingdom,Europe,320,Airbus A320,1988,36,narrowbody,0,150,1038.0719173973062,352,0
BA,British Airways,WAW,HEL,Finland,Europe,E70,Embraer 170,2004,20,regional_jet,0,76,939.0059573096996,161,0
BA,British Airways,WAW,LHR,United Kingdom,Europe,320,Airbus A320,1988,36,narrowbody,0,150,1469.6046805608325,524,0
BA,British Airways,WDH,JNB,South Africa,Africa,738,Boeing 737-800,1998,26,narrowbody,0,162,1164.7170329730652,162,1
BA,British Airways,WDH,JNB,South Africa,Africa,734,Boeing 737-400,1988,36,narrowbody,0,150,1164.7170329730652,162,1
BA,British Airways,YUL,LHR,United Kingdom,Europe,777,Boeing 777-200,1995,29,widebody,1,314,5214.202575032599,524,0
BA,British Airways,YVR,LHR,United Kingdom,Europe,744,Boeing 747-400,1989,35,widebody,1,416,7578.584285389926,524,0
BA,British Airways,YYC,LHR,United Kingdom,Europe,767,Boeing 767-300,1986,38,widebody,1,218,7014.965216131146,524,0
BA,British Airways,YYZ,LHR,United Kingdom,Europe,788,Boeing 787-8,2011,13,widebody,1,242,5707.053460050177,524,0
BA,British Airways,YYZ,LHR,United Kingdom,Europe,744,Boeing 747-400,1989,35,widebody,1,416,5707.053460050177,524,0
BA,British Airways,ZAG,LHR,United Kingdom,Europe,319,Airbus A319,1996,28,narrowbody,0,124,1367.8870063927975,524,0
BA,British Airways,ZAG,LHR,United Kingdom,Europe,320,Airbus A320,1988,36,narrowbody,0,150,1367.8870063927975,524,0
BA,British Airways,ZRH,BLL,Denmark,Europe,FRJ,Fairchild Dornier 328JET,1999,25,regional_jet,0,32,921.1359927973895,47,0
BA,British Airways,ZRH,LCY,United Kingdom,Europe,E90,Embraer 190,2005,19,regional_jet,0,100,759.7016521989098,66,0
BA,British Airways,ZRH,LCY,United Kingdom,Europe,E70,Embraer 170,2004,20,regional_jet,0,76,759.7016521989098,66,0
BA,British Airways,ZRH,LHR,United Kingdom,Europe,320,Airbus A320,1988,36,narrowbody,0,150,788.066935150064,524,0
BA,British Airways,ZRH,LHR,United Kingdom,Europe,319,Airbus A319,1996,28,narrowbody,0,124,788.066935150064,524,0
BA,British Airways,ZRH,LHR,United Kingdom,Europe,321,Airbus A321,1994,30,narrowbody,0,185,788.066935150064,524,0
EK,Emirates,ABJ,ACC,Ghana,Africa,77W,Boeing 777-300ER,2004,20,widebody,1,365,417.9104503710237,53,1
EK,Emirates,ACC,DXB,United Arab Emirates,Asia,77W,Boeing 777-300ER,2004,20,widebody,1,365,6288.962691021061,354,0
EK,Emirates,ADD,DXB,United Arab Emirates,Asia,332,Airbus A330-200,1998,26,widebody,1,247,2518.9583517770598,354,0
EK,Emirates,ADL,DXB,United Arab Emirates,Asia,77W,Boeing 777-300ER,2004,20,widebody,1,365,11006.461286984026,354,0
EK,Emirates,AKL,BNE,Australia,Oceania,388,Airbus A380-800,2007,17,widebody,1,525,2295.4735574276224,144,0
EK,Emirates,AKL,MEL,Australia,Oceania,388,Airbus A380-800,2007,17,widebody,1,525,2637.361039378136,132,0
EK,Emirates,AKL,SYD,Australia,Oceania,388,Airbus A380-800,2007,17,widebody,1,525,2159.5811360559856,202,0
EK,Emirates,ALG,DXB,United Arab Emirates,Asia,77W,Boeing 777-300ER,2004,20,widebody,1,365,5068.248062705953,354,0
EK,Emirates,AMD,DXB,United Arab Emirates,Asia,332,Airbus A330-200,1998,26,widebody,1,247,1767.4334201988322,354,0
EK,Emirates,AMM,DXB,United Arab Emirates,Asia,773,Boeing 777-300,1998,26,widebody,1,368,2021.543286098762,354,0
EK,Emirates,AMM,DXB,United Arab Emirates,Asia,77W,Boeing 777-300ER,2004,20,widebody,1,365,2021.543286098762,354,0
EK,Emirates,AMM,DXB,United Arab Emirates,Asia,772,Boeing 777-200,1995,29,widebody,1,314,2021.543286098762,354,0
EK,Emirates,AMS,DXB,United Arab Emirates,Asia,388,Airbus A380-800,2007,17,widebody,1,525,5168.637033505627,354,0
EK,Emirates,ARN,DXB,United Arab Emirates,Asia,77W,Boeing 777-300ER,2004,20,widebody,1,365,4785.109354440979,354,0
EK,Emirates,ATH,DXB,United Arab Emirates,Asia,77W,Boeing 777-300ER,2004,20,widebody,1,365,3271.866552016732,354,0
EK,Emirates,BAH,DXB,United Arab Emirates,Asia,332,Airbus A330-200,1998,26,widebody,1,247,487.05762726146446,354,0
EK,Emirates,BAH,DXB,United Arab Emirates,Asia,772,Boeing 777-200,1995,29,widebody,1,314,487.05762726146446,354,0
EK,Emirates,BAH,DXB,United Arab Emirates,Asia,773,Boeing 777-300,1998,26,widebody,1,368,487.05762726146446,354,0
EK,Emirates,BCN,DXB,United Arab Emirates,Asia,388,Airbus A380-800,2007,17,widebody,1,525,5175.709081172941,354,0
EK,Emirates,BEY,DXB,United Arab Emirates,Asia,773,Boeing 777-300,1998,26,widebody,1,368,2140.6802519584153,354,0
EK,Emirates,BGW,DXB,United Arab Emirates,Asia,332,Airbus A330-200,1998,26,widebody,1,247,1398.0055130980954,354,0
EK,Emirates,BHX,DXB,United Arab Emirates,Asia,77W,Boeing 777-300ER,2004,20,widebody,1,365,5603.410686129001,354,0
EK,Emirates,BKK,DXB,United Arab Emirates,Asia,388,Airbus A380-800,2007,17,widebody,1,525,4903.712108428037,354,0
EK,Emirates,BKK,DXB,United Arab Emirates,Asia,77W,Boeing 777-300ER,2004,20,widebody,1,365,4903.712108428037,354,0
EK,Emirates,BKK,HKG,Hong Kong,Asia,388,Airbus A380-800,2007,17,widebody,1,525,1689.3911501352184,355,0
EK,Emirates,BKK,SYD,Australia,Oceania,77W,Boeing 777-300ER,2004,20,widebody,1,365,7514.638226417631,202,0
EK,Emirates,BLR,DXB,United Arab Emirates,Asia,773,Boeing 777-300,1998,26,widebody,1,368,2695.1571720468564,354,0
EK,Emirates,BNE,AKL,New Zealand,Oceania,388,Airbus A380-800,2007,17,widebody,1,525,2295.4735574276224,117,0
EK,Emirates,BNE,BKQ,Australia,Oceania,DH4,Bombardier Dash 8 Q400,2000,24,turboprop,0,78,836.0492834046808,2,0
EK,Emirates,BNE,DXB,United Arab Emirates,Asia,388,Airbus A380-800,2007,17,widebody,1,525,11979.189281855664,354,0
EK,Emirates,BNE,LRE,Australia,Oceania,DH4,Bombardier Dash 8 Q400,2000,24,turboprop,0,78,989.8964962495947,5,0
EK,Emirates,BNE,ROK,Australia,Oceania,DH8,Bombardier Dash 8,1984,40,turboprop,0,50,518.1234100715234,5,0
EK,Emirates,BNE,ROK,Australia,Oceania,DH4,Bombardier Dash 8 Q400,2000,24,turboprop,0,78,518.1234100715234,5,0
EK,Emirates,BNE,SIN,Singapore,Asia,77W,Boeing 777-300ER,2004,20,widebody,1,365,6142.693870648047,412,0
EK,Emirates,BOM,DXB,United Arab Emirates,Asia,77W,Boeing 777-300ER,2004,20,widebody,1,365,1926.162212025741,354,0
EK,Emirates,BOM,DXB,United Arab Emirates,Asia,772,Boeing 777-200,1995,29,widebody,1,314,1926.162212025741,354,0
EK,Emirates,BOM,DXB,United Arab Emirates,Asia,73H,Boeing 737-800 (winglets),1998,26,narrowbody,0,162,1926.162212025741,354,0
EK,Emirates,BOM,DXB,United Arab Emirates,Asia,332,Airbus A330-200,1998,26,widebody,1,247,1926.162212025741,354,0
EK,Emirates,BOM,DXB,United Arab Emirates,Asia,773,Boeing 777-300,1998,26,widebody,1,368,1926.162212025741,354,0
EK,Emirates,BOS,DXB,United Arab Emirates,Asia,77L,Boeing 777-200LR,2006,18,widebody,1,317,10702.11770775783,354,0
EK,Emirates,BSR,DXB,United Arab Emirates,Asia,332,Airbus A330-200,1998,26,widebody,1,247,958.5331504254574,354,0
EK,Emirates,CAI,DXB,United Arab Emirates,Asia,773,Boeing 777-300,1998,26,widebody,1,368,2415.4452388282,354,0
EK,Emirates,CAI,DXB,United Arab Emirates,Asia,772,Boeing 777-200,1995,29,widebody,1,314,2415.4452388282,354,0
EK,Emirates,CAN,DXB,United Arab Emirates,Asia,77W,Boeing 777-300ER,2004,20,widebody,1,365,5827.268727098622,354,0
EK,Emirates,CCJ,DXB,United Arab Emirates,Asia,332,Airbus A330-200,1998,26,widebody,1,247,2675.4506075292293,354,0
EK,Emirates,CCJ,DXB,United Arab Emirates,Asia,772,Boeing 777-200,1995,29,widebody,1,314,2675.4506075292293,354,0
EK,Emirates,CCU,DXB,United Arab Emirates,Asia,332,Airbus A330-200,1998,26,widebody,1,247,3365.8068715016057,354,0
EK,Emirates,CDG,DXB,United Arab Emirates,Asia,77W,Boeing 777-300ER,2004,20,widebody,1,365,5238.621327257624,354,0
EK,Emirates,CDG,DXB,United Arab Emirates,Asia,388,Airbus A380-800,2007,17,widebody,1,525,5238.621327257624,354,0
EK,Emirates,CGK,DXB,United Arab Emirates,Asia,77W,Boeing 777-300ER,2004,20,widebody,1,365,6547.083162958617,354,0
EK,Emirates,CHC,SYD,Australia,Oceania,77W,Boeing 777-300ER,2004,20,widebody,1,365,2125.964479219955,202,0
EK,Emirates,CMB,DXB,United Arab Emirates,Asia,77W,Boeing 777-300ER,2004,20,widebody,1,365,3288.1583063017665,354,0
EK,Emirates,CMB,MLE,Maldives,Asia,773,Boeing 777-300,1998,26,widebody,1,368,777.677530689703,41,0
EK,Emirates,CMN,DXB,United Arab Emirates,Asia,77W,Boeing 777-300ER,2004,20,widebody,1,365,6080.497187689936,354,0
EK,Emirates,CNS,GOV,Australia,Oceania,717,Boeing 717,1999,25,narrowbody,0,106,1089.842654599277,6,0
EK,Emirates,COK,DXB,United Arab Emirates,Asia,772,Boeing 777-200,1995,29,widebody,1,314,2782.5767920119847,354,0
EK,Emirates,COK,DXB,United Arab Emirates,Asia,773,Boeing 777-300,1998,26,widebody,1,368,2782.5767920119847,354,0
EK,Emirates,COK,DXB,United Arab Emirates,Asia,332,Airbus A330-200,1998,26,widebody,1,247,2782.5767920119847,354,0
EK,Emirates,CPH,DXB,United Arab Emirates,Asia,77W,Boeing 777-300ER,2004,20,widebody,1,365,4818.382073797659,354,0
EK,Emirates,CPT,DXB,United Arab Emirates,Asia,77W,Boeing 777-300ER,2004,20,widebody,1,365,7643.572294593883,354,0
EK,Emirates,DAC,DXB,United Arab Emirates,Asia,77W,Boeing 777-300ER,2004,20,widebody,1,365,3536.9332887361466,354,0
EK,Emirates,DAR,DXB,United Arab Emirates,Asia,773,Boeing 777-300,1998,26,widebody,1,368,3977.6751586310597,354,0
EK,Emirates,DEL,DXB,United Arab Emirates,Asia,773,Boeing 777-300,1998,26,widebody,1,368,2183.598648378198,354,0
EK,Emirates,DEL,DXB,United Arab Emirates,Asia,772,Boeing 777-200,1995,29,widebody,1,314,2183.598648378198,354,0
EK,Emirates,DEL,DXB,United Arab Emirates,Asia,73H,Boeing 737-800 (winglets),1998,26,narrowbody,0,162,2183.598648378198,354,0
EK,Emirates,DEL,DXB,United Arab Emirates,Asia,77W,Boeing 777-300ER,2004,20,widebody,1,365,2183.598648378198,354,0
EK,Emirates,DFW,DXB,United Arab Emirates,Asia,77L,Boeing 777-200LR,2006,18,widebody,1,317,12919.388633956674,354,0
EK,Emirates,DKR,DXB,United Arab Emirates,Asia,343,Airbus A340-300,1993,31,widebody,1,277,7617.592149695082,354,0
EK,Emirates,DME,DXB,United Arab Emirates,Asia,388,Airbus A380-800,2007,17,widebody,1,525,3641.9872606651693,354,0
EK,Emirates,DMM,DXB,United Arab Emirates,Asia,332,Airbus A330-200,1998,26,widebody,1,247,573.1577044288056,354,0
EK,Emirates,DMM,DXB,United Arab Emirates,Asia,773,Boeing 777-300,1998,26,widebody,1,368,573.1577044288056,354,0
EK,Emirates,DMM,DXB,United Arab Emirates,Asia,772,Boeing 777-200,1995,29,widebody,1,314,573.1577044288056,354,0
EK,Emirates,DOH,DXB,United Arab Emirates,Asia,772,Boeing 777-200,1995,29,widebody,1,314,377.7326795134396,354,0
EK,Emirates,DOH,DXB,United Arab Emirates,Asia,77W,Boeing 777-300ER,2004,20,widebody,1,365,377.7326795134396,354,0
EK,Emirates,DOH,DXB,United Arab Emirates,Asia,773,Boeing 777-300,1998,26,widebody,1,368,377.7326795134396,354,0
EK,Emirates,DOH,DXB,United Arab Emirates,Asia,332,Airbus A330-200,1998,26,widebody,1,247,377.7326795134396,354,0
EK,Emirates,DRW,ASP,Australia,Oceania,717,Boeing 717,1999,25,narrowbody,0,106,1306.2816696688706,13,0
EK,Emirates,DRW,GOV,Australia,Oceania,717,Boeing 717,1999,25,narrowbody,0,106,645.5298779266395,6,0
EK,Emirates,DUB,DXB,United Arab Emirates,Asia,77W,Boeing 777-300ER,2004,20,widebody,1,365,5918.5282104858225,354,0
EK,Emirates,DUR,DXB,United Arab Emirates,Asia,77W,Boeing 777-300ER,2004,20,widebody,1,365,6626.562830340995,354,0
EK,Emirates,DUS,DXB,United Arab Emirates,Asia,77W,Boeing 777-300ER,2004,20,widebody,1,365,5005.0775605457275,354,0
EK,Emirates,DXB,ACC,Ghana,Africa,77W,Boeing 777-300ER,2004,20,widebody,1,365,6288.962691021061,53,1
EK,Emirates,DXB,ADD,Ethiopia,Africa,332,Airbus A330-200,1998,26,widebody,1,247,2518.9583517770598,109,1
EK,Emirates,DXB,ADL,Australia,Oceania,77W,Boeing 777-300ER,2004,20,widebody,1,365,11006.461286984026,51,0
EK,Emirates,DXB,ALG,Algeria,Africa,77W,Boeing 777-300ER,2004,20,widebody,1,365,5068.248062705953,88,1
EK,Emirates,DXB,AMD,India,Asia,332,Airbus A330-200,1998,26,widebody,1,247,1767.4334201988322,35,0
EK,Emirates,DXB,AMM,Jordan,Asia,773,Boeing 777-300,1998,26,widebody,1,368,2021.543286098762,112,0
EK,Emirates,DXB,AMM,Jordan,Asia,77W,Boeing 777-300ER,2004,20,widebody,1,365,2021.543286098762,112,0
EK,Emirates,DXB,AMM,Jordan,Asia,772,Boeing 777-200,1995,29,widebody,1,314,2021.543286098762,112,0
EK,Emirates,DXB,AMS,Netherlands,Europe,388,Airbus A380-800,2007,17,widebody,1,525,5168.637033505627,450,0
EK,Emirates,DXB,ARN,Sweden,Europe,77W,Boeing 777-300ER,2004,20,widebody,1,365,4785.109354440979,220,0
EK,Emirates,DXB,ATH,Greece,Europe,77W,Boeing 777-300ER,2004,20,widebody,1,365,3271.866552016732,206,0
EK,Emirates,DXB,BAH,Bahrain,Asia,332,Airbus A330-200,1998,26,widebody,1,247,487.05762726146446,86,0
EK,Emirates,DXB,BAH,Bahrain,Asia,772,Boeing 777-200,1995,29,widebody,1,314,487.05762726146446,86,0
EK,Emirates,DXB,BAH,Bahrain,Asia,773,Boeing 777-300,1998,26,widebody,1,368,487.05762726146446,86,0
EK,Emirates,DXB,BCN,Spain,Europe,388,Airbus A380-800,2007,17,widebody,1,525,5175.709081172941,392,0
EK,Emirates,DXB,BEY,Lebanon,Asia,773,Boeing 777-300,1998,26,widebody,1,368,2140.6802519584153,66,0
EK,Emirates,DXB,BGW,Iraq,Asia,332,Airbus A330-200,1998,26,widebody,1,247,1398.0055130980954,14,0
EK,Emirates,DXB,BHX,United Kingdom,Europe,77W,Boeing 777-300ER,2004,20,widebody,1,365,5603.410686129001,131,0
EK,Emirates,DXB,BKK,Thailand,Asia,388,Airbus A380-800,2007,17,widebody,1,525,4903.712108428037,330,0
EK,Emirates,DXB,BKK,Thailand,Asia,77W,Boeing 777-300ER,2004,20,widebody,1,365,4903.712108428037,330,0
EK,Emirates,DXB,BLR,India,Asia,773,Boeing 777-300,1998,26,widebody,1,368,2695.1571720468564,98,0
EK,Emirates,DXB,BNE,Australia,Oceania,388,Airbus A380-800,2007,17,widebody,1,525,11979.189281855664,144,0
EK,Emirates,DXB,BOM,India,Asia,772,Boeing 777-200,1995,29,widebody,1,314,1926.162212025741,225,0
EK,Emirates,DXB,BOM,India,Asia,332,Airbus A330-200,1998,26,widebody,1,247,1926.162212025741,225,0
EK,Emirates,DXB,BOM,India,Asia,77W,Boeing 777-300ER,2004,20,widebody,1,365,1926.162212025741,225,0
EK,Emirates,DXB,BOM,India,Asia,73H,Boeing 737-800 (winglets),1998,26,narrowbody,0,162,1926.162212025741,225,0
EK,Emirates,DXB,BOM,India,Asia,773,Boeing 777-300,1998,26,widebody,1,368,1926.162212025741,225,0
EK,Emirates,DXB,BOS,United States,North America,77L,Boeing 777-200LR,2006,18,widebody,1,317,10702.11770775783,212,0
EK,Emirates,DXB,BSR,Iraq,Asia,332,Airbus A330-200,1998,26,widebody,1,247,958.5331504254574,8,0
EK,Emirates,DXB,CAI,Egypt,Africa,773,Boeing 777-300,1998,26,widebody,1,368,2415.4452388282,152,1
EK,Emirates,DXB,CAI,Egypt,Africa,772,Boeing 777-200,1995,29,widebody,1,314,2415.4452388282,152,1
EK,Emirates,DXB,CAN,China,Asia,77W,Boeing 777-300ER,2004,20,widebody,1,365,5827.268727098622,336,0
EK,Emirates,DXB,CCJ,India,Asia,332,Airbus A330-200,1998,26,widebody,1,247,2675.4506075292293,30,0
EK,Emirates,DXB,CCJ,India,Asia,772,Boeing 777-200,1995,29,widebody,1,314,2675.4506075292293,30,0
EK,Emirates,DXB,CCU,India,Asia,332,Airbus A330-200,1998,26,widebody,1,247,3365.8068715016057,97,0
EK,Emirates,DXB,CDG,France,Europe,77W,Boeing 777-300ER,2004,20,widebody,1,365,5238.621327257624,517,0
EK,Emirates,DXB,CDG,France,Europe,388,Airbus A380-800,2007,17,widebody,1,525,5238.621327257624,517,0
EK,Emirates,DXB,CGK,Indonesia,Asia,77W,Boeing 777-300ER,2004,20,widebody,1,365,6547.083162958617,182,0
EK,Emirates,DXB,CMB,Sri Lanka,Asia,77W,Boeing 777-300ER,2004,20,widebody,1,365,3288.1583063017665,102,0
EK,Emirates,DXB,CMN,Morocco,Africa,77W,Boeing 777-300ER,2004,20,widebody,1,365,6080.497187689936,125,1
EK,Emirates,DXB,COK,India,Asia,772,Boeing 777-200,1995,29,widebody,1,314,2782.5767920119847,59,0
EK,Emirates,DXB,COK,India,Asia,773,Boeing 777-300,1998,26,widebody,1,368,2782.5767920119847,59,0
EK,Emirates,DXB,COK,India,Asia,332,Airbus A330-200,1998,26,widebody,1,247,2782.5767920119847,59,0
EK,Emirates,DXB,CPH,Denmark,Europe,77W,Boeing 777-300ER,2004,20,widebody,1,365,4818.382073797659,228,0
EK,Emirates,DXB,CPT,South Africa,Africa,77W,Boeing 777-300ER,2004,20,widebody,1,365,7643.572294593883,42,1
EK,Emirates,DXB,DAC,Bangladesh,Asia,77W,Boeing 777-300ER,2004,20,widebody,1,365,3536.9332887361466,74,0
EK,Emirates,DXB,DAR,Tanzania,Africa,773,Boeing 777-300,1998,26,widebody,1,368,3977.6751586310597,32,1
EK,Emirates,DXB,DEL,India,Asia,772,Boeing 777-200,1995,29,widebody,1,314,2183.598648378198,263,0
EK,Emirates,DXB,DEL,India,Asia,73H,Boeing 737-800 (winglets),1998,26,narrowbody,0,162,2183.598648378198,263,0
EK,Emirates,DXB,DEL,India,Asia,77W,Boeing 777-300ER,2004,20,widebody,1,365,2183.598648378198,263,0
EK,Emirates,DXB,DEL,India,Asia,773,Boeing 777-300,1998,26,widebody,1,368,2183.598648378198,263,0
EK,Emirates,DXB,DFW,United States,North America,77L,Boeing 777-200LR,2006,18,widebody,1,317,12919.388633956674,467,0
EK,Emirates,DXB,DKR,Senegal,Africa,343,Airbus A340-300,1993,31,widebody,1,277,7617.592149695082,67,1
EK,Emirates,DXB,DME,Russia,Europe,388,Airbus A380-800,2007,17,widebody,1,525,3641.9872606651693,325,0
EK,Emirates,DXB,DMM,Saudi Arabia,Asia,332,Airbus A330-200,1998,26,widebody,1,247,573.1577044288056,82,0
EK,Emirates,DXB,DMM,Saudi Arabia,Asia,773,Boeing 777-300,1998,26,widebody,1,368,573.1577044288056,82,0
EK,Emirates,DXB,DMM,Saudi Arabia,Asia,772,Boeing 777-200,1995,29,widebody,1,314,573.1577044288056,82,0
EK,Emirates,DXB,DOH,Qatar,Asia,772,Boeing 777-200,1995,29,widebody,1,314,377.7326795134396,188,0
EK,Emirates,DXB,DOH,Qatar,Asia,77W,Boeing 777-300ER,2004,20,widebody,1,365,377.7326795134396,188,0
EK,Emirates,DXB,DOH,Qatar,Asia,773,Boeing 777-300,1998,26,widebody,1,368,377.7326795134396,188,0
EK,Emirates,DXB,DOH,Qatar,Asia,332,Airbus A330-200,1998,26,widebody,1,247,377.7326795134396,188,0
EK,Emirates,DXB,DUB,Ireland,Europe,77W,Boeing 777-300ER,2004,20,widebody,1,365,5918.5282104858225,207,0
EK,Emirates,DXB,DUR,South Africa,Africa,77W,Boeing 777-300ER,2004,20,widebody,1,365,6626.562830340995,21,1
EK,Emirates,DXB,DUS,Germany,Europe,77W,Boeing 777-300ER,2004,20,widebody,1,365,5005.0775605457275,285,0
EK,Emirates,DXB,EBB,Uganda,Africa,345,Airbus A340-500,2003,21,widebody,1,313,3731.341602736812,33,1
EK,Emirates,DXB,EBL,Iraq,Asia,332,Airbus A330-200,1998,26,widebody,1,247,1634.1891725091323,30,0
EK,Emirates,DXB,FCO,Italy,Europe,388,Airbus A380-800,2007,17,widebody,1,525,4343.6844264177325,331,0
EK,Emirates,DXB,FCO,Italy,Europe,77W,Boeing 777-300ER,2004,20,widebody,1,365,4343.6844264177325,331,0
EK,Emirates,DXB,FRA,Germany,Europe,77W,Boeing 777-300ER,2004,20,widebody,1,365,4843.206580891804,493,0
EK,Emirates,DXB,GIG,Brazil,South America,77W,Boeing 777-300ER,2004,20,widebody,1,365,11883.867409857334,96,0
EK,Emirates,DXB,GLA,United Kingdom,Europe,77W,Boeing 777-300ER,2004,20,widebody,1,365,5840.5556615113555,96,0
EK,Emirates,DXB,GLA,United Kingdom,Europe,77L,Boeing 777-200LR,2006,18,widebody,1,317,5840.5556615113555,96,0
EK,Emirates,DXB,GRU,Brazil,South America,77W,Boeing 777-300ER,2004,20,widebody,1,365,12217.062833885997,194,0
EK,Emirates,DXB,GVA,Switzerland,Europe,77L,Boeing 777-200LR,2006,18,widebody,1,317,4919.422232945953,163,0
EK,Emirates,DXB,GVA,Switzerland,Europe,77W,Boeing 777-300ER,2004,20,widebody,1,365,4919.422232945953,163,0
EK,Emirates,DXB,HAM,Germany,Europe,77W,Boeing 777-300ER,2004,20,widebody,1,365,4884.210852453223,160,0
EK,Emirates,DXB,HKG,Hong Kong,Asia,388,Airbus A380-800,2007,17,widebody,1,525,5919.684099754802,355,0
EK,Emirates,DXB,HKG,Hong Kong,Asia,77W,Boeing 777-300ER,2004,20,widebody,1,365,5919.684099754802,355,0
EK,Emirates,DXB,HKT,Thailand,Asia,77W,Boeing 777-300ER,2004,20,widebody,1,365,4927.196114889666,67,0
EK,Emirates,DXB,HND,Japan,Asia,77L,Boeing 777-200LR,2006,18,widebody,1,317,7934.622090693035,158,0
EK,Emirates,DXB,HYD,India,Asia,772,Boeing 777-200,1995,29,widebody,1,314,2546.8027931087618,73,0
EK,Emirates,DXB,HYD,India,Asia,332,Airbus A330-200,1998,26,widebody,1,247,2546.8027931087618,73,0
EK,Emirates,DXB,IAD,United States,North America,77W,Boeing 777-300ER,2004,20,widebody,1,365,11355.261764484276,190,0
EK,Emirates,DXB,IAH,United States,North America,77W,Boeing 777-300ER,2004,20,widebody,1,365,13124.814546645563,242,0
EK,Emirates,DXB,ICN,South Korea,Asia,388,Airbus A380-800,2007,17,widebody,1,525,6728.926918665158,370,0
EK,Emirates,DXB,IKA,Iran,Asia,772,Boeing 777-200,1995,29,widebody,1,314,1199.863567129553,62,0
EK,Emirates,DXB,IKA,Iran,Asia,77W,Boeing 777-300ER,2004,20,widebody,1,365,1199.863567129553,62,0
EK,Emirates,DXB,IKA,Iran,Asia,332,Airbus A330-200,1998,26,widebody,1,247,1199.863567129553,62,0
EK,Emirates,DXB,ISB,Pakistan,Asia,77W,Boeing 777-300ER,2004,20,widebody,1,365,1925.5211284453494,59,0
EK,Emirates,DXB,IST,Turkey,Asia,77W,Boeing 777-300ER,2004,20,widebody,1,365,3028.33601126931,361,0
EK,Emirates,DXB,JED,Saudi Arabia,Asia,388,Airbus A380-800,2007,17,widebody,1,525,1698.993435059114,183,0
EK,Emirates,DXB,JFK,United States,North America,388,Airbus A380-800,2007,17,widebody,1,525,11001.514516159177,455,0
EK,Emirates,DXB,JNB,South Africa,Africa,77W,Boeing 777-300ER,2004,20,widebody,1,365,6413.101255414161,162,1
EK,Emirates,DXB,KBL,Afghanistan,Asia,345,Airbus A340-500,2003,21,widebody,1,313,1686.3947955524836,26,0
EK,Emirates,DXB,KBP,Ukraine,Europe,345,Airbus A340-500,2003,21,widebody,1,313,3488.6585872874375,100,0
EK,Emirates,DXB,KHI,Pakistan,Asia,77W,Boeing 777-300ER,2004,20,widebody,1,365,1188.2745918927897,63,0
EK,Emirates,DXB,KIX,Japan,Asia,77W,Boeing 777-300ER,2004,20,widebody,1,365,7577.247549386062,152,0
EK,Emirates,DXB,KRT,Sudan,Africa,332,Airbus A330-200,1998,26,widebody,1,247,2603.232697506631,40,1
EK,Emirates,DXB,KUL,Malaysia,Asia,77W,Boeing 777-300ER,2004,20,widebody,1,365,5549.192767621872,257,0
EK,Emirates,DXB,KUL,Malaysia,Asia,773,Boeing 777-300,1998,26,widebody,1,368,5549.192767621872,257,0
EK,Emirates,DXB,KWI,Kuwait,Asia,77W,Boeing 777-300ER,2004,20,widebody,1,365,853.9770702965399,119,0
EK,Emirates,DXB,KWI,Kuwait,Asia,772,Boeing 777-200,1995,29,widebody,1,314,853.9770702965399,119,0
EK,Emirates,DXB,KWI,Kuwait,Asia,332,Airbus A330-200,1998,26,widebody,1,247,853.9770702965399,119,0
EK,Emirates,DXB,KWI,Kuwait,Asia,773,Boeing 777-300,1998,26,widebody,1,368,853.9770702965399,119,0
EK,Emirates,DXB,LAD,Angola,Africa,77W,Boeing 777-300ER,2004,20,widebody,1,365,5931.485337936489,46,1
EK,Emirates,DXB,LAD,Angola,Africa,332,Airbus A330-200,1998,26,widebody,1,247,5931.485337936489,46,1
EK,Emirates,DXB,LAD,Angola,Africa,77L,Boeing 777-200LR,2006,18,widebody,1,317,5931.485337936489,46,1
EK,Emirates,DXB,LAX,United States,North America,388,Airbus A380-800,2007,17,widebody,1,525,13400.077028051044,498,0
EK,Emirates,DXB,LCA,Cyprus,Asia,773,Boeing 777-300,1998,26,widebody,1,368,2342.587344105541,97,0
EK,Emirates,DXB,LED,Russia,Europe,77L,Boeing 777-200LR,2006,18,widebody,1,317,4300.608097378705,184,0
EK,Emirates,DXB,LED,Russia,Europe,77W,Boeing 777-300ER,2004,20,widebody,1,365,4300.608097378705,184,0
EK,Emirates,DXB,LGW,United Kingdom,Europe,77W,Boeing 777-300ER,2004,20,widebody,1,365,5473.12305515941,352,0
EK,Emirates,DXB,LGW,United Kingdom,Europe,388,Airbus A380-800,2007,17,widebody,1,525,5473.12305515941,352,0
EK,Emirates,DXB,LHE,Pakistan,Asia,77W,Boeing 777-300ER,2004,20,widebody,1,365,1985.1960306585895,55,0
EK,Emirates,DXB,LHR,United Kingdom,Europe,388,Airbus A380-800,2007,17,widebody,1,525,5497.925614650826,524,0
EK,Emirates,DXB,LIS,Portugal,Europe,77W,Boeing 777-300ER,2004,20,widebody,1,365,6137.794568817576,221,0
EK,Emirates,DXB,LOS,Nigeria,Africa,77W,Boeing 777-300ER,2004,20,widebody,1,365,5895.905987157858,59,1
EK,Emirates,DXB,LUN,Zambia,Africa,343,Airbus A340-300,1993,31,widebody,1,277,5372.709107092224,33,1
EK,Emirates,DXB,LYS,France,Europe,77L,Boeing 777-200LR,2006,18,widebody,1,317,4987.550963415554,140,0
EK,Emirates,DXB,MAA,India,Asia,77W,Boeing 777-300ER,2004,20,widebody,1,365,2933.1719033346326,104,0
EK,Emirates,DXB,MAA,India,Asia,772,Boeing 777-200,1995,29,widebody,1,314,2933.1719033346326,104,0
EK,Emirates,DXB,MAA,India,Asia,332,Airbus A330-200,1998,26,widebody,1,247,2933.1719033346326,104,0
EK,Emirates,DXB,MAA,India,Asia,773,Boeing 777-300,1998,26,widebody,1,368,2933.1719033346326,104,0
EK,Emirates,DXB,MAD,Spain,Europe,77W,Boeing 777-300ER,2004,20,widebody,1,365,5648.830394020429,331,0
EK,Emirates,DXB,MAN,United Kingdom,Europe,77W,Boeing 777-300ER,2004,20,widebody,1,365,5655.267031882395,311,0
EK,Emirates,DXB,MAN,United Kingdom,Europe,388,Airbus A380-800,2007,17,widebody,1,525,5655.267031882395,311,0
EK,Emirates,DXB,MCT,Oman,Asia,738,Boeing 737-800,1998,26,narrowbody,0,162,348.4791488762323,104,0
EK,Emirates,DXB,MCT,Oman,Asia,332,Airbus A330-200,1998,26,widebody,1,247,348.4791488762323,104,0
EK,Emirates,DXB,MCT,Oman,Asia,E75,Embraer 175,2005,19,regional_jet,0,88,348.4791488762323,104,0
EK,Emirates,DXB,MCT,Oman,Asia,73H,Boeing 737-800 (winglets),1998,26,narrowbody,0,162,348.4791488762323,104,0
EK,Emirates,DXB,MCT,Oman,Asia,77W,Boeing 777-300ER,2004,20,widebody,1,365,348.4791488762323,104,0
EK,Emirates,DXB,MCT,Oman,Asia,772,Boeing 777-200,1995,29,widebody,1,314,348.4791488762323,104,0
EK,Emirates,DXB,MCT,Oman,Asia,E90,Embraer 190,2005,19,regional_jet,0,100,348.4791488762323,104,0
EK,Emirates,DXB,MED,Saudi Arabia,Asia,332,Airbus A330-200,1998,26,widebody,1,247,1580.3583532678083,59,0
EK,Emirates,DXB,MEL,Australia,Oceania,388,Airbus A380-800,2007,17,widebody,1,525,11645.110644503333,132,0
EK,Emirates,DXB,MLA,Malta,Europe,773,Boeing 777-300,1998,26,widebody,1,368,4056.3843877435106,113,0
EK,Emirates,DXB,MLE,Maldives,Asia,773,Boeing 777-300,1998,26,widebody,1,368,3040.774013210561,41,0
EK,Emirates,DXB,MLE,Maldives,Asia,77W,Boeing 777-300ER,2004,20,widebody,1,365,3040.774013210561,41,0
EK,Emirates,DXB,MNL,Philippines,Asia,77W,Boeing 777-300ER,2004,20,widebody,1,365,6906.037517611,193,0
EK,Emirates,DXB,MRU,Mauritius,Africa,388,Airbus A380-800,2007,17,widebody,1,525,5085.896769657105,41,1
EK,Emirates,DXB,MRU,Mauritius,Africa,77W,Boeing 777-300ER,2004,20,widebody,1,365,5085.896769657105,41,1
EK,Emirates,DXB,MUC,Germany,Europe,388,Airbus A380-800,2007,17,widebody,1,525,4564.010160598384,360,0
EK,Emirates,DXB,MXP,Italy,Europe,77W,Boeing 777-300ER,2004,20,widebody,1,365,4707.4073956145285,194,0
EK,Emirates,DXB,MXP,Italy,Europe,773,Boeing 777-300,1998,26,widebody,1,368,4707.4073956145285,194,0
EK,Emirates,DXB,NBO,Kenya,Africa,77W,Boeing 777-300ER,2004,20,widebody,1,365,3559.2472269940745,128,1
EK,Emirates,DXB,NBO,Kenya,Africa,77L,Boeing 777-200LR,2006,18,widebody,1,317,3559.2472269940745,128,1
EK,Emirates,DXB,NCE,France,Europe,77W,Boeing 777-300ER,2004,20,widebody,1,365,4783.887375793586,134,0
EK,Emirates,DXB,NCL,United Kingdom,Europe,77W,Boeing 777-300ER,2004,20,widebody,1,365,5653.303663753922,81,0
EK,Emirates,DXB,NRT,Japan,Asia,77W,Boeing 777-300ER,2004,20,widebody,1,365,7979.177328250048,289,0
EK,Emirates,DXB,PEK,China,Asia,388,Airbus A380-800,2007,17,widebody,1,525,5845.0905333986,534,0
EK,Emirates,DXB,PEK,China,Asia,77W,Boeing 777-300ER,2004,20,widebody,1,365,5845.0905333986,534,0
EK,Emirates,DXB,PER,Australia,Oceania,77W,Boeing 777-300ER,2004,20,widebody,1,365,9041.530305681654,90,0
EK,Emirates,DXB,PEW,Pakistan,Asia,772,Boeing 777-200,1995,29,widebody,1,314,1835.330525117718,30,0
EK,Emirates,DXB,PEW,Pakistan,Asia,332,Airbus A330-200,1998,26,widebody,1,247,1835.330525117718,30,0
EK,Emirates,DXB,PRG,Czech Republic,Europe,77W,Boeing 777-300ER,2004,20,widebody,1,365,4463.785621411097,181,0
EK,Emirates,DXB,PVG,China,Asia,388,Airbus A380-800,2007,17,widebody,1,525,6448.419893880726,414,0
EK,Emirates,DXB,PVG,China,Asia,77W,Boeing 777-300ER,2004,20,widebody,1,365,6448.419893880726,414,0
EK,Emirates,DXB,RUH,Saudi Arabia,Asia,77W,Boeing 777-300ER,2004,20,widebody,1,365,873.0082337564627,139,0
EK,Emirates,DXB,RUH,Saudi Arabia,Asia,773,Boeing 777-300,1998,26,widebody,1,368,873.0082337564627,139,0
EK,Emirates,DXB,RUH,Saudi Arabia,Asia,772,Boeing 777-200,1995,29,widebody,1,314,873.0082337564627,139,0
EK,Emirates,DXB,SAH,Yemen,Asia,332,Airbus A330-200,1998,26,widebody,1,247,1589.451473084834,38,0
EK,Emirates,DXB,SEA,United States,North America,77W,Boeing 777-300ER,2004,20,widebody,1,365,11927.651301629201,202,0
EK,Emirates,DXB,SEZ,Seychelles,Africa,77W,Boeing 777-300ER,2004,20,widebody,1,365,3327.789573476684,13,1
EK,Emirates,DXB,SFO,United States,North America,77W,Boeing 777-300ER,2004,20,widebody,1,365,13020.071234402798,250,0
EK,Emirates,DXB,SGN,Vietnam,Asia,772,Boeing 777-200,1995,29,widebody,1,314,5618.7423709570085,109,0
EK,Emirates,DXB,SIN,Singapore,Asia,77W,Boeing 777-300ER,2004,20,widebody,1,365,5846.663255670451,412,0
EK,Emirates,DXB,SIN,Singapore,Asia,388,Airbus A380-800,2007,17,widebody,1,525,5846.663255670451,412,0
EK,Emirates,DXB,SKT,Pakistan,Asia,332,Airbus A330-200,1998,26,widebody,1,247,2015.1379379273158,12,0
EK,Emirates,DXB,SYD,Australia,Oceania,388,Airbus A380-800,2007,17,widebody,1,525,12043.879518145635,202,0
EK,Emirates,DXB,TPE,Taiwan,Asia,77W,Boeing 777-300ER,2004,20,widebody,1,365,6555.407782272725,263,0
EK,Emirates,DXB,TRV,India,Asia,332,Airbus A330-200,1998,26,widebody,1,247,2947.101943046439,42,0
EK,Emirates,DXB,TUN,Tunisia,Africa,773,Boeing 777-300,1998,26,widebody,1,368,4444.468986309416,88,1
EK,Emirates,DXB,VCE,Italy,Europe,77W,Boeing 777-300ER,2004,20,widebody,1,365,4430.408410967054,123,0
EK,Emirates,DXB,VIE,Austria,Europe,77W,Boeing 777-300ER,2004,20,widebody,1,365,4222.896756980174,308,0
EK,Emirates,DXB,WAW,Poland,Europe,332,Airbus A330-200,1998,26,widebody,1,247,4155.800218600067,120,0
EK,Emirates,DXB,YYZ,Canada,North America,388,Airbus A380-800,2007,17,widebody,1,525,11082.190197891827,317,0
EK,Emirates,DXB,ZRH,Switzerland,Europe,388,Airbus A380-800,2007,17,widebody,1,525,4767.913411816431,247,0
EK,Emirates,DXB,ZRH,Switzerland,Europe,77W,Boeing 777-300ER,2004,20,widebody,1,365,4767.913411816431,247,0
EK,Emirates,EBB,DXB,United Arab Emirates,Asia,345,Airbus A340-500,2003,21,widebody,1,313,3731.341602736812,354,0
EK,Emirates,EBL,DXB,United Arab Emirates,Asia,332,Airbus A330-200,1998,26,widebody,1,247,1634.1891725091323,354,0
EK,Emirates,EZE,GIG,Brazil,South America,77W,Boeing 777-300ER,2004,20,widebody,1,365,1995.7731429395606,96,0
EK,Emirates,FCO,DXB,United Arab Emirates,Asia,388,Airbus A380-800,2007,17,widebody,1,525,4343.6844264177325,354,0
EK,Emirates,FCO,DXB,United Arab Emirates,Asia,77W,Boeing 777-300ER,2004,20,widebody,1,365,4343.6844264177325,354,0
EK,Emirates,FRA,DXB,United Arab Emirates,Asia,77W,Boeing 777-300ER,2004,20,widebody,1,365,4843.206580891804,354,0
EK,Emirates,GIG,DXB,United Arab Emirates,Asia,77W,Boeing 777-300ER,2004,20,widebody,1,365,11883.867409857334,354,0
EK,Emirates,GIG,EZE,Argentina,South America,77W,Boeing 777-300ER,2004,20,widebody,1,365,1995.7731429395606,74,0
EK,Emirates,GLA,DXB,United Arab Emirates,Asia,77W,Boeing 777-300ER,2004,20,widebody,1,365,5840.5556615113555,354,0
EK,Emirates,GLA,DXB,United Arab Emirates,Asia,77L,Boeing 777-200LR,2006,18,widebody,1,317,5840.5556615113555,354,0
EK,Emirates,GRU,DXB,United Arab Emirates,Asia,77W,Boeing 777-300ER,2004,20,widebody,1,365,12217.062833885997,354,0
EK,Emirates,GVA,DXB,United Arab Emirates,Asia,77L,Boeing 777-200LR,2006,18,widebody,1,317,4919.422232945953,354,0
EK,Emirates,GVA,DXB,United Arab Emirates,Asia,77W,Boeing 777-300ER,2004,20,widebody,1,365,4919.422232945953,354,0
EK,Emirates,HAM,DXB,United Arab Emirates,Asia,77W,Boeing 777-300ER,2004,20,widebody,1,365,4884.210852453223,354,0
EK,Emirates,HKG,BKK,Thailand,Asia,388,Airbus A380-800,2007,17,widebody,1,525,1689.3911501352184,330,0
EK,Emirates,HKG,DXB,United Arab Emirates,Asia,388,Airbus A380-800,2007,17,widebody,1,525,5919.684099754802,354,0
EK,Emirates,HKG,DXB,United Arab Emirates,Asia,77W,Boeing 777-300ER,2004,20,widebody,1,365,5919.684099754802,354,0
EK,Emirates,HKT,DXB,United Arab Emirates,Asia,77W,Boeing 777-300ER,2004,20,widebody,1,365,4927.196114889666,354,0
EK,Emirates,HND,DXB,United Arab Emirates,Asia,77L,Boeing 777-200LR,2006,18,widebody,1,317,7934.622090693035,354,0
EK,Emirates,HRE,LUN,Zambia,Africa,343,Airbus A340-300,1993,31,widebody,1,277,403.4300993732306,33,1
EK,Emirates,HYD,DXB,United Arab Emirates,Asia,332,Airbus A330-200,1998,26,widebody,1,247,2546.8027931087618,354,0
EK,Emirates,HYD,DXB,United Arab Emirates,Asia,772,Boeing 777-200,1995,29,widebody,1,314,2546.8027931087618,354,0
EK,Emirates,IAD,DXB,United Arab Emirates,Asia,77W,Boeing 777-300ER,2004,20,widebody,1,365,11355.261764484276,354,0
EK,Emirates,IAH,DXB,United Arab Emirates,Asia,77W,Boeing 777-300ER,2004,20,widebody,1,365,13124.814546645563,354,0
EK,Emirates,ICN,DXB,United Arab Emirates,Asia,388,Airbus A380-800,2007,17,widebody,1,525,6728.926918665158,354,0
EK,Emirates,IKA,DXB,United Arab Emirates,Asia,772,Boeing 777-200,1995,29,widebody,1,314,1199.863567129553,354,0
EK,Emirates,IKA,DXB,United Arab Emirates,Asia,77W,Boeing 777-300ER,2004,20,widebody,1,365,1199.863567129553,354,0
EK,Emirates,IKA,DXB,United Arab Emirates,Asia,332,Airbus A330-200,1998,26,widebody,1,247,1199.863567129553,354,0
EK,Emirates,ISB,DXB,United Arab Emirates,Asia,77W,Boeing 777-300ER,2004,20,widebody,1,365,1925.5211284453494,354,0
EK,Emirates,IST,DXB,United Arab Emirates,Asia,77W,Boeing 777-300ER,2004,20,widebody,1,365,3028.33601126931,354,0
EK,Emirates,JED,DXB,United Arab Emirates,Asia,388,Airbus A380-800,2007,17,widebody,1,525,1698.993435059114,354,0
EK,Emirates,JFK,DXB,United Arab Emirates,Asia,388,Airbus A380-800,2007,17,widebody,1,525,11001.514516159177,354,0
EK,Emirates,JFK,MXP,Italy,Europe,77W,Boeing 777-300ER,2004,20,widebody,1,365,6412.74643390327,194,0
EK,Emirates,JNB,DXB,United Arab Emirates,Asia,77W,Boeing 777-300ER,2004,20,widebody,1,365,6413.101255414161,354,0
EK,Emirates,KBL,DXB,United Arab Emirates,Asia,345,Airbus A340-500,2003,21,widebody,1,313,1686.3947955524836,354,0
EK,Emirates,KBP,DXB,United Arab Emirates,Asia,345,Airbus A340-500,2003,21,widebody,1,313,3488.6585872874375,354,0
EK,Emirates,KHI,DXB,United Arab Emirates,Asia,77W,Boeing 777-300ER,2004,20,widebody,1,365,1188.2745918927897,354,0
EK,Emirates,KIX,DXB,United Arab Emirates,Asia,77W,Boeing 777-300ER,2004,20,widebody,1,365,7577.247549386062,354,0
EK,Emirates,KRT,DXB,United Arab Emirates,Asia,332,Airbus A330-200,1998,26,widebody,1,247,2603.232697506631,354,0
EK,Emirates,KUL,DXB,United Arab Emirates,Asia,773,Boeing 777-300,1998,26,widebody,1,368,5549.192767621872,354,0
EK,Emirates,KUL,DXB,United Arab Emirates,Asia,77W,Boeing 777-300ER,2004,20,widebody,1,365,5549.192767621872,354,0
EK,Emirates,KUL,MEL,Australia,Oceania,77W,Boeing 777-300ER,2004,20,widebody,1,365,6314.98443390612,132,0
EK,Emirates,KWI,DXB,United Arab Emirates,Asia,77W,Boeing 777-300ER,2004,20,widebody,1,365,853.9770702965399,354,0
EK,Emirates,KWI,DXB,United Arab Emirates,Asia,772,Boeing 777-200,1995,29,widebody,1,314,853.9770702965399,354,0
EK,Emirates,KWI,DXB,United Arab Emirates,Asia,332,Airbus A330-200,1998,26,widebody,1,247,853.9770702965399,354,0
EK,Emirates,KWI,DXB,United Arab Emirates,Asia,773,Boeing 777-300,1998,26,widebody,1,368,853.9770702965399,354,0
EK,Emirates,LAD,DXB,United Arab Emirates,Asia,77W,Boeing 777-300ER,2004,20,widebody,1,365,5931.485337936489,354,0
EK,Emirates,LAD,DXB,United Arab Emirates,Asia,77L,Boeing 777-200LR,2006,18,widebody,1,317,5931.485337936489,354,0
EK,Emirates,LAX,DXB,United Arab Emirates,Asia,388,Airbus A380-800,2007,17,widebody,1,525,13400.077028051044,354,0
EK,Emirates,LCA,DXB,United Arab Emirates,Asia,773,Boeing 777-300,1998,26,widebody,1,368,2342.587344105541,354,0
EK,Emirates,LCA,MLA,Malta,Europe,773,Boeing 777-300,1998,26,widebody,1,368,1736.8681965180344,113,0
EK,Emirates,LED,DXB,United Arab Emirates,Asia,77L,Boeing 777-200LR,2006,18,widebody,1,317,4300.608097378705,354,0
EK,Emirates,LED,DXB,United Arab Emirates,Asia,77W,Boeing 777-300ER,2004,20,widebody,1,365,4300.608097378705,354,0
EK,Emirates,LGW,DXB,United Arab Emirates,Asia,77W,Boeing 777-300ER,2004,20,widebody,1,365,5473.12305515941,354,0
EK,Emirates,LGW,DXB,United Arab Emirates,Asia,388,Airbus A380-800,2007,17,widebody,1,525,5473.12305515941,354,0
EK,Emirates,LHE,DXB,United Arab Emirates,Asia,77W,Boeing 777-300ER,2004,20,widebody,1,365,1985.1960306585895,354,0
EK,Emirates,LHR,DXB,United Arab Emirates,Asia,388,Airbus A380-800,2007,17,widebody,1,525,5497.925614650826,354,0
EK,Emirates,LIS,DXB,United Arab Emirates,Asia,77W,Boeing 777-300ER,2004,20,widebody,1,365,6137.794568817576,354,0
EK,Emirates,LOS,DXB,United Arab Emirates,Asia,77W,Boeing 777-300ER,2004,20,widebody,1,365,5895.905987157858,354,0
EK,Emirates,LUN,DXB,United Arab Emirates,Asia,343,Airbus A340-300,1993,31,widebody,1,277,5372.709107092224,354,0
EK,Emirates,LUN,HRE,Zimbabwe,Africa,343,Airbus A340-300,1993,31,widebody,1,277,403.4300993732306,31,1
EK,Emirates,LYS,DXB,United Arab Emirates,Asia,77L,Boeing 777-200LR,2006,18,widebody,1,317,4987.550963415554,354,0
EK,Emirates,MAA,DXB,United Arab Emirates,Asia,332,Airbus A330-200,1998,26,widebody,1,247,2933.1719033346326,354,0
EK,Emirates,MAA,DXB,United Arab Emirates,Asia,77W,Boeing 777-300ER,2004,20,widebody,1,365,2933.1719033346326,354,0
EK,Emirates,MAA,DXB,United Arab Emirates,Asia,772,Boeing 777-200,1995,29,widebody,1,314,2933.1719033346326,354,0
EK,Emirates,MAA,DXB,United Arab Emirates,Asia,773,Boeing 777-300,1998,26,widebody,1,368,2933.1719033346326,354,0
EK,Emirates,MAD,DXB,United Arab Emirates,Asia,77W,Boeing 777-300ER,2004,20,widebody,1,365,5648.830394020429,354,0
EK,Emirates,MAN,DXB,United Arab Emirates,Asia,77W,Boeing 777-300ER,2004,20,widebody,1,365,5655.267031882395,354,0
EK,Emirates,MAN,DXB,United Arab Emirates,Asia,388,Airbus A380-800,2007,17,widebody,1,525,5655.267031882395,354,0
EK,Emirates,MCT,DXB,United Arab Emirates,Asia,738,Boeing 737-800,1998,26,narrowbody,0,162,348.4791488762323,354,0
EK,Emirates,MCT,DXB,United Arab Emirates,Asia,332,Airbus A330-200,1998,26,widebody,1,247,348.4791488762323,354,0
EK,Emirates,MCT,DXB,United Arab Emirates,Asia,E75,Embraer 175,2005,19,regional_jet,0,88,348.4791488762323,354,0
EK,Emirates,MCT,DXB,United Arab Emirates,Asia,73H,Boeing 737-800 (winglets),1998,26,narrowbody,0,162,348.4791488762323,354,0
EK,Emirates,MCT,DXB,United Arab Emirates,Asia,77W,Boeing 777-300ER,2004,20,widebody,1,365,348.4791488762323,354,0
EK,Emirates,MCT,DXB,United Arab Emirates,Asia,772,Boeing 777-200,1995,29,widebody,1,314,348.4791488762323,354,0
EK,Emirates,MCT,DXB,United Arab Emirates,Asia,E90,Embraer 190,2005,19,regional_jet,0,100,348.4791488762323,354,0
EK,Emirates,MCT,DXB,United Arab Emirates,Asia,73G,Boeing 737-700,1998,26,narrowbody,0,143,348.4791488762323,354,0
EK,Emirates,MED,DXB,United Arab Emirates,Asia,332,Airbus A330-200,1998,26,widebody,1,247,1580.3583532678083,354,0
EK,Emirates,MEL,AKL,New Zealand,Oceania,388,Airbus A380-800,2007,17,widebody,1,525,2637.361039378136,117,0
EK,Emirates,MEL,DXB,United Arab Emirates,Asia,388,Airbus A380-800,2007,17,widebody,1,525,11645.110644503333,354,0
EK,Emirates,MEL,KUL,Malaysia,Asia,77W,Boeing 777-300ER,2004,20,widebody,1,365,6314.98443390612,257,0
EK,Emirates,MEL,SIN,Singapore,Asia,77W,Boeing 777-300ER,2004,20,widebody,1,365,6033.041011603448,412,0
EK,Emirates,MEL,WLG,New Zealand,Oceania,73H,Boeing 737-800 (winglets),1998,26,narrowbody,0,162,2589.4635269436235,32,0
EK,Emirates,MLA,LCA,Cyprus,Asia,773,Boeing 777-300,1998,26,widebody,1,368,1736.8681965180344,97,0
EK,Emirates,MLA,TIP,Libya,Africa,773,Boeing 777-300,1998,26,widebody,1,368,375.24547133850245,47,1
EK,Emirates,MLE,CMB,Sri Lanka,Asia,773,Boeing 777-300,1998,26,widebody,1,368,777.677530689703,102,0
EK,Emirates,MLE,DXB,United Arab Emirates,Asia,773,Boeing 777-300,1998,26,widebody,1,368,3040.774013210561,354,0
EK,Emirates,MLE,DXB,United Arab Emirates,Asia,77W,Boeing 777-300ER,2004,20,widebody,1,365,3040.774013210561,354,0
EK,Emirates,MNL,DXB,United Arab Emirates,Asia,77W,Boeing 777-300ER,2004,20,widebody,1,365,6906.037517611,354,0
EK,Emirates,MRU,DXB,United Arab Emirates,Asia,388,Airbus A380-800,2007,17,widebody,1,525,5085.896769657105,354,0
EK,Emirates,MRU,DXB,United Arab Emirates,Asia,77W,Boeing 777-300ER,2004,20,widebody,1,365,5085.896769657105,354,0
EK,Emirates,MUC,DXB,United Arab Emirates,Asia,388,Airbus A380-800,2007,17,widebody,1,525,4564.010160598384,354,0
EK,Emirates,MXP,DXB,United Arab Emirates,Asia,77W,Boeing 777-300ER,2004,20,widebody,1,365,4707.4073956145285,354,0
EK,Emirates,MXP,DXB,United Arab Emirates,Asia,773,Boeing 777-300,1998,26,widebody,1,368,4707.4073956145285,354,0
EK,Emirates,MXP,JFK,United States,North America,77W,Boeing 777-300ER,2004,20,widebody,1,365,6412.74643390327,455,0
EK,Emirates,NBO,DXB,United Arab Emirates,Asia,77W,Boeing 777-300ER,2004,20,widebody,1,365,3559.2472269940745,354,0
EK,Emirates,NBO,DXB,United Arab Emirates,Asia,77L,Boeing 777-200LR,2006,18,widebody,1,317,3559.2472269940745,354,0
EK,Emirates,NCE,DXB,United Arab Emirates,Asia,77W,Boeing 777-300ER,2004,20,widebody,1,365,4783.887375793586,354,0
EK,Emirates,NCL,DXB,United Arab Emirates,Asia,77W,Boeing 777-300ER,2004,20,widebody,1,365,5653.303663753922,354,0
EK,Emirates,NRT,DXB,United Arab Emirates,Asia,77W,Boeing 777-300ER,2004,20,widebody,1,365,7979.177328250048,354,0
EK,Emirates,PEK,DXB,United Arab Emirates,Asia,77W,Boeing 777-300ER,2004,20,widebody,1,365,5845.0905333986,354,0
EK,Emirates,PEK,DXB,United Arab Emirates,Asia,388,Airbus A380-800,2007,17,widebody,1,525,5845.0905333986,354,0
EK,Emirates,PER,ASP,Australia,Oceania,717,Boeing 717,1999,25,narrowbody,0,106,1977.5233364057758,13,0
EK,Emirates,PER,DXB,United Arab Emirates,Asia,77W,Boeing 777-300ER,2004,20,widebody,1,365,9041.530305681654,354,0
EK,Emirates,PER,SIN,Singapore,Asia,332,Airbus A330-200,1998,26,widebody,1,247,3910.768634128117,412,0
EK,Emirates,PEW,DXB,United Arab Emirates,Asia,772,Boeing 777-200,1995,29,widebody,1,314,1835.330525117718,354,0
EK,Emirates,PEW,DXB,United Arab Emirates,Asia,332,Airbus A330-200,1998,26,widebody,1,247,1835.330525117718,354,0
EK,Emirates,PRG,DXB,United Arab Emirates,Asia,77W,Boeing 777-300ER,2004,20,widebody,1,365,4463.785621411097,354,0
EK,Emirates,PVG,DXB,United Arab Emirates,Asia,388,Airbus A380-800,2007,17,widebody,1,525,6448.419893880726,354,0
EK,Emirates,PVG,DXB,United Arab Emirates,Asia,77W,Boeing 777-300ER,2004,20,widebody,1,365,6448.419893880726,354,0
EK,Emirates,ROK,BNE,Australia,Oceania,DH8,Bombardier Dash 8,1984,40,turboprop,0,50,518.1234100715234,144,0
EK,Emirates,ROK,BNE,Australia,Oceania,DH4,Bombardier Dash 8 Q400,2000,24,turboprop,0,78,518.1234100715234,144,0
EK,Emirates,RUH,DXB,United Arab Emirates,Asia,77W,Boeing 777-300ER,2004,20,widebody,1,365,873.0082337564627,354,0
EK,Emirates,RUH,DXB,United Arab Emirates,Asia,773,Boeing 777-300,1998,26,widebody,1,368,873.0082337564627,354,0
EK,Emirates,RUH,DXB,United Arab Emirates,Asia,772,Boeing 777-200,1995,29,widebody,1,314,873.0082337564627,354,0
EK,Emirates,SAH,DXB,United Arab Emirates,Asia,332,Airbus A330-200,1998,26,widebody,1,247,1589.451473084834,354,0
EK,Emirates,SEA,DXB,United Arab Emirates,Asia,77W,Boeing 777-300ER,2004,20,widebody,1,365,11927.651301629201,354,0
EK,Emirates,SEZ,DXB,United Arab Emirates,Asia,77W,Boeing 777-300ER,2004,20,widebody,1,365,3327.789573476684,354,0
EK,Emirates,SFO,DXB,United Arab Emirates,Asia,77W,Boeing 777-300ER,2004,20,widebody,1,365,13020.071234402798,354,0
EK,Emirates,SGN,DXB,United Arab Emirates,Asia,772,Boeing 777-200,1995,29,widebody,1,314,5618.7423709570085,354,0
EK,Emirates,SIN,BNE,Australia,Oceania,77W,Boeing 777-300ER,2004,20,widebody,1,365,6142.693870648047,144,0
EK,Emirates,SIN,DXB,United Arab Emirates,Asia,77W,Boeing 777-300ER,2004,20,widebody,1,365,5846.663255670451,354,0
EK,Emirates,SIN,DXB,United Arab Emirates,Asia,388,Airbus A380-800,2007,17,widebody,1,525,5846.663255670451,354,0
EK,Emirates,SIN,MEL,Australia,Oceania,77W,Boeing 777-300ER,2004,20,widebody,1,365,6033.041011603448,132,0
EK,Emirates,SIN,PER,Australia,Oceania,332,Airbus A330-200,1998,26,widebody,1,247,3910.768634128117,90,0
EK,Emirates,SIN,SYD,Australia,Oceania,333,Airbus A330-300,1994,30,widebody,1,277,6293.4426079209525,202,0
EK,Emirates,SIN,SYD,Australia,Oceania,744,Boeing 747-400,1989,35,widebody,1,416,6293.4426079209525,202,0
EK,Emirates,SKT,DXB,United Arab Emirates,Asia,332,Airbus A330-200,1998,26,widebody,1,247,2015.1379379273158,354,0
EK,Emirates,SYD,AKL,New Zealand,Oceania,388,Airbus A380-800,2007,17,widebody,1,525,2159.5811360559856,117,0
EK,Emirates,SYD,BKK,Thailand,Asia,77W,Boeing 777-300ER,2004,20,widebody,1,365,7514.638226417631,330,0
EK,Emirates,SYD,CHC,New Zealand,Oceania,77W,Boeing 777-300ER,2004,20,widebody,1,365,2125.964479219955,38,0
EK,Emirates,SYD,DXB,United Arab Emirates,Asia,388,Airbus A380-800,2007,17,widebody,1,525,12043.879518145635,354,0
EK,Emirates,SYD,SIN,Singapore,Asia,333,Airbus A330-300,1994,30,widebody,1,277,6293.4426079209525,412,0
EK,Emirates,SYD,SIN,Singapore,Asia,744,Boeing 747-400,1989,35,widebody,1,416,6293.4426079209525,412,0
EK,Emirates,SYD,WLG,New Zealand,Oceania,73H,Boeing 737-800 (winglets),1998,26,narrowbody,0,162,2227.690078329587,32,0
EK,Emirates,SYD,ZQN,New Zealand,Oceania,73H,Boeing 737-800 (winglets),1998,26,narrowbody,0,162,1938.9214828876013,10,0
EK,Emirates,TIP,DXB,United Arab Emirates,Asia,773,Boeing 777-300,1998,26,widebody,1,368,4160.4490545940935,354,0
EK,Emirates,TPE,DXB,United Arab Emirates,Asia,77W,Boeing 777-300ER,2004,20,widebody,1,365,6555.407782272725,354,0
EK,Emirates,TRV,DXB,United Arab Emirates,Asia,332,Airbus A330-200,1998,26,widebody,1,247,2947.101943046439,354,0
EK,Emirates,TUN,DXB,United Arab Emirates,Asia,773,Boeing 777-300,1998,26,widebody,1,368,4444.468986309416,354,0
EK,Emirates,VCE,DXB,United Arab Emirates,Asia,77W,Boeing 777-300ER,2004,20,widebody,1,365,4430.408410967054,354,0
EK,Emirates,VIE,DXB,United Arab Emirates,Asia,77W,Boeing 777-300ER,2004,20,widebody,1,365,4222.896756980174,354,0
EK,Emirates,WAW,DXB,United Arab Emirates,Asia,332,Airbus A330-200,1998,26,widebody,1,247,4155.800218600067,354,0
EK,Emirates,WLG,MEL,Australia,Oceania,73H,Boeing 737-800 (winglets),1998,26,narrowbody,0,162,2589.4635269436235,132,0
EK,Emirates,WLG,SYD,Australia,Oceania,73H,Boeing 737-800 (winglets),1998,26,narrowbody,0,162,2227.690078329587,202,0
EK,Emirates,YYZ,DXB,United Arab Emirates,Asia,388,Airbus A380-800,2007,17,widebody,1,525,11082.190197891827,354,0
EK,Emirates,ZQN,SYD,Australia,Oceania,73H,Boeing 737-800 (winglets),1998,26,narrowbody,0,162,1938.9214828876013,202,0
EK,Emirates,ZRH,DXB,United Arab Emirates,Asia,388,Airbus A380-800,2007,17,widebody,1,525,4767.913411816431,354,0
EK,Emirates,ZRH,DXB,United Arab Emirates,Asia,77W,Boeing 777-300ER,2004,20,widebody,1,365,4767.913411816431,354,0
ET,Ethiopian Airlines,ABJ,CKY,Guinea,Africa,DH8,Bombardier Dash 8,1984,40,turboprop,0,50,1170.5756182440573,18,1
ET,Ethiopian Airlines,ABJ,COO,Benin,Africa,73W,Boeing 737-700 (winglets),1998,26,narrowbody,0,143,708.6475804913288,39,1
ET,Ethiopian Airlines,ABJ,COO,Benin,Africa,752,Boeing 757-200,1983,41,narrowbody,0,200,708.6475804913288,39,1
ET,Ethiopian Airlines,ABJ,LFW,Togo,Africa,DH8,Bombardier Dash 8,1984,40,turboprop,0,50,581.960037643277,21,1
ET,Ethiopian Airlines,ABJ,LOS,Nigeria,Africa,DH8,Bombardier Dash 8,1984,40,turboprop,0,50,814.8061911688932,59,1
ET,Ethiopian Airlines,ABJ,OUA,Burkina Faso,Africa,752,Boeing 757-200,1983,41,narrowbody,0,200,831.9292485492952,33,1
ET,Ethiopian Airlines,ABV,ADD,Ethiopia,Africa,77L,Boeing 777-200LR,2006,18,widebody,1,317,3462.4592658257125,109,1
ET,Ethiopian Airlines,ABV,COO,Benin,Africa,DH8,Bombardier Dash 8,1984,40,turboprop,0,50,613.0166221388653,39,1
ET,Ethiopian Airlines,ABV,LFW,Togo,Africa,DH8,Bombardier Dash 8,1984,40,turboprop,0,50,733.7081430547036,21,1
ET,Ethiopian Airlines,ABV,NDJ,Chad,Africa,DH8,Bombardier Dash 8,1984,40,turboprop,0,50,917.6939153153197,10,1
ET,Ethiopian Airlines,ABV,NIM,Niger,Africa,DH8,Bombardier Dash 8,1984,40,turboprop,0,50,744.5013299170201,17,1
ET,Ethiopian Airlines,ACC,ADD,Ethiopia,Africa,738,Boeing 737-800,1998,26,narrowbody,0,162,4312.077220535759,109,1
ET,Ethiopian Airlines,ACC,FNA,Sierra Leone,Africa,DH8,Bombardier Dash 8,1984,40,turboprop,0,50,1475.8480924217408,22,1
ET,Ethiopian Airlines,ACC,LFW,Togo,Africa,DH8,Bombardier Dash 8,1984,40,turboprop,0,50,169.1075560855294,21,1
ET,Ethiopian Airlines,ACC,MLW,Liberia,Africa,DH8,Bombardier Dash 8,1984,40,turboprop,0,50,1173.8687798687704,2,1
ET,Ethiopian Airlines,ADD,ABV,Nigeria,Africa,77L,Boeing 777-200LR,2006,18,widebody,1,317,3462.4592658257125,30,1
ET,Ethiopian Airlines,ADD,ACC,Ghana,Africa,738,Boeing 737-800,1998,26,narrowbody,0,162,4312.077220535759,53,1
ET,Ethiopian Airlines,ADD,AMH,Ethiopia,Africa,DH8,Bombardier Dash 8,1984,40,turboprop,0,50,352.87002657197326,2,1
ET,Ethiopian Airlines,ADD,ASO,Ethiopia,Africa,DH8,Bombardier Dash 8,1984,40,turboprop,0,50,476.3012216611408,2,1
ET,Ethiopian Airlines,ADD,AXU,Ethiopia,Africa,DH8,Bombardier Dash 8,1984,40,turboprop,0,50,574.7638160758581,2,1
ET,Ethiopian Airlines,ADD,BEY,Lebanon,Asia,738,Boeing 737-800,1998,26,narrowbody,0,162,2783.1147342541108,66,0
ET,Ethiopian Airlines,ADD,BJR,Ethiopia,Africa,DH8,Bombardier Dash 8,1984,40,turboprop,0,50,334.16751683101296,1,1
ET,Ethiopian Airlines,ADD,BKK,Thailand,Asia,763,Boeing 767-300,1986,38,widebody,1,218,6757.834948503523,330,0
ET,Ethiopian Airlines,ADD,BKO,Mali,Africa,763,Boeing 767-300,1986,38,widebody,1,218,5116.061804619295,27,1
ET,Ethiopian Airlines,ADD,BOM,India,Asia,788,Boeing 787-8,2011,13,widebody,1,242,3834.6951670829644,225,0
ET,Ethiopian Airlines,ADD,CAI,Egypt,Africa,73W,Boeing 737-700 (winglets),1998,26,narrowbody,0,143,2473.5406570394016,152,1
ET,Ethiopian Airlines,ADD,CAI,Egypt,Africa,738,Boeing 737-800,1998,26,narrowbody,0,162,2473.5406570394016,152,1
ET,Ethiopian Airlines,ADD,CAN,China,Asia,77W,Boeing 777-300ER,2004,20,widebody,1,365,8038.074893043313,336,0
ET,Ethiopian Airlines,ADD,CDG,France,Europe,763,Boeing 767-300,1986,38,widebody,1,218,5580.726064362499,517,0
ET,Ethiopian Airlines,ADD,COO,Benin,Africa,73W,Boeing 737-700 (winglets),1998,26,narrowbody,0,143,4021.9008488353325,39,1
ET,Ethiopian Airlines,ADD,COO,Benin,Africa,752,Boeing 757-200,1983,41,narrowbody,0,200,4021.9008488353325,39,1
ET,Ethiopian Airlines,ADD,DAR,Tanzania,Africa,738,Boeing 737-800,1998,26,narrowbody,0,162,1763.673142017261,32,1
ET,Ethiopian Airlines,ADD,DAR,Tanzania,Africa,73W,Boeing 737-700 (winglets),1998,26,narrowbody,0,143,1763.673142017261,32,1
ET,Ethiopian Airlines,ADD,DEL,India,Asia,752,Boeing 757-200,1983,41,narrowbody,0,200,4552.464741529395,263,0
ET,Ethiopian Airlines,ADD,DIR,Ethiopia,Africa,DH8,Bombardier Dash 8,1984,40,turboprop,0,50,342.8485884685891,3,1
ET,Ethiopian Airlines,ADD,DIR,Ethiopia,Africa,73W,Boeing 737-700 (winglets),1998,26,narrowbody,0,143,342.8485884685891,3,1
ET,Ethiopian Airlines,ADD,DLA,Cameroon,Africa,763,Boeing 767-300,1986,38,widebody,1,218,3258.5291118329715,47,1
ET,Ethiopian Airlines,ADD,DMM,Saudi Arabia,Asia,73W,Boeing 737-700 (winglets),1998,26,narrowbody,0,143,2264.1855674360045,82,0
ET,Ethiopian Airlines,ADD,DXB,United Arab Emirates,Asia,77L,Boeing 777-200LR,2006,18,widebody,1,317,2518.9583517770598,354,0
ET,Ethiopian Airlines,ADD,DXB,United Arab Emirates,Asia,738,Boeing 737-800,1998,26,narrowbody,0,162,2518.9583517770598,354,0
ET,Ethiopian Airlines,ADD,DXB,United Arab Emirates,Asia,788,Boeing 787-8,2011,13,widebody,1,242,2518.9583517770598,354,0
ET,Ethiopian Airlines,ADD,DXB,United Arab Emirates,Asia,763,Boeing 767-300,1986,38,widebody,1,218,2518.9583517770598,354,0
ET,Ethiopian Airlines,ADD,EBB,Uganda,Africa,763,Boeing 767-300,1986,38,widebody,1,218,1217.6044502401057,33,1
ET,Ethiopian Airlines,ADD,EBB,Uganda,Africa,73W,Boeing 737-700 (winglets),1998,26,narrowbody,0,143,1217.6044502401057,33,1
ET,Ethiopian Airlines,ADD,ENU,Nigeria,Africa,752,Boeing 757-200,1983,41,narrowbody,0,200,3452.061840160431,3,1
ET,Ethiopian Airlines,ADD,FBM,Congo (Kinshasa),Africa,738,Boeing 737-800,1998,26,narrowbody,0,162,2604.5099589288166,10,1
ET,Ethiopian Airlines,ADD,FBM,Congo (Kinshasa),Africa,73W,Boeing 737-700 (winglets),1998,26,narrowbody,0,143,2604.5099589288166,10,1
ET,Ethiopian Airlines,ADD,FCO,Italy,Europe,763,Boeing 767-300,1986,38,widebody,1,218,4481.394400891359,331,0
ET,Ethiopian Airlines,ADD,FIH,Congo (Kinshasa),Africa,788,Boeing 787-8,2011,13,widebody,1,242,2985.0221283809124,28,1
ET,Ethiopian Airlines,ADD,FRA,Germany,Europe,788,Boeing 787-8,2011,13,widebody,1,242,5348.751877496241,493,0
ET,Ethiopian Airlines,ADD,GDQ,Ethiopia,Africa,DH8,Bombardier Dash 8,1984,40,turboprop,0,50,421.1398588785522,2,1
ET,Ethiopian Airlines,ADD,GMB,Ethiopia,Africa,DH8,Bombardier Dash 8,1984,40,turboprop,0,50,475.27146950946275,1,1
ET,Ethiopian Airlines,ADD,HGA,Somalia,Africa,DH8,Bombardier Dash 8,1984,40,turboprop,0,50,583.6129199548773,8,1
ET,Ethiopian Airlines,ADD,HKG,Hong Kong,Asia,788,Boeing 787-8,2011,13,widebody,1,242,8106.592279331137,355,0
ET,Ethiopian Airlines,ADD,HRE,Zimbabwe,Africa,788,Boeing 787-8,2011,13,widebody,1,242,3109.5825407287653,31,1
ET,Ethiopian Airlines,ADD,JED,Saudi Arabia,Asia,738,Boeing 737-800,1998,26,narrowbody,0,162,1412.882467734796,183,0
ET,Ethiopian Airlines,ADD,JED,Saudi Arabia,Asia,752,Boeing 757-200,1983,41,narrowbody,0,200,1412.882467734796,183,0
ET,Ethiopian Airlines,ADD,JIB,Djibouti,Africa,DH8,Bombardier Dash 8,1984,40,turboprop,0,50,556.0424132011303,17,1
ET,Ethiopian Airlines,ADD,JIB,Djibouti,Africa,73W,Boeing 737-700 (winglets),1998,26,narrowbody,0,143,556.0424132011303,17,1
ET,Ethiopian Airlines,ADD,JIJ,Ethiopia,Africa,DH8,Bombardier Dash 8,1984,40,turboprop,0,50,453.21186064924035,3,1
ET,Ethiopian Airlines,ADD,JIM,Ethiopia,Africa,DH8,Bombardier Dash 8,1984,40,turboprop,0,50,262.41489785204135,1,1
ET,Ethiopian Airlines,ADD,JNB,South Africa,Africa,77L,Boeing 777-200LR,2006,18,widebody,1,317,4068.006696272803,162,1
ET,Ethiopian Airlines,ADD,JRO,Tanzania,Africa,763,Boeing 767-300,1986,38,widebody,1,218,1392.8129750586352,21,1
ET,Ethiopian Airlines,ADD,JUB,South Sudan,Africa,DH8,Bombardier Dash 8,1984,40,turboprop,0,50,916.2307679589946,12,1
ET,Ethiopian Airlines,ADD,JUB,South Sudan,Africa,73W,Boeing 737-700 (winglets),1998,26,narrowbody,0,143,916.2307679589946,12,1
ET,Ethiopian Airlines,ADD,KGL,Rwanda,Africa,738,Boeing 737-800,1998,26,narrowbody,0,162,1549.9936452526993,38,1
ET,Ethiopian Airlines,ADD,KRT,Sudan,Africa,DH8,Bombardier Dash 8,1984,40,turboprop,0,50,1000.2128138632472,40,1
ET,Ethiopian Airlines,ADD,KRT,Sudan,Africa,738,Boeing 737-800,1998,26,narrowbody,0,162,1000.2128138632472,40,1
ET,Ethiopian Airlines,ADD,KWI,Kuwait,Asia,738,Boeing 737-800,1998,26,narrowbody,0,162,2446.293632989401,119,0
ET,Ethiopian Airlines,ADD,LAD,Angola,Africa,77W,Boeing 777-300ER,2004,20,widebody,1,365,3456.9890073586935,46,1
ET,Ethiopian Airlines,ADD,LBV,Gabon,Africa,738,Boeing 737-800,1998,26,narrowbody,0,162,3388.401367726791,24,1
ET,Ethiopian Airlines,ADD,LFW,Togo,Africa,788,Boeing 787-8,2011,13,widebody,1,242,4148.408615051194,21,1
ET,Ethiopian Airlines,ADD,LFW,Togo,Africa,73W,Boeing 737-700 (winglets),1998,26,narrowbody,0,143,4148.408615051194,21,1
ET,Ethiopian Airlines,ADD,LHR,United Kingdom,Europe,788,Boeing 787-8,2011,13,widebody,1,242,5919.9404627534295,524,0
ET,Ethiopian Airlines,ADD,LHR,United Kingdom,Europe,77L,Boeing 777-200LR,2006,18,widebody,1,317,5919.9404627534295,524,0
ET,Ethiopian Airlines,ADD,LLW,Malawi,Africa,738,Boeing 737-800,1998,26,narrowbody,0,162,2591.474014833101,13,1
ET,Ethiopian Airlines,ADD,LOS,Nigeria,Africa,77L,Boeing 777-200LR,2006,18,widebody,1,317,3916.3130462975687,59,1
ET,Ethiopian Airlines,ADD,LUN,Zambia,Africa,788,Boeing 787-8,2011,13,widebody,1,242,2933.5561029426653,33,1
ET,Ethiopian Airlines,ADD,MBA,Kenya,Africa,738,Boeing 737-800,1998,26,narrowbody,0,162,1449.6289674457294,12,1
ET,Ethiopian Airlines,ADD,MBA,Kenya,Africa,DH8,Bombardier Dash 8,1984,40,turboprop,0,50,1449.6289674457294,12,1
ET,Ethiopian Airlines,ADD,MCT,Oman,Asia,73W,Boeing 737-700 (winglets),1998,26,narrowbody,0,143,2633.141218515835,104,0
ET,Ethiopian Airlines,ADD,MPM,Mozambique,Africa,73W,Boeing 737-700 (winglets),1998,26,narrowbody,0,143,3938.5413044520074,17,1
ET,Ethiopian Airlines,ADD,MPM,Mozambique,Africa,738,Boeing 737-800,1998,26,narrowbody,0,162,3938.5413044520074,17,1
ET,Ethiopian Airlines,ADD,MQX,Ethiopia,Africa,738,Boeing 737-800,1998,26,narrowbody,0,162,505.5889185636479,3,1
ET,Ethiopian Airlines,ADD,MQX,Ethiopia,Africa,DH8,Bombardier Dash 8,1984,40,turboprop,0,50,505.5889185636479,3,1
ET,Ethiopian Airlines,ADD,MQX,Ethiopia,Africa,73W,Boeing 737-700 (winglets),1998,26,narrowbody,0,143,505.5889185636479,3,1
ET,Ethiopian Airlines,ADD,NBO,Kenya,Africa,763,Boeing 767-300,1986,38,widebody,1,218,1163.6126187686227,128,1
ET,Ethiopian Airlines,ADD,NBO,Kenya,Africa,738,Boeing 737-800,1998,26,narrowbody,0,162,1163.6126187686227,128,1
ET,Ethiopian Airlines,ADD,NDJ,Chad,Africa,738,Boeing 737-800,1998,26,narrowbody,0,162,2620.4627511357157,10,1
ET,Ethiopian Airlines,ADD,NDJ,Chad,Africa,752,Boeing 757-200,1983,41,narrowbody,0,200,2620.4627511357157,10,1
ET,Ethiopian Airlines,ADD,NDJ,Chad,Africa,763,Boeing 767-300,1986,38,widebody,1,218,2620.4627511357157,10,1
ET,Ethiopian Airlines,ADD,NIM,Niger,Africa,752,Boeing 757-200,1983,41,narrowbody,0,200,4020.991394934509,17,1
ET,Ethiopian Airlines,ADD,OUA,Burkina Faso,Africa,752,Boeing 757-200,1983,41,narrowbody,0,200,4417.015643457197,33,1
ET,Ethiopian Airlines,ADD,PEK,China,Asia,77L,Boeing 777-200LR,2006,18,widebody,1,317,8329.363163796539,534,0
ET,Ethiopian Airlines,ADD,PNR,Congo (Brazzaville),Africa,738,Boeing 737-800,1998,26,narrowbody,0,162,3354.4558376873756,18,1
ET,Ethiopian Airlines,ADD,PVG,China,Asia,788,Boeing 787-8,2011,13,widebody,1,242,8830.82010004372,414,0
ET,Ethiopian Airlines,ADD,PVG,China,Asia,77L,Boeing 777-200LR,2006,18,widebody,1,317,8830.82010004372,414,0
ET,Ethiopian Airlines,ADD,RUH,Saudi Arabia,Asia,738,Boeing 737-800,1998,26,narrowbody,0,162,1963.955999719059,139,0
ET,Ethiopian Airlines,ADD,SSG,Equatorial Guinea,Africa,763,Boeing 767-300,1986,38,widebody,1,218,3373.9547374324293,14,1
ET,Ethiopian Airlines,ADD,TLV,Israel,Asia,763,Boeing 767-300,1986,38,widebody,1,218,2592.8107597126063,135,0
ET,Ethiopian Airlines,ADL,SIN,Singapore,Asia,333,Airbus A330-300,1994,30,widebody,1,277,5402.017090296615,412,0
ET,Ethiopian Airlines,AKL,SIN,Singapore,Asia,77W,Boeing 777-300ER,2004,20,widebody,1,365,8408.330814225812,412,0
ET,Ethiopian Airlines,AMH,ADD,Ethiopia,Africa,DH8,Bombardier Dash 8,1984,40,turboprop,0,50,352.87002657197326,109,1
ET,Ethiopian Airlines,AMS,FRA,Germany,Europe,32A,Airbus A320 (sharklets),1988,36,narrowbody,0,150,366.5732483892517,493,0
ET,Ethiopian Airlines,AMS,FRA,Germany,Europe,319,Airbus A319,1996,28,narrowbody,0,124,366.5732483892517,493,0
ET,Ethiopian Airlines,ARN,ADD,Ethiopia,Africa,752,Boeing 757-200,1983,41,narrowbody,0,200,5900.183518690244,109,1
ET,Ethiopian Airlines,ARN,CPH,Denmark,Europe,320,Airbus A320,1988,36,narrowbody,0,150,546.7541866422326,228,0
ET,Ethiopian Airlines,ARN,FRA,Germany,Europe,321,Airbus A321,1994,30,narrowbody,0,185,1222.9853331030772,493,0
ET,Ethiopian Airlines,ARN,FRA,Germany,Europe,32A,Airbus A320 (sharklets),1988,36,narrowbody,0,150,1222.9853331030772,493,0
ET,Ethiopian Airlines,ARN,HEL,Finland,Europe,717,Boeing 717,1999,25,narrowbody,0,106,398.5689325727952,161,0
ET,Ethiopian Airlines,ARN,OSL,Norway,Europe,738,Boeing 737-800,1998,26,narrowbody,0,162,386.52904544252607,183,0
ET,Ethiopian Airlines,ARN,OSL,Norway,Europe,736,Boeing 737-600,1998,26,narrowbody,0,110,386.52904544252607,183,0
ET,Ethiopian Airlines,ARN,OSL,Norway,Europe,73W,Boeing 737-700 (winglets),1998,26,narrowbody,0,143,386.52904544252607,183,0
ET,Ethiopian Airlines,ASO,ADD,Ethiopia,Africa,DH8,Bombardier Dash 8,1984,40,turboprop,0,50,476.3012216611408,109,1
ET,Ethiopian Airlines,AXU,ADD,Ethiopia,Africa,DH8,Bombardier Dash 8,1984,40,turboprop,0,50,574.7638160758581,109,1
ET,Ethiopian Airlines,AXU,LLI,Ethiopia,Africa,DH8,Bombardier Dash 8,1984,40,turboprop,0,50,242.533623045046,3,1
ET,Ethiopian Airlines,BCN,FRA,Germany,Europe,321,Airbus A321,1994,30,narrowbody,0,185,1093.614444344243,493,0
ET,Ethiopian Airlines,BEY,ADD,Ethiopia,Africa,738,Boeing 737-800,1998,26,narrowbody,0,162,2783.1147342541108,109,1
ET,Ethiopian Airlines,BGF,DLA,Cameroon,Africa,73W,Boeing 737-700 (winglets),1998,26,narrowbody,0,143,976.7773290309196,47,1
ET,Ethiopian Airlines,BJM,KGL,Rwanda,Africa,738,Boeing 737-800,1998,26,narrowbody,0,162,176.1537340831755,38,1
ET,Ethiopian Airlines,BJR,ADD,Ethiopia,Africa,DH8,Bombardier Dash 8,1984,40,turboprop,0,50,334.16751683101296,109,1
ET,Ethiopian Airlines,BJR,LLI,Ethiopia,Africa,DH8,Bombardier Dash 8,1984,40,turboprop,0,50,185.06624883810719,3,1
ET,Ethiopian Airlines,BKK,ADD,Ethiopia,Africa,763,Boeing 767-300,1986,38,widebody,1,218,6757.834948503523,109,1
ET,Ethiopian Airlines,BKK,ICN,South Korea,Asia,333,Airbus A330-300,1994,30,widebody,1,277,3668.677122221509,370,0
ET,Ethiopian Airlines,BKK,ICN,South Korea,Asia,772,Boeing 777-200,1995,29,widebody,1,314,3668.677122221509,370,0
ET,Ethiopian Airlines,BKK,KUL,Malaysia,Asia,763,Boeing 767-300,1986,38,widebody,1,218,1220.569348054856,257,0
ET,Ethiopian Airlines,BKK,SIN,Singapore,Asia,772,Boeing 777-200,1995,29,widebody,1,314,1416.9035648215136,412,0
ET,Ethiopian Airlines,BKK,SIN,Singapore,Asia,763,Boeing 767-300,1986,38,widebody,1,218,1416.9035648215136,412,0
ET,Ethiopian Airlines,BKO,ADD,Ethiopia,Africa,763,Boeing 767-300,1986,38,widebody,1,218,5116.061804619295,109,1
ET,Ethiopian Airlines,BKO,CKY,Guinea,Africa,DH8,Bombardier Dash 8,1984,40,turboprop,0,50,699.8490830889542,18,1
ET,Ethiopian Airlines,BKO,DKR,Senegal,Africa,763,Boeing 767-300,1986,38,widebody,1,218,1059.572896549398,67,1
ET,Ethiopian Airlines,BKO,LFW,Togo,Africa,73W,Boeing 737-700 (winglets),1998,26,narrowbody,0,143,1232.9072578742837,21,1
ET,Ethiopian Airlines,BKO,OUA,Burkina Faso,Africa,DH8,Bombardier Dash 8,1984,40,turboprop,0,50,699.2746613949097,33,1
ET,Ethiopian Airlines,BLZ,ADD,Ethiopia,Africa,738,Boeing 737-800,1998,26,narrowbody,0,162,2773.911095806695,109,1
ET,Ethiopian Airlines,BLZ,JNB,South Africa,Africa,738,Boeing 737-800,1998,26,narrowbody,0,162,1356.1698361710307,162,1
ET,Ethiopian Airlines,BLZ,LLW,Malawi,Africa,738,Boeing 737-800,1998,26,narrowbody,0,162,246.1907478829558,13,1
ET,Ethiopian Airlines,BNE,SIN,Singapore,Asia,333,Airbus A330-300,1994,30,widebody,1,277,6142.693870648047,412,0
ET,Ethiopian Airlines,BOM,ADD,Ethiopia,Africa,788,Boeing 787-8,2011,13,widebody,1,242,3834.6951670829644,109,1
ET,Ethiopian Airlines,BRU,CDG,France,Europe,763,Boeing 767-300,1986,38,widebody,1,218,251.47977718282957,517,0
ET,Ethiopian Airlines,BRU,FRA,Germany,Europe,319,Airbus A319,1996,28,narrowbody,0,124,304.83922161754913,493,0
ET,Ethiopian Airlines,BRU,FRA,Germany,Europe,320,Airbus A320,1988,36,narrowbody,0,150,304.83922161754913,493,0
ET,Ethiopian Airlines,BRU,FRA,Germany,Europe,733,Boeing 737-300,1984,40,narrowbody,0,140,304.83922161754913,493,0
ET,Ethiopian Airlines,BRU,FRA,Germany,Europe,32A,Airbus A320 (sharklets),1988,36,narrowbody,0,150,304.83922161754913,493,0
ET,Ethiopian Airlines,BUD,FRA,Germany,Europe,321,Airbus A321,1994,30,narrowbody,0,185,834.900549143598,493,0
ET,Ethiopian Airlines,BUD,FRA,Germany,Europe,32A,Airbus A320 (sharklets),1988,36,narrowbody,0,150,834.900549143598,493,0
ET,Ethiopian Airlines,BZV,ADD,Ethiopia,Africa,788,Boeing 787-8,2011,13,widebody,1,242,2996.1067272730656,109,1
ET,Ethiopian Airlines,BZV,DLA,Cameroon,Africa,DH8,Bombardier Dash 8,1984,40,turboprop,0,50,1105.0203153158086,47,1
ET,Ethiopian Airlines,CAI,ADD,Ethiopia,Africa,73W,Boeing 737-700 (winglets),1998,26,narrowbody,0,143,2473.5406570394016,109,1
ET,Ethiopian Airlines,CAI,ADD,Ethiopia,Africa,738,Boeing 737-800,1998,26,narrowbody,0,162,2473.5406570394016,109,1
ET,Ethiopian Airlines,CAI,LCA,Cyprus,Asia,E70,Embraer 170,2004,20,regional_jet,0,76,567.985597386133,97,0
ET,Ethiopian Airlines,CAN,ADD,Ethiopia,Africa,77W,Boeing 777-300ER,2004,20,widebody,1,365,8038.074893043313,109,1
ET,Ethiopian Airlines,CDG,ADD,Ethiopia,Africa,763,Boeing 767-300,1986,38,widebody,1,218,5580.726064362499,109,1
ET,Ethiopian Airlines,CDG,BRU,Belgium,Europe,763,Boeing 767-300,1986,38,widebody,1,218,251.47977718282957,315,0
ET,Ethiopian Airlines,CHC,SIN,Singapore,Asia,772,Boeing 777-200,1995,29,widebody,1,314,8403.248682216637,412,0
ET,Ethiopian Airlines,CKY,BKO,Mali,Africa,DH8,Bombardier Dash 8,1984,40,turboprop,0,50,699.8490830889542,27,1
ET,Ethiopian Airlines,CKY,DKR,Senegal,Africa,73W,Boeing 737-700 (winglets),1998,26,narrowbody,0,143,712.1386743263191,67,1
ET,Ethiopian Airlines,CKY,LFW,Togo,Africa,73W,Boeing 737-700 (winglets),1998,26,narrowbody,0,143,1680.5307647764057,21,1
ET,Ethiopian Airlines,CKY,OXB,Guinea-Bissau,Africa,DH8,Bombardier Dash 8,1984,40,turboprop,0,50,340.84413638785196,7,1
ET,Ethiopian Airlines,COO,ABV,Nigeria,Africa,DH8,Bombardier Dash 8,1984,40,turboprop,0,50,613.0166221388653,30,1
ET,Ethiopian Airlines,COO,ADD,Ethiopia,Africa,73W,Boeing 737-700 (winglets),1998,26,narrowbody,0,143,4021.9008488353325,109,1
ET,Ethiopian Airlines,COO,ADD,Ethiopia,Africa,752,Boeing 757-200,1983,41,narrowbody,0,200,4021.9008488353325,109,1
ET,Ethiopian Airlines,COO,LFW,Togo,Africa,DH8,Bombardier Dash 8,1984,40,turboprop,0,50,126.68759958642458,21,1
ET,Ethiopian Airlines,COO,NIM,Niger,Africa,DH8,Bombardier Dash 8,1984,40,turboprop,0,50,792.4873121703822,17,1
ET,Ethiopian Airlines,CPH,ARN,Sweden,Europe,321,Airbus A321,1994,30,narrowbody,0,185,546.7541866422326,220,0
ET,Ethiopian Airlines,CPH,FRA,Germany,Europe,321,Airbus A321,1994,30,narrowbody,0,185,678.6511490406508,493,0
ET,Ethiopian Airlines,CPH,FRA,Germany,Europe,320,Airbus A320,1988,36,narrowbody,0,150,678.6511490406508,493,0
ET,Ethiopian Airlines,DAR,ADD,Ethiopia,Africa,738,Boeing 737-800,1998,26,narrowbody,0,162,1763.673142017261,109,1
ET,Ethiopian Airlines,DAR,LLW,Malawi,Africa,DH8,Bombardier Dash 8,1984,40,turboprop,0,50,970.49171979211,13,1
ET,Ethiopian Airlines,DAR,ZNZ,Tanzania,Africa,73W,Boeing 737-700 (winglets),1998,26,narrowbody,0,143,72.99545941009917,13,1
ET,Ethiopian Airlines,DEL,ADD,Ethiopia,Africa,752,Boeing 757-200,1983,41,narrowbody,0,200,4552.464741529395,109,1
ET,Ethiopian Airlines,DIR,ADD,Ethiopia,Africa,DH8,Bombardier Dash 8,1984,40,turboprop,0,50,342.8485884685891,109,1
ET,Ethiopian Airlines,DIR,ADD,Ethiopia,Africa,73W,Boeing 737-700 (winglets),1998,26,narrowbody,0,143,342.8485884685891,109,1
ET,Ethiopian Airlines,DIR,JIB,Djibouti,Africa,73W,Boeing 737-700 (winglets),1998,26,narrowbody,0,143,257.014984524811,17,1
ET,Ethiopian Airlines,DIR,JIB,Djibouti,Africa,DH8,Bombardier Dash 8,1984,40,turboprop,0,50,257.014984524811,17,1
ET,Ethiopian Airlines,DIR,JIJ,Ethiopia,Africa,DH8,Bombardier Dash 8,1984,40,turboprop,0,50,120.4904771122286,3,1
ET,Ethiopian Airlines,DKR,BKO,Mali,Africa,763,Boeing 767-300,1986,38,widebody,1,218,1059.572896549398,27,1
ET,Ethiopian Airlines,DKR,CKY,Guinea,Africa,73W,Boeing 737-700 (winglets),1998,26,narrowbody,0,143,712.1386743263191,18,1
ET,Ethiopian Airlines,DLA,ADD,Ethiopia,Africa,763,Boeing 767-300,1986,38,widebody,1,218,3258.5291118329715,109,1
ET,Ethiopian Airlines,DLA,BGF,Central African Republic,Africa,73W,Boeing 737-700 (winglets),1998,26,narrowbody,0,143,976.7773290309196,3,1
ET,Ethiopian Airlines,DLA,BZV,Congo (Brazzaville),Africa,DH8,Bombardier Dash 8,1984,40,turboprop,0,50,1105.0203153158086,26,1
ET,Ethiopian Airlines,DLA,LFW,Togo,Africa,73W,Boeing 737-700 (winglets),1998,26,narrowbody,0,143,967.7570651624969,21,1
ET,Ethiopian Airlines,DLA,LFW,Togo,Africa,DH8,Bombardier Dash 8,1984,40,turboprop,0,50,967.7570651624969,21,1
ET,Ethiopian Airlines,DLA,NDJ,Chad,Africa,73W,Boeing 737-700 (winglets),1998,26,narrowbody,0,143,1076.330602713472,10,1
ET,Ethiopian Airlines,DLA,SSG,Equatorial Guinea,Africa,763,Boeing 767-300,1986,38,widebody,1,218,115.54960968348738,14,1
ET,Ethiopian Airlines,DMM,ADD,Ethiopia,Africa,73W,Boeing 737-700 (winglets),1998,26,narrowbody,0,143,2264.1855674360045,109,1
ET,Ethiopian Airlines,DUS,FRA,Germany,Europe,319,Airbus A319,1996,28,narrowbody,0,124,188.8680916787127,493,0
ET,Ethiopian Airlines,DUS,FRA,Germany,Europe,320,Airbus A320,1988,36,narrowbody,0,150,188.8680916787127,493,0
ET,Ethiopian Airlines,DUS,FRA,Germany,Europe,321,Airbus A321,1994,30,narrowbody,0,185,188.8680916787127,493,0
ET,Ethiopian Airlines,DXB,ADD,Ethiopia,Africa,77L,Boeing 777-200LR,2006,18,widebody,1,317,2518.9583517770598,109,1
ET,Ethiopian Airlines,DXB,ADD,Ethiopia,Africa,738,Boeing 737-800,1998,26,narrowbody,0,162,2518.9583517770598,109,1
ET,Ethiopian Airlines,DXB,ADD,Ethiopia,Africa,788,Boeing 787-8,2011,13,widebody,1,242,2518.9583517770598,109,1
ET,Ethiopian Airlines,DXB,ADD,Ethiopia,Africa,763,Boeing 767-300,1986,38,widebody,1,218,2518.9583517770598,109,1
ET,Ethiopian Airlines,DXB,SIN,Singapore,Asia,77W,Boeing 777-300ER,2004,20,widebody,1,365,5846.663255670451,412,0
ET,Ethiopian Airlines,DXB,SIN,Singapore,Asia,333,Airbus A330-300,1994,30,widebody,1,277,5846.663255670451,412,0
ET,Ethiopian Airlines,EBB,ADD,Ethiopia,Africa,763,Boeing 767-300,1986,38,widebody,1,218,1217.6044502401057,109,1
ET,Ethiopian Airlines,EBB,KGL,Rwanda,Africa,73W,Boeing 737-700 (winglets),1998,26,narrowbody,0,143,340.0194792797979,38,1
ET,Ethiopian Airlines,ENU,ADD,Ethiopia,Africa,752,Boeing 757-200,1983,41,narrowbody,0,200,3452.061840160431,109,1
ET,Ethiopian Airlines,FBM,NLA,Zambia,Africa,738,Boeing 737-800,1998,26,narrowbody,0,162,199.11850108336932,10,1
ET,Ethiopian Airlines,FCO,ADD,Ethiopia,Africa,763,Boeing 767-300,1986,38,widebody,1,218,4481.394400891359,109,1
ET,Ethiopian Airlines,FCO,MXP,Italy,Europe,763,Boeing 767-300,1986,38,widebody,1,218,510.776495344548,194,0
ET,Ethiopian Airlines,FIH,BZV,Congo (Brazzaville),Africa,788,Boeing 787-8,2011,13,widebody,1,242,25.951973785032795,26,1
ET,Ethiopian Airlines,FIH,LBV,Gabon,Africa,73W,Boeing 737-700 (winglets),1998,26,narrowbody,0,143,859.8187821768938,24,1
ET,Ethiopian Airlines,FNA,ACC,Ghana,Africa,DH8,Bombardier Dash 8,1984,40,turboprop,0,50,1475.8480924217408,53,1
ET,Ethiopian Airlines,FNA,MLW,Liberia,Africa,DH8,Bombardier Dash 8,1984,40,turboprop,0,50,373.0242291979626,2,1
ET,Ethiopian Airlines,FRA,ADD,Ethiopia,Africa,788,Boeing 787-8,2011,13,widebody,1,242,5348.751877496241,109,1
ET,Ethiopian Airlines,FRA,AMS,Netherlands,Europe,733,Boeing 737-300,1984,40,narrowbody,0,140,366.5732483892517,450,0
ET,Ethiopian Airlines,FRA,ARN,Sweden,Europe,32A,Airbus A320 (sharklets),1988,36,narrowbody,0,150,1222.9853331030772,220,0
ET,Ethiopian Airlines,FRA,ARN,Sweden,Europe,321,Airbus A321,1994,30,narrowbody,0,185,1222.9853331030772,220,0
ET,Ethiopian Airlines,FRA,BCN,Spain,Europe,321,Airbus A321,1994,30,narrowbody,0,185,1093.614444344243,392,0
ET,Ethiopian Airlines,FRA,BRU,Belgium,Europe,735,Boeing 737-500,1990,34,narrowbody,0,122,304.83922161754913,315,0
ET,Ethiopian Airlines,FRA,BRU,Belgium,Europe,733,Boeing 737-300,1984,40,narrowbody,0,140,304.83922161754913,315,0
ET,Ethiopian Airlines,FRA,BUD,Hungary,Europe,733,Boeing 737-300,1984,40,narrowbody,0,140,834.900549143598,97,0
ET,Ethiopian Airlines,FRA,BUD,Hungary,Europe,735,Boeing 737-500,1990,34,narrowbody,0,122,834.900549143598,97,0
ET,Ethiopian Airlines,FRA,CPH,Denmark,Europe,319,Airbus A319,1996,28,narrowbody,0,124,678.6511490406508,228,0
ET,Ethiopian Airlines,FRA,CPH,Denmark,Europe,321,Airbus A321,1994,30,narrowbody,0,185,678.6511490406508,228,0
ET,Ethiopian Airlines,FRA,CPH,Denmark,Europe,320,Airbus A320,1988,36,narrowbody,0,150,678.6511490406508,228,0
ET,Ethiopian Airlines,FRA,DUS,Germany,Europe,319,Airbus A319,1996,28,narrowbody,0,124,188.8680916787127,285,0
ET,Ethiopian Airlines,FRA,DUS,Germany,Europe,320,Airbus A320,1988,36,narrowbody,0,150,188.8680916787127,285,0
ET,Ethiopian Airlines,FRA,DUS,Germany,Europe,321,Airbus A321,1994,30,narrowbody,0,185,188.8680916787127,285,0
ET,Ethiopian Airlines,FRA,GOT,Sweden,Europe,32A,Airbus A320 (sharklets),1988,36,narrowbody,0,150,882.2247121945778,54,0
ET,Ethiopian Airlines,FRA,GOT,Sweden,Europe,321,Airbus A321,1994,30,narrowbody,0,185,882.2247121945778,54,0
ET,Ethiopian Airlines,FRA,GVA,Switzerland,Europe,E90,Embraer 190,2005,19,regional_jet,0,100,459.783807925491,163,0
ET,Ethiopian Airlines,FRA,GVA,Switzerland,Europe,CR7,Bombardier CRJ-700,2001,23,regional_jet,0,70,459.783807925491,163,0
ET,Ethiopian Airlines,FRA,HEL,Finland,Europe,32A,Airbus A320 (sharklets),1988,36,narrowbody,0,150,1537.9378608610136,161,0
ET,Ethiopian Airlines,FRA,HEL,Finland,Europe,321,Airbus A321,1994,30,narrowbody,0,185,1537.9378608610136,161,0
ET,Ethiopian Airlines,FRA,HEL,Finland,Europe,320,Airbus A320,1988,36,narrowbody,0,150,1537.9378608610136,161,0
ET,Ethiopian Airlines,FRA,JED,Saudi Arabia,Asia,333,Airbus A330-300,1994,30,widebody,1,277,4131.673917552305,183,0
ET,Ethiopian Airlines,FRA,JFK,United States,North America,388,Airbus A380-800,2007,17,widebody,1,525,6189.4376979800945,455,0
ET,Ethiopian Airlines,FRA,LIS,Portugal,Europe,321,Airbus A321,1994,30,narrowbody,0,185,1873.8477699034963,221,0
ET,Ethiopian Airlines,FRA,LIS,Portugal,Europe,32A,Airbus A320 (sharklets),1988,36,narrowbody,0,150,1873.8477699034963,221,0
ET,Ethiopian Airlines,FRA,LYS,France,Europe,319,Airbus A319,1996,28,narrowbody,0,124,544.9819470704073,140,0
ET,Ethiopian Airlines,FRA,LYS,France,Europe,321,Airbus A321,1994,30,narrowbody,0,185,544.9819470704073,140,0
ET,Ethiopian Airlines,FRA,MAD,Spain,Europe,321,Airbus A321,1994,30,narrowbody,0,185,1422.0506123137338,331,0
ET,Ethiopian Airlines,FRA,MAD,Spain,Europe,319,Airbus A319,1996,28,narrowbody,0,124,1422.0506123137338,331,0
ET,Ethiopian Airlines,FRA,MAD,Spain,Europe,32A,Airbus A320 (sharklets),1988,36,narrowbody,0,150,1422.0506123137338,331,0
ET,Ethiopian Airlines,FRA,MRS,France,Europe,320,Airbus A320,1988,36,narrowbody,0,150,776.1688672967522,129,0
ET,Ethiopian Airlines,FRA,MRS,France,Europe,32A,Airbus A320 (sharklets),1988,36,narrowbody,0,150,776.1688672967522,129,0
ET,Ethiopian Airlines,FRA,MRS,France,Europe,319,Airbus A319,1996,28,narrowbody,0,124,776.1688672967522,129,0
ET,Ethiopian Airlines,FRA,MUC,Germany,Europe,320,Airbus A320,1988,36,narrowbody,0,150,299.0782323536317,360,0
ET,Ethiopian Airlines,FRA,MUC,Germany,Europe,319,Airbus A319,1996,28,narrowbody,0,124,299.0782323536317,360,0
ET,Ethiopian Airlines,FRA,MXP,Italy,Europe,320,Airbus A320,1988,36,narrowbody,0,150,489.70249363278106,194,0
ET,Ethiopian Airlines,FRA,MXP,Italy,Europe,319,Airbus A319,1996,28,narrowbody,0,124,489.70249363278106,194,0
ET,Ethiopian Airlines,FRA,MXP,Italy,Europe,321,Airbus A321,1994,30,narrowbody,0,185,489.70249363278106,194,0
ET,Ethiopian Airlines,FRA,OSL,Norway,Europe,32A,Airbus A320 (sharklets),1988,36,narrowbody,0,150,1132.5439531409595,183,0
ET,Ethiopian Airlines,FRA,OTP,Romania,Europe,32A,Airbus A320 (sharklets),1988,36,narrowbody,0,150,1449.0507278510602,115,0
ET,Ethiopian Airlines,FRA,OTP,Romania,Europe,320,Airbus A320,1988,36,narrowbody,0,150,1449.0507278510602,115,0
ET,Ethiopian Airlines,FRA,OTP,Romania,Europe,319,Airbus A319,1996,28,narrowbody,0,124,1449.0507278510602,115,0
ET,Ethiopian Airlines,FRA,PRG,Czech Republic,Europe,321,Airbus A321,1994,30,narrowbody,0,185,406.05492443316194,181,0
ET,Ethiopian Airlines,FRA,TLS,France,Europe,733,Boeing 737-300,1984,40,narrowbody,0,140,897.8269842058611,83,0
ET,Ethiopian Airlines,FRA,TXL,Germany,Europe,321,Airbus A321,1994,30,narrowbody,0,185,431.6824705951404,210,0
ET,Ethiopian Airlines,FRA,TXL,Germany,Europe,320,Airbus A320,1988,36,narrowbody,0,150,431.6824705951404,210,0
ET,Ethiopian Airlines,FRA,TXL,Germany,Europe,32A,Airbus A320 (sharklets),1988,36,narrowbody,0,150,431.6824705951404,210,0
ET,Ethiopian Airlines,FRA,VIE,Austria,Europe,321,Airbus A321,1994,30,narrowbody,0,185,620.313130117006,308,0
ET,Ethiopian Airlines,FRA,WAW,Poland,Europe,321,Airbus A321,1994,30,narrowbody,0,185,896.2429563656945,120,0
ET,Ethiopian Airlines,FRA,WAW,Poland,Europe,320,Airbus A320,1988,36,narrowbody,0,150,896.2429563656945,120,0
ET,Ethiopian Airlines,FRA,WAW,Poland,Europe,32A,Airbus A320 (sharklets),1988,36,narrowbody,0,150,896.2429563656945,120,0
ET,Ethiopian Airlines,FRA,WAW,Poland,Europe,319,Airbus A319,1996,28,narrowbody,0,124,896.2429563656945,120,0
ET,Ethiopian Airlines,FRA,ZRH,Switzerland,Europe,319,Airbus A319,1996,28,narrowbody,0,124,285.623369474241,247,0
ET,Ethiopian Airlines,GDE,JIJ,Ethiopia,Africa,DH8,Bombardier Dash 8,1984,40,turboprop,0,50,384.84326046352413,3,1
ET,Ethiopian Airlines,GDQ,ADD,Ethiopia,Africa,DH8,Bombardier Dash 8,1984,40,turboprop,0,50,421.1398588785522,109,1
ET,Ethiopian Airlines,GDQ,LLI,Ethiopia,Africa,DH8,Bombardier Dash 8,1984,40,turboprop,0,50,178.58656116338918,3,1
ET,Ethiopian Airlines,GIG,GRU,Brazil,South America,788,Boeing 787-8,2011,13,widebody,1,242,336.7918554806247,194,0
ET,Ethiopian Airlines,GMB,ADD,Ethiopia,Africa,DH8,Bombardier Dash 8,1984,40,turboprop,0,50,475.27146950946275,109,1
ET,Ethiopian Airlines,GMB,ASO,Ethiopia,Africa,DH8,Bombardier Dash 8,1984,40,turboprop,0,50,210.14494039493704,2,1
ET,Ethiopian Airlines,GOT,FRA,Germany,Europe,319,Airbus A319,1996,28,narrowbody,0,124,882.2247121945778,493,0
ET,Ethiopian Airlines,GOT,FRA,Germany,Europe,733,Boeing 737-300,1984,40,narrowbody,0,140,882.2247121945778,493,0
ET,Ethiopian Airlines,GRU,LFW,Togo,Africa,788,Boeing 787-8,2011,13,widebody,1,242,6136.653412724463,21,1
ET,Ethiopian Airlines,GVA,FRA,Germany,Europe,735,Boeing 737-500,1990,34,narrowbody,0,122,459.783807925491,493,0
ET,Ethiopian Airlines,HEL,ARN,Sweden,Europe,717,Boeing 717,1999,25,narrowbody,0,106,398.5689325727952,220,0
ET,Ethiopian Airlines,HEL,FRA,Germany,Europe,32A,Airbus A320 (sharklets),1988,36,narrowbody,0,150,1537.9378608610136,493,0
ET,Ethiopian Airlines,HEL,FRA,Germany,Europe,321,Airbus A321,1994,30,narrowbody,0,185,1537.9378608610136,493,0
ET,Ethiopian Airlines,HGA,ADD,Ethiopia,Africa,DH8,Bombardier Dash 8,1984,40,turboprop,0,50,583.6129199548773,109,1
ET,Ethiopian Airlines,HKG,ADD,Ethiopia,Africa,763,Boeing 767-300,1986,38,widebody,1,218,8106.592279331137,109,1
ET,Ethiopian Airlines,HKG,ADD,Ethiopia,Africa,788,Boeing 787-8,2011,13,widebody,1,242,8106.592279331137,109,1
ET,Ethiopian Airlines,HKG,ICN,South Korea,Asia,788,Boeing 787-8,2011,13,widebody,1,242,2069.7283105905162,370,0
ET,Ethiopian Airlines,HRE,ADD,Ethiopia,Africa,788,Boeing 787-8,2011,13,widebody,1,242,3109.5825407287653,109,1
ET,Ethiopian Airlines,HRE,LLW,Malawi,Africa,DH8,Bombardier Dash 8,1984,40,turboprop,0,50,542.9505123527044,13,1
ET,Ethiopian Airlines,HRE,LUN,Zambia,Africa,788,Boeing 787-8,2011,13,widebody,1,242,403.4300993732306,33,1
ET,Ethiopian Airlines,IAD,ADD,Ethiopia,Africa,77L,Boeing 777-200LR,2006,18,widebody,1,317,11563.13923365409,109,1
ET,Ethiopian Airlines,IAD,ADD,Ethiopia,Africa,788,Boeing 787-8,2011,13,widebody,1,242,11563.13923365409,109,1
ET,Ethiopian Airlines,ICN,BKK,Thailand,Asia,333,Airbus A330-300,1994,30,widebody,1,277,3668.677122221509,330,0
ET,Ethiopian Airlines,ICN,BKK,Thailand,Asia,772,Boeing 777-200,1995,29,widebody,1,314,3668.677122221509,330,0
ET,Ethiopian Airlines,ICN,HKG,Hong Kong,Asia,788,Boeing 787-8,2011,13,widebody,1,242,2069.7283105905162,355,0
ET,Ethiopian Airlines,JED,ADD,Ethiopia,Africa,738,Boeing 737-800,1998,26,narrowbody,0,162,1412.882467734796,109,1
ET,Ethiopian Airlines,JED,ADD,Ethiopia,Africa,752,Boeing 757-200,1983,41,narrowbody,0,200,1412.882467734796,109,1
ET,Ethiopian Airlines,JED,FRA,Germany,Europe,333,Airbus A330-300,1994,30,widebody,1,277,4131.673917552305,493,0
ET,Ethiopian Airlines,JFK,FRA,Germany,Europe,744,Boeing 747-400,1989,35,widebody,1,416,6189.4376979800945,493,0
ET,Ethiopian Airlines,JIB,ADD,Ethiopia,Africa,73W,Boeing 737-700 (winglets),1998,26,narrowbody,0,143,556.0424132011303,109,1
ET,Ethiopian Airlines,JIB,ADD,Ethiopia,Africa,DH8,Bombardier Dash 8,1984,40,turboprop,0,50,556.0424132011303,109,1
ET,Ethiopian Airlines,JIB,DIR,Ethiopia,Africa,DH8,Bombardier Dash 8,1984,40,turboprop,0,50,257.014984524811,3,1
ET,Ethiopian Airlines,JIB,DIR,Ethiopia,Africa,73W,Boeing 737-700 (winglets),1998,26,narrowbody,0,143,257.014984524811,3,1
ET,Ethiopian Airlines,JIJ,ADD,Ethiopia,Africa,DH8,Bombardier Dash 8,1984,40,turboprop,0,50,453.21186064924035,109,1
ET,Ethiopian Airlines,JIJ,DIR,Ethiopia,Africa,DH8,Bombardier Dash 8,1984,40,turboprop,0,50,120.4904771122286,3,1
ET,Ethiopian Airlines,JIJ,GDE,Ethiopia,Africa,DH8,Bombardier Dash 8,1984,40,turboprop,0,50,384.84326046352413,1,1
ET,Ethiopian Airlines,JIM,ADD,Ethiopia,Africa,DH8,Bombardier Dash 8,1984,40,turboprop,0,50,262.41489785204135,109,1
ET,Ethiopian Airlines,JIM,AMH,Ethiopia,Africa,DH8,Bombardier Dash 8,1984,40,turboprop,0,50,200.04286362640866,2,1
ET,Ethiopian Airlines,JNB,ADD,Ethiopia,Africa,77L,Boeing 777-200LR,2006,18,widebody,1,317,4068.006696272803,109,1
ET,Ethiopian Airlines,JNB,BLZ,Malawi,Africa,738,Boeing 737-800,1998,26,narrowbody,0,162,1356.1698361710307,5,1
ET,Ethiopian Airlines,JNB,WDH,Namibia,Africa,319,Airbus A319,1996,28,narrowbody,0,124,1164.7170329730652,19,1
ET,Ethiopian Airlines,JNB,WDH,Namibia,Africa,320,Airbus A320,1988,36,narrowbody,0,150,1164.7170329730652,19,1
ET,Ethiopian Airlines,JNB,WDH,Namibia,Africa,738,Boeing 737-800,1998,26,narrowbody,0,162,1164.7170329730652,19,1
ET,Ethiopian Airlines,JRO,ADD,Ethiopia,Africa,DH8,Bombardier Dash 8,1984,40,turboprop,0,50,1392.8129750586352,109,1
ET,Ethiopian Airlines,JRO,ADD,Ethiopia,Africa,763,Boeing 767-300,1986,38,widebody,1,218,1392.8129750586352,109,1
ET,Ethiopian Airlines,JRO,ZNZ,Tanzania,Africa,763,Boeing 767-300,1986,38,widebody,1,218,391.3875693513873,13,1
ET,Ethiopian Airlines,JUB,ADD,Ethiopia,Africa,DH8,Bombardier Dash 8,1984,40,turboprop,0,50,916.2307679589946,109,1
ET,Ethiopian Airlines,JUB,ADD,Ethiopia,Africa,73W,Boeing 737-700 (winglets),1998,26,narrowbody,0,143,916.2307679589946,109,1
ET,Ethiopian Airlines,KGL,ADD,Ethiopia,Africa,73W,Boeing 737-700 (winglets),1998,26,narrowbody,0,143,1549.9936452526993,109,1
ET,Ethiopian Airlines,KGL,ADD,Ethiopia,Africa,738,Boeing 737-800,1998,26,narrowbody,0,162,1549.9936452526993,109,1
ET,Ethiopian Airlines,KGL,BJM,Burundi,Africa,738,Boeing 737-800,1998,26,narrowbody,0,162,176.1537340831755,14,1
ET,Ethiopian Airlines,KRT,ADD,Ethiopia,Africa,738,Boeing 737-800,1998,26,narrowbody,0,162,1000.2128138632472,109,1
ET,Ethiopian Airlines,KRT,ADD,Ethiopia,Africa,DH8,Bombardier Dash 8,1984,40,turboprop,0,50,1000.2128138632472,109,1
ET,Ethiopian Airlines,KUL,BKK,Thailand,Asia,763,Boeing 767-300,1986,38,widebody,1,218,1220.569348054856,330,0
ET,Ethiopian Airlines,KWI,ADD,Ethiopia,Africa,738,Boeing 737-800,1998,26,narrowbody,0,162,2446.293632989401,109,1
ET,Ethiopian Airlines,LAD,ADD,Ethiopia,Africa,77W,Boeing 777-300ER,2004,20,widebody,1,365,3456.9890073586935,109,1
ET,Ethiopian Airlines,LBV,ADD,Ethiopia,Africa,738,Boeing 737-800,1998,26,narrowbody,0,162,3388.401367726791,109,1
ET,Ethiopian Airlines,LBV,FIH,Congo (Kinshasa),Africa,73W,Boeing 737-700 (winglets),1998,26,narrowbody,0,143,859.8187821768938,28,1
ET,Ethiopian Airlines,LBV,LFW,Togo,Africa,DH8,Bombardier Dash 8,1984,40,turboprop,0,50,1105.48810060627,21,1
ET,Ethiopian Airlines,LBV,LFW,Togo,Africa,73W,Boeing 737-700 (winglets),1998,26,narrowbody,0,143,1105.48810060627,21,1
ET,Ethiopian Airlines,LBV,LOS,Nigeria,Africa,73W,Boeing 737-700 (winglets),1998,26,narrowbody,0,143,958.8956955574558,59,1
ET,Ethiopian Airlines,LBV,NSI,Cameroon,Africa,73W,Boeing 737-700 (winglets),1998,26,narrowbody,0,143,433.94603789697845,21,1
ET,Ethiopian Airlines,LBV,PNR,Congo (Brazzaville),Africa,DH8,Bombardier Dash 8,1984,40,turboprop,0,50,647.7120427554305,18,1
ET,Ethiopian Airlines,LCA,CAI,Egypt,Africa,E70,Embraer 170,2004,20,regional_jet,0,76,567.985597386133,152,1
ET,Ethiopian Airlines,LFW,ABV,Nigeria,Africa,DH8,Bombardier Dash 8,1984,40,turboprop,0,50,733.7081430547036,30,1
ET,Ethiopian Airlines,LFW,ACC,Ghana,Africa,DH8,Bombardier Dash 8,1984,40,turboprop,0,50,169.1075560855294,53,1
ET,Ethiopian Airlines,LFW,ADD,Ethiopia,Africa,73W,Boeing 737-700 (winglets),1998,26,narrowbody,0,143,4148.408615051194,109,1
ET,Ethiopian Airlines,LFW,ADD,Ethiopia,Africa,788,Boeing 787-8,2011,13,widebody,1,242,4148.408615051194,109,1
ET,Ethiopian Airlines,LFW,BKO,Mali,Africa,73W,Boeing 737-700 (winglets),1998,26,narrowbody,0,143,1232.9072578742837,27,1
ET,Ethiopian Airlines,LFW,CKY,Guinea,Africa,73W,Boeing 737-700 (winglets),1998,26,narrowbody,0,143,1680.5307647764057,18,1
ET,Ethiopian Airlines,LFW,COO,Benin,Africa,DH8,Bombardier Dash 8,1984,40,turboprop,0,50,126.68759958642458,39,1
ET,Ethiopian Airlines,LFW,DLA,Cameroon,Africa,73W,Boeing 737-700 (winglets),1998,26,narrowbody,0,143,967.7570651624969,47,1
ET,Ethiopian Airlines,LFW,DLA,Cameroon,Africa,DH8,Bombardier Dash 8,1984,40,turboprop,0,50,967.7570651624969,47,1
ET,Ethiopian Airlines,LFW,GIG,Brazil,South America,788,Boeing 787-8,2011,13,widebody,1,242,5811.897262722768,96,0
ET,Ethiopian Airlines,LFW,LBV,Gabon,Africa,73W,Boeing 737-700 (winglets),1998,26,narrowbody,0,143,1105.48810060627,24,1
ET,Ethiopian Airlines,LFW,LBV,Gabon,Africa,DH8,Bombardier Dash 8,1984,40,turboprop,0,50,1105.48810060627,24,1
ET,Ethiopian Airlines,LFW,LOS,Nigeria,Africa,73W,Boeing 737-700 (winglets),1998,26,narrowbody,0,143,232.92524427167845,59,1
ET,Ethiopian Airlines,LFW,OUA,Burkina Faso,Africa,DH8,Bombardier Dash 8,1984,40,turboprop,0,50,751.994235629612,33,1
ET,Ethiopian Airlines,LFW,OUA,Burkina Faso,Africa,73W,Boeing 737-700 (winglets),1998,26,narrowbody,0,143,751.994235629612,33,1
ET,Ethiopian Airlines,LHR,ADD,Ethiopia,Africa,788,Boeing 787-8,2011,13,widebody,1,242,5919.9404627534295,109,1
ET,Ethiopian Airlines,LHR,ADD,Ethiopia,Africa,77L,Boeing 777-200LR,2006,18,widebody,1,317,5919.9404627534295,109,1
ET,Ethiopian Airlines,LHR,YYZ,Canada,North America,77L,Boeing 777-200LR,2006,18,widebody,1,317,5707.053460050177,317,0
ET,Ethiopian Airlines,LIS,FRA,Germany,Europe,321,Airbus A321,1994,30,narrowbody,0,185,1873.8477699034963,493,0
ET,Ethiopian Airlines,LLI,ADD,Ethiopia,Africa,DH8,Bombardier Dash 8,1984,40,turboprop,0,50,333.8484850000435,109,1
ET,Ethiopian Airlines,LLI,AXU,Ethiopia,Africa,DH8,Bombardier Dash 8,1984,40,turboprop,0,50,242.533623045046,2,1
ET,Ethiopian Airlines,LLI,GDQ,Ethiopia,Africa,DH8,Bombardier Dash 8,1984,40,turboprop,0,50,178.58656116338918,2,1
ET,Ethiopian Airlines,LLW,BLZ,Malawi,Africa,738,Boeing 737-800,1998,26,narrowbody,0,162,246.1907478829558,5,1
ET,Ethiopian Airlines,LLW,BLZ,Malawi,Africa,DH8,Bombardier Dash 8,1984,40,turboprop,0,50,246.1907478829558,5,1
ET,Ethiopian Airlines,LLW,DAR,Tanzania,Africa,DH8,Bombardier Dash 8,1984,40,turboprop,0,50,970.49171979211,32,1
ET,Ethiopian Airlines,LLW,HRE,Zimbabwe,Africa,DH8,Bombardier Dash 8,1984,40,turboprop,0,50,542.9505123527044,31,1
ET,Ethiopian Airlines,LLW,LUN,Zambia,Africa,DH8,Bombardier Dash 8,1984,40,turboprop,0,50,598.4956955326059,33,1
ET,Ethiopian Airlines,LOS,ADD,Ethiopia,Africa,77L,Boeing 777-200LR,2006,18,widebody,1,317,3916.3130462975687,109,1
ET,Ethiopian Airlines,LOS,LBV,Gabon,Africa,73W,Boeing 737-700 (winglets),1998,26,narrowbody,0,143,958.8956955574558,24,1
ET,Ethiopian Airlines,LOS,LFW,Togo,Africa,73W,Boeing 737-700 (winglets),1998,26,narrowbody,0,143,232.92524427167845,21,1
ET,Ethiopian Airlines,LUN,ADD,Ethiopia,Africa,788,Boeing 787-8,2011,13,widebody,1,242,2933.5561029426653,109,1
ET,Ethiopian Airlines,LUN,BLZ,Malawi,Africa,DH8,Bombardier Dash 8,1984,40,turboprop,0,50,699.8006503541433,5,1
ET,Ethiopian Airlines,LUN,HRE,Zimbabwe,Africa,788,Boeing 787-8,2011,13,widebody,1,242,403.4300993732306,31,1
ET,Ethiopian Airlines,LUN,LLW,Malawi,Africa,DH8,Bombardier Dash 8,1984,40,turboprop,0,50,598.4956955326059,13,1
ET,Ethiopian Airlines,LYS,FRA,Germany,Europe,733,Boeing 737-300,1984,40,narrowbody,0,140,544.9819470704073,493,0
ET,Ethiopian Airlines,LYS,FRA,Germany,Europe,32A,Airbus A320 (sharklets),1988,36,narrowbody,0,150,544.9819470704073,493,0
ET,Ethiopian Airlines,LYS,FRA,Germany,Europe,321,Airbus A321,1994,30,narrowbody,0,185,544.9819470704073,493,0
ET,Ethiopian Airlines,MAD,FRA,Germany,Europe,321,Airbus A321,1994,30,narrowbody,0,185,1422.0506123137338,493,0
ET,Ethiopian Airlines,MAD,FRA,Germany,Europe,320,Airbus A320,1988,36,narrowbody,0,150,1422.0506123137338,493,0
ET,Ethiopian Airlines,MBA,ADD,Ethiopia,Africa,738,Boeing 737-800,1998,26,narrowbody,0,162,1449.6289674457294,109,1
ET,Ethiopian Airlines,MBA,JRO,Tanzania,Africa,DH8,Bombardier Dash 8,1984,40,turboprop,0,50,287.57281205008354,21,1
ET,Ethiopian Airlines,MCT,ADD,Ethiopia,Africa,73W,Boeing 737-700 (winglets),1998,26,narrowbody,0,143,2633.141218515835,109,1
ET,Ethiopian Airlines,MEL,SIN,Singapore,Asia,388,Airbus A380-800,2007,17,widebody,1,525,6033.041011603448,412,0
ET,Ethiopian Airlines,MLW,ACC,Ghana,Africa,DH8,Bombardier Dash 8,1984,40,turboprop,0,50,1173.8687798687704,53,1
ET,Ethiopian Airlines,MLW,FNA,Sierra Leone,Africa,DH8,Bombardier Dash 8,1984,40,turboprop,0,50,373.0242291979626,22,1
ET,Ethiopian Airlines,MPM,ADD,Ethiopia,Africa,73W,Boeing 737-700 (winglets),1998,26,narrowbody,0,143,3938.5413044520074,109,1
ET,Ethiopian Airlines,MPM,ADD,Ethiopia,Africa,738,Boeing 737-800,1998,26,narrowbody,0,162,3938.5413044520074,109,1
ET,Ethiopian Airlines,MQX,ADD,Ethiopia,Africa,738,Boeing 737-800,1998,26,narrowbody,0,162,505.5889185636479,109,1
ET,Ethiopian Airlines,MQX,ADD,Ethiopia,Africa,DH8,Bombardier Dash 8,1984,40,turboprop,0,50,505.5889185636479,109,1
ET,Ethiopian Airlines,MQX,ADD,Ethiopia,Africa,73W,Boeing 737-700 (winglets),1998,26,narrowbody,0,143,505.5889185636479,109,1
ET,Ethiopian Airlines,MRS,FRA,Germany,Europe,320,Airbus A320,1988,36,narrowbody,0,150,776.1688672967522,493,0
ET,Ethiopian Airlines,MRS,FRA,Germany,Europe,32A,Airbus A320 (sharklets),1988,36,narrowbody,0,150,776.1688672967522,493,0
ET,Ethiopian Airlines,MRS,FRA,Germany,Europe,319,Airbus A319,1996,28,narrowbody,0,124,776.1688672967522,493,0
ET,Ethiopian Airlines,MUC,FRA,Germany,Europe,320,Airbus A320,1988,36,narrowbody,0,150,299.0782323536317,493,0
ET,Ethiopian Airlines,MUC,FRA,Germany,Europe,319,Airbus A319,1996,28,narrowbody,0,124,299.0782323536317,493,0
ET,Ethiopian Airlines,MXP,FCO,Italy,Europe,763,Boeing 767-300,1986,38,widebody,1,218,510.776495344548,331,0
ET,Ethiopian Airlines,MXP,FRA,Germany,Europe,321,Airbus A321,1994,30,narrowbody,0,185,489.70249363278106,493,0
ET,Ethiopian Airlines,MXP,FRA,Germany,Europe,319,Airbus A319,1996,28,narrowbody,0,124,489.70249363278106,493,0
ET,Ethiopian Airlines,MXP,FRA,Germany,Europe,32A,Airbus A320 (sharklets),1988,36,narrowbody,0,150,489.70249363278106,493,0
ET,Ethiopian Airlines,MXP,FRA,Germany,Europe,320,Airbus A320,1988,36,narrowbody,0,150,489.70249363278106,493,0
ET,Ethiopian Airlines,NBO,ADD,Ethiopia,Africa,738,Boeing 737-800,1998,26,narrowbody,0,162,1163.6126187686227,109,1
ET,Ethiopian Airlines,NBO,ADD,Ethiopia,Africa,763,Boeing 767-300,1986,38,widebody,1,218,1163.6126187686227,109,1
ET,Ethiopian Airlines,NDJ,ABV,Nigeria,Africa,DH8,Bombardier Dash 8,1984,40,turboprop,0,50,917.6939153153197,30,1
ET,Ethiopian Airlines,NDJ,ADD,Ethiopia,Africa,738,Boeing 737-800,1998,26,narrowbody,0,162,2620.4627511357157,109,1
ET,Ethiopian Airlines,NDJ,ADD,Ethiopia,Africa,752,Boeing 757-200,1983,41,narrowbody,0,200,2620.4627511357157,109,1
ET,Ethiopian Airlines,NDJ,ADD,Ethiopia,Africa,763,Boeing 767-300,1986,38,widebody,1,218,2620.4627511357157,109,1
ET,Ethiopian Airlines,NDJ,DLA,Cameroon,Africa,73W,Boeing 737-700 (winglets),1998,26,narrowbody,0,143,1076.330602713472,47,1
ET,Ethiopian Airlines,NDJ,NIM,Niger,Africa,DH8,Bombardier Dash 8,1984,40,turboprop,0,50,1401.2035806425456,17,1
ET,Ethiopian Airlines,NIM,ABV,Nigeria,Africa,DH8,Bombardier Dash 8,1984,40,turboprop,0,50,744.5013299170201,30,1
ET,Ethiopian Airlines,NIM,ADD,Ethiopia,Africa,752,Boeing 757-200,1983,41,narrowbody,0,200,4020.991394934509,109,1
ET,Ethiopian Airlines,NIM,COO,Benin,Africa,DH8,Bombardier Dash 8,1984,40,turboprop,0,50,792.4873121703822,39,1
ET,Ethiopian Airlines,NIM,NDJ,Chad,Africa,DH8,Bombardier Dash 8,1984,40,turboprop,0,50,1401.2035806425456,10,1
ET,Ethiopian Airlines,NIM,OUA,Burkina Faso,Africa,752,Boeing 757-200,1983,41,narrowbody,0,200,419.75653188291676,33,1
ET,Ethiopian Airlines,NLA,ADD,Ethiopia,Africa,738,Boeing 737-800,1998,26,narrowbody,0,162,2687.7392205102647,109,1
ET,Ethiopian Airlines,NLA,ADD,Ethiopia,Africa,73W,Boeing 737-700 (winglets),1998,26,narrowbody,0,143,2687.7392205102647,109,1
ET,Ethiopian Airlines,NSI,LBV,Gabon,Africa,73W,Boeing 737-700 (winglets),1998,26,narrowbody,0,143,433.94603789697845,24,1
ET,Ethiopian Airlines,OSL,ARN,Sweden,Europe,736,Boeing 737-600,1998,26,narrowbody,0,110,386.52904544252607,220,0
ET,Ethiopian Airlines,OSL,ARN,Sweden,Europe,73W,Boeing 737-700 (winglets),1998,26,narrowbody,0,143,386.52904544252607,220,0
ET,Ethiopian Airlines,OSL,ARN,Sweden,Europe,738,Boeing 737-800,1998,26,narrowbody,0,162,386.52904544252607,220,0
ET,Ethiopian Airlines,OSL,FRA,Germany,Europe,319,Airbus A319,1996,28,narrowbody,0,124,1132.5439531409595,493,0
ET,Ethiopian Airlines,OSL,FRA,Germany,Europe,320,Airbus A320,1988,36,narrowbody,0,150,1132.5439531409595,493,0
ET,Ethiopian Airlines,OSL,FRA,Germany,Europe,32A,Airbus A320 (sharklets),1988,36,narrowbody,0,150,1132.5439531409595,493,0
ET,Ethiopian Airlines,OTP,FRA,Germany,Europe,733,Boeing 737-300,1984,40,narrowbody,0,140,1449.0507278510602,493,0
ET,Ethiopian Airlines,OUA,ADD,Ethiopia,Africa,752,Boeing 757-200,1983,41,narrowbody,0,200,4417.015643457197,109,1
ET,Ethiopian Airlines,OUA,BKO,Mali,Africa,DH8,Bombardier Dash 8,1984,40,turboprop,0,50,699.2746613949097,27,1
ET,Ethiopian Airlines,OUA,LFW,Togo,Africa,73W,Boeing 737-700 (winglets),1998,26,narrowbody,0,143,751.994235629612,21,1
ET,Ethiopian Airlines,OUA,LFW,Togo,Africa,DH8,Bombardier Dash 8,1984,40,turboprop,0,50,751.994235629612,21,1
ET,Ethiopian Airlines,OUA,NIM,Niger,Africa,752,Boeing 757-200,1983,41,narrowbody,0,200,419.75653188291676,17,1
ET,Ethiopian Airlines,OXB,CKY,Guinea,Africa,DH8,Bombardier Dash 8,1984,40,turboprop,0,50,340.84413638785196,18,1
ET,Ethiopian Airlines,PEK,ADD,Ethiopia,Africa,77L,Boeing 777-200LR,2006,18,widebody,1,317,8329.363163796539,109,1
ET,Ethiopian Airlines,PER,SIN,Singapore,Asia,772,Boeing 777-200,1995,29,widebody,1,314,3910.768634128117,412,0
ET,Ethiopian Airlines,PNR,ADD,Ethiopia,Africa,738,Boeing 737-800,1998,26,narrowbody,0,162,3354.4558376873756,109,1
ET,Ethiopian Airlines,PNR,LBV,Gabon,Africa,DH8,Bombardier Dash 8,1984,40,turboprop,0,50,647.7120427554305,24,1
ET,Ethiopian Airlines,PRG,FRA,Germany,Europe,320,Airbus A320,1988,36,narrowbody,0,150,406.05492443316194,493,0
ET,Ethiopian Airlines,PRG,FRA,Germany,Europe,321,Airbus A321,1994,30,narrowbody,0,185,406.05492443316194,493,0
ET,Ethiopian Airlines,PVG,ADD,Ethiopia,Africa,77L,Boeing 777-200LR,2006,18,widebody,1,317,8830.82010004372,109,1
ET,Ethiopian Airlines,PVG,ADD,Ethiopia,Africa,788,Boeing 787-8,2011,13,widebody,1,242,8830.82010004372,109,1
ET,Ethiopian Airlines,RUH,ADD,Ethiopia,Africa,738,Boeing 737-800,1998,26,narrowbody,0,162,1963.955999719059,109,1
ET,Ethiopian Airlines,SIN,ADL,Australia,Oceania,333,Airbus A330-300,1994,30,widebody,1,277,5402.017090296615,51,0
ET,Ethiopian Airlines,SIN,AKL,New Zealand,Oceania,77W,Boeing 777-300ER,2004,20,widebody,1,365,8408.330814225812,117,0
ET,Ethiopian Airlines,SIN,BKK,Thailand,Asia,333,Airbus A330-300,1994,30,widebody,1,277,1416.9035648215136,330,0
ET,Ethiopian Airlines,SIN,BKK,Thailand,Asia,763,Boeing 767-300,1986,38,widebody,1,218,1416.9035648215136,330,0
ET,Ethiopian Airlines,SIN,BNE,Australia,Oceania,333,Airbus A330-300,1994,30,widebody,1,277,6142.693870648047,144,0
ET,Ethiopian Airlines,SIN,CHC,New Zealand,Oceania,772,Boeing 777-200,1995,29,widebody,1,314,8403.248682216637,38,0
ET,Ethiopian Airlines,SIN,DXB,United Arab Emirates,Asia,77W,Boeing 777-300ER,2004,20,widebody,1,365,5846.663255670451,354,0
ET,Ethiopian Airlines,SIN,DXB,United Arab Emirates,Asia,333,Airbus A330-300,1994,30,widebody,1,277,5846.663255670451,354,0
ET,Ethiopian Airlines,SIN,MEL,Australia,Oceania,388,Airbus A380-800,2007,17,widebody,1,525,6033.041011603448,132,0
ET,Ethiopian Airlines,SIN,PER,Australia,Oceania,333,Airbus A330-300,1994,30,widebody,1,277,3910.768634128117,90,0
ET,Ethiopian Airlines,SIN,SYD,Australia,Oceania,388,Airbus A380-800,2007,17,widebody,1,525,6293.4426079209525,202,0
ET,Ethiopian Airlines,SOF,FRA,Germany,Europe,320,Airbus A320,1988,36,narrowbody,0,150,1396.7368461875913,493,0
ET,Ethiopian Airlines,SOF,FRA,Germany,Europe,32A,Airbus A320 (sharklets),1988,36,narrowbody,0,150,1396.7368461875913,493,0
ET,Ethiopian Airlines,SOF,FRA,Germany,Europe,319,Airbus A319,1996,28,narrowbody,0,124,1396.7368461875913,493,0
ET,Ethiopian Airlines,SSG,ADD,Ethiopia,Africa,763,Boeing 767-300,1986,38,widebody,1,218,3373.9547374324293,109,1
ET,Ethiopian Airlines,SSG,DLA,Cameroon,Africa,763,Boeing 767-300,1986,38,widebody,1,218,115.54960968348738,47,1
ET,Ethiopian Airlines,SYD,SIN,Singapore,Asia,388,Airbus A380-800,2007,17,widebody,1,525,6293.4426079209525,412,0
ET,Ethiopian Airlines,TLS,FRA,Germany,Europe,735,Boeing 737-500,1990,34,narrowbody,0,122,897.8269842058611,493,0
ET,Ethiopian Airlines,TLV,ADD,Ethiopia,Africa,763,Boeing 767-300,1986,38,widebody,1,218,2592.8107597126063,109,1
ET,Ethiopian Airlines,TXL,FRA,Germany,Europe,321,Airbus A321,1994,30,narrowbody,0,185,431.6824705951404,493,0
ET,Ethiopian Airlines,TXL,FRA,Germany,Europe,320,Airbus A320,1988,36,narrowbody,0,150,431.6824705951404,493,0
ET,Ethiopian Airlines,TXL,FRA,Germany,Europe,32A,Airbus A320 (sharklets),1988,36,narrowbody,0,150,431.6824705951404,493,0
ET,Ethiopian Airlines,VIE,FRA,Germany,Europe,321,Airbus A321,1994,30,narrowbody,0,185,620.313130117006,493,0
ET,Ethiopian Airlines,WAW,FRA,Germany,Europe,320,Airbus A320,1988,36,narrowbody,0,150,896.2429563656945,493,0
ET,Ethiopian Airlines,WAW,FRA,Germany,Europe,321,Airbus A321,1994,30,narrowbody,0,185,896.2429563656945,493,0
ET,Ethiopian Airlines,WAW,FRA,Germany,Europe,32A,Airbus A320 (sharklets),1988,36,narrowbody,0,150,896.2429563656945,493,0
ET,Ethiopian Airlines,WDH,JNB,South Africa,Africa,319,Airbus A319,1996,28,narrowbody,0,124,1164.7170329730652,162,1
ET,Ethiopian Airlines,WDH,JNB,South Africa,Africa,320,Airbus A320,1988,36,narrowbody,0,150,1164.7170329730652,162,1
ET,Ethiopian Airlines,WDH,JNB,South Africa,Africa,738,Boeing 737-800,1998,26,narrowbody,0,162,1164.7170329730652,162,1
ET,Ethiopian Airlines,YYZ,ADD,Ethiopia,Africa,788,Boeing 787-8,2011,13,widebody,1,242,11501.403125202745,109,1
ET,Ethiopian Airlines,ZNZ,ADD,Ethiopia,Africa,73W,Boeing 737-700 (winglets),1998,26,narrowbody,0,143,1690.8110141138623,109,1
ET,Ethiopian Airlines,ZNZ,JRO,Tanzania,Africa,763,Boeing 767-300,1986,38,widebody,1,218,391.3875693513873,21,1
ET,Ethiopian Airlines,ZRH,FRA,Germany,Europe,319,Airbus A319,1996,28,narrowbody,0,124,285.623369474241,493,0
KL,KLM,AAL,AMS,Netherlands,Europe,EMJ,Embraer E-Jet (family),2004,20,regional_jet,0,88,623.9262077843334,450,0
KL,KLM,AAL,AMS,Netherlands,Europe,F70,Fokker 70,1994,30,regional_jet,0,79,623.9262077843334,450,0
KL,KLM,ABE,ATL,United States,North America,CRJ,Bombardier CRJ-200,1992,32,regional_jet,0,50,1113.7519369386584,911,0
KL,KLM,ABQ,ATL,United States,North America,757,Boeing 757-200,1983,41,narrowbody,0,200,2038.333296863863,911,0
KL,KLM,ABQ,ATL,United States,North America,320,Airbus A320,1988,36,narrowbody,0,150,2038.333296863863,911,0
KL,KLM,ABV,CDG,France,Europe,332,Airbus A330-200,1998,26,widebody,1,247,4470.1300128505545,517,0
KL,KLM,ABV,PHC,Nigeria,Africa,332,Airbus A330-200,1998,26,widebody,1,247,445.1590343192692,8,1
KL,KLM,ABY,ATL,United States,North America,CRJ,Bombardier CRJ-200,1992,32,regional_jet,0,50,234.66539121322768,911,0
KL,KLM,ABZ,AMS,Netherlands,Europe,737,Boeing 737-700,1998,26,narrowbody,0,143,703.2730768076867,450,0
KL,KLM,ABZ,AMS,Netherlands,Europe,EMJ,Embraer E-Jet (family),2004,20,regional_jet,0,88,703.2730768076867,450,0
KL,KLM,ABZ,AMS,Netherlands,Europe,F70,Fokker 70,1994,30,regional_jet,0,79,703.2730768076867,450,0
KL,KLM,ACC,AMS,Netherlands,Europe,330,Airbus A330,1994,30,widebody,1,277,5212.864684606609,450,0
KL,KLM,ADD,JIB,Djibouti,Africa,EMJ,Embraer E-Jet (family),2004,20,regional_jet,0,88,556.0424132011303,17,1
KL,KLM,ADD,JIB,Djibouti,Africa,E90,Embraer 190,2005,19,regional_jet,0,100,556.0424132011303,17,1
KL,KLM,ADD,NBO,Kenya,Africa,E90,Embraer 190,2005,19,regional_jet,0,100,1163.6126187686227,128,1
KL,KLM,AES,AMS,Netherlands,Europe,EMJ,Embraer E-Jet (family),2004,20,regional_jet,0,88,1143.0009610288284,450,0
KL,KLM,AEX,ATL,United States,North America,CRJ,Bombardier CRJ-200,1992,32,regional_jet,0,50,803.641253202455,911,0
KL,KLM,AGS,ATL,United States,North America,CRJ,Bombardier CRJ-200,1992,32,regional_jet,0,50,230.3385221563136,911,0
KL,KLM,AGS,ATL,United States,North America,717,Boeing 717,1999,25,narrowbody,0,106,230.3385221563136,911,0
KL,KLM,AKU,URC,China,Asia,737,Boeing 737-700,1998,26,narrowbody,0,143,657.1397445383285,153,0
KL,KLM,ALA,AMS,Netherlands,Europe,330,Airbus A330,1994,30,widebody,1,277,5256.019053153714,450,0
KL,KLM,ALB,ATL,United States,North America,M88,McDonnell Douglas MD-88,1987,37,narrowbody,0,150,1372.141779651512,911,0
KL,KLM,ALB,ATL,United States,North America,CR9,Bombardier CRJ-900,2003,21,regional_jet,0,90,1372.141779651512,911,0
KL,KLM,ALG,CDG,France,Europe,319,Airbus A319,1996,28,narrowbody,0,124,1371.1796814652766,517,0
KL,KLM,AMS,AAL,Denmark,Europe,F70,Fokker 70,1994,30,regional_jet,0,79,623.9262077843334,21,0
KL,KLM,AMS,AAL,Denmark,Europe,EMJ,Embraer E-Jet (family),2004,20,regional_jet,0,88,623.9262077843334,21,0
KL,KLM,AMS,ABZ,United Kingdom,Europe,EMJ,Embraer E-Jet (family),2004,20,regional_jet,0,88,703.2730768076867,41,0
KL,KLM,AMS,ABZ,United Kingdom,Europe,737,Boeing 737-700,1998,26,narrowbody,0,143,703.2730768076867,41,0
KL,KLM,AMS,ABZ,United Kingdom,Europe,F70,Fokker 70,1994,30,regional_jet,0,79,703.2730768076867,41,0
KL,KLM,AMS,ACC,Ghana,Africa,330,Airbus A330,1994,30,widebody,1,277,5212.864684606609,53,1
KL,KLM,AMS,AES,Norway,Europe,EMJ,Embraer E-Jet (family),2004,20,regional_jet,0,88,1143.0009610288284,13,0
KL,KLM,AMS,ALA,Kazakhstan,Asia,330,Airbus A330,1994,30,widebody,1,277,5256.019053153714,67,0
KL,KLM,AMS,ARN,Sweden,Europe,737,Boeing 737-700,1998,26,narrowbody,0,143,1152.1686990894025,220,0
KL,KLM,AMS,ATH,Greece,Europe,737,Boeing 737-700,1998,26,narrowbody,0,143,2181.7474486612095,206,0
KL,KLM,AMS,ATL,United States,North America,777,Boeing 777-200,1995,29,widebody,1,314,7065.789554888426,911,0
KL,KLM,AMS,AUA,Aruba,North America,330,Airbus A330,1994,30,widebody,1,277,7878.412684014669,46,0
KL,KLM,AMS,AUH,United Arab Emirates,Asia,330,Airbus A330,1994,30,widebody,1,277,5191.564071367668,236,0
KL,KLM,AMS,BCN,Spain,Europe,737,Boeing 737-700,1998,26,narrowbody,0,143,1241.1362442046454,392,0
KL,KLM,AMS,BGO,Norway,Europe,F70,Fokker 70,1994,30,regional_jet,0,79,888.3057402069683,68,0
KL,KLM,AMS,BGO,Norway,Europe,EMJ,Embraer E-Jet (family),2004,20,regional_jet,0,88,888.3057402069683,68,0
KL,KLM,AMS,BGO,Norway,Europe,737,Boeing 737-700,1998,26,narrowbody,0,143,888.3057402069683,68,0
KL,KLM,AMS,BHX,United Kingdom,Europe,EMJ,Embraer E-Jet (family),2004,20,regional_jet,0,88,442.13449371606765,131,0
KL,KLM,AMS,BHX,United Kingdom,Europe,737,Boeing 737-700,1998,26,narrowbody,0,143,442.13449371606765,131,0
KL,KLM,AMS,BKK,Thailand,Asia,777,Boeing 777-200,1995,29,widebody,1,314,9207.552020179699,330,0
KL,KLM,AMS,BLL,Denmark,Europe,737,Boeing 737-700,1998,26,narrowbody,0,143,477.04133375846465,47,0
KL,KLM,AMS,BLL,Denmark,Europe,EMJ,Embraer E-Jet (family),2004,20,regional_jet,0,88,477.04133375846465,47,0
KL,KLM,AMS,BLQ,Italy,Europe,EMJ,Embraer E-Jet (family),2004,20,regional_jet,0,88,988.4641673314012,88,0
KL,KLM,AMS,BOD,France,Europe,F70,Fokker 70,1994,30,regional_jet,0,79,923.6920529628386,67,0
KL,KLM,AMS,BOM,India,Asia,76W,Boeing 767-300ER (winglets),1988,36,widebody,1,218,6859.514234699999,225,0
KL,KLM,AMS,BOS,United States,North America,330,Airbus A330,1994,30,widebody,1,277,5547.353102872815,212,0
KL,KLM,AMS,BRE,Germany,Europe,F70,Fokker 70,1994,30,regional_jet,0,79,283.3302587897711,50,0
KL,KLM,AMS,BRS,United Kingdom,Europe,EMJ,Embraer E-Jet (family),2004,20,regional_jet,0,88,523.9927392742667,100,0
KL,KLM,AMS,BRU,Belgium,Europe,F70,Fokker 70,1994,30,regional_jet,0,79,157.6587578005433,315,0
KL,KLM,AMS,BRU,Belgium,Europe,EMJ,Embraer E-Jet (family),2004,20,regional_jet,0,88,157.6587578005433,315,0
KL,KLM,AMS,BSL,France,Europe,F70,Fokker 70,1994,30,regional_jet,0,79,560.6426157815108,94,0
KL,KLM,AMS,BSL,France,Europe,EMJ,Embraer E-Jet (family),2004,20,regional_jet,0,88,560.6426157815108,94,0
KL,KLM,AMS,BUD,Hungary,Europe,737,Boeing 737-700,1998,26,narrowbody,0,143,1169.2115467458418,97,0
KL,KLM,AMS,CAI,Egypt,Africa,777,Boeing 777-200,1995,29,widebody,1,314,3287.3047301588963,152,1
KL,KLM,AMS,CAN,China,Asia,330,Airbus A330,1994,30,widebody,1,277,9139.746236339948,336,0
KL,KLM,AMS,CDG,France,Europe,737,Boeing 737-700,1998,26,narrowbody,0,143,398.26978308829587,517,0
KL,KLM,AMS,CFE,France,Europe,ERJ,Embraer ERJ (family),1996,28,regional_jet,0,50,734.4065638802323,9,0
KL,KLM,AMS,CGN,Germany,Europe,F70,Fokker 70,1994,30,regional_jet,0,79,229.64139338097598,131,0
KL,KLM,AMS,CPH,Denmark,Europe,737,Boeing 737-700,1998,26,narrowbody,0,143,633.3847297968675,228,0
KL,KLM,AMS,CPH,Denmark,Europe,EMJ,Embraer E-Jet (family),2004,20,regional_jet,0,88,633.3847297968675,228,0
KL,KLM,AMS,CPT,South Africa,Africa,777,Boeing 777-200,1995,29,widebody,1,314,9687.086601226734,42,1
KL,KLM,AMS,CTU,China,Asia,74M,Boeing 747-400M Combi,1989,35,widebody,1,290,7942.059893052347,323,0
KL,KLM,AMS,CUR,Netherlands Antilles,North America,747,Boeing 747-400,1989,35,widebody,1,416,7834.076985561088,32,0
KL,KLM,AMS,CWL,United Kingdom,Europe,F70,Fokker 70,1994,30,regional_jet,0,79,565.6728897758495,31,0
KL,KLM,AMS,DEL,India,Asia,330,Airbus A330,1994,30,widebody,1,277,6363.4543046227445,263,0
KL,KLM,AMS,DFW,United States,North America,330,Airbus A330,1994,30,widebody,1,277,7900.1050379532035,467,0
KL,KLM,AMS,DMM,Saudi Arabia,Asia,330,Airbus A330,1994,30,widebody,1,277,4704.766546321854,82,0
KL,KLM,AMS,DOH,Qatar,Asia,330,Airbus A330,1994,30,widebody,1,277,4923.0923048828745,188,0
KL,KLM,AMS,DTW,United States,North America,777,Boeing 777-200,1995,29,widebody,1,314,6323.604543778478,217,0
KL,KLM,AMS,DTW,United States,North America,330,Airbus A330,1994,30,widebody,1,277,6323.604543778478,217,0
KL,KLM,AMS,DTW,United States,North America,76W,Boeing 767-300ER (winglets),1988,36,widebody,1,218,6323.604543778478,217,0
KL,KLM,AMS,DUS,Germany,Europe,F70,Fokker 70,1994,30,regional_jet,0,79,178.34350321770083,285,0
KL,KLM,AMS,DXB,United Arab Emirates,Asia,777,Boeing 777-200,1995,29,widebody,1,314,5168.637033505627,354,0
KL,KLM,AMS,EDI,United Kingdom,Europe,737,Boeing 737-700,1998,26,narrowbody,0,143,666.3630877198766,118,0
KL,KLM,AMS,EDI,United Kingdom,Europe,EMJ,Embraer E-Jet (family),2004,20,regional_jet,0,88,666.3630877198766,118,0
KL,KLM,AMS,EWR,United States,North America,76W,Boeing 767-300ER (winglets),1988,36,widebody,1,218,5868.462476691518,252,0
KL,KLM,AMS,EZE,Argentina,South America,777,Boeing 777-200,1995,29,widebody,1,314,11462.164173328149,74,0
KL,KLM,AMS,FCO,Italy,Europe,737,Boeing 737-700,1998,26,narrowbody,0,143,1296.8207683725336,331,0
KL,KLM,AMS,FLR,Italy,Europe,EMJ,Embraer E-Jet (family),2004,20,regional_jet,0,88,1058.3305796033385,53,0
KL,KLM,AMS,FRA,Germany,Europe,EMJ,Embraer E-Jet (family),2004,20,regional_jet,0,88,366.5732483892517,493,0
KL,KLM,AMS,FRA,Germany,Europe,F70,Fokker 70,1994,30,regional_jet,0,79,366.5732483892517,493,0
KL,KLM,AMS,FUK,Japan,Asia,777,Boeing 777-200,1995,29,widebody,1,314,9108.685769445146,85,0
KL,KLM,AMS,GIG,Brazil,South America,777,Boeing 777-200,1995,29,widebody,1,314,9559.690674011958,96,0
KL,KLM,AMS,GLA,United Kingdom,Europe,EMJ,Embraer E-Jet (family),2004,20,regional_jet,0,88,717.9564741660641,96,0
KL,KLM,AMS,GLA,United Kingdom,Europe,737,Boeing 737-700,1998,26,narrowbody,0,143,717.9564741660641,96,0
KL,KLM,AMS,GOT,Sweden,Europe,EMJ,Embraer E-Jet (family),2004,20,regional_jet,0,88,763.5361314519819,54,0
KL,KLM,AMS,GRU,Brazil,South America,777,Boeing 777-200,1995,29,widebody,1,314,9774.916161113497,194,0
KL,KLM,AMS,GVA,Switzerland,Europe,737,Boeing 737-700,1998,26,narrowbody,0,143,681.9930525136963,163,0
KL,KLM,AMS,GVA,Switzerland,Europe,F70,Fokker 70,1994,30,regional_jet,0,79,681.9930525136963,163,0
KL,KLM,AMS,GVA,Switzerland,Europe,EMJ,Embraer E-Jet (family),2004,20,regional_jet,0,88,681.9930525136963,163,0
KL,KLM,AMS,HAJ,Germany,Europe,EMJ,Embraer E-Jet (family),2004,20,regional_jet,0,88,334.35820320484294,76,0
KL,KLM,AMS,HAJ,Germany,Europe,F70,Fokker 70,1994,30,regional_jet,0,79,334.35820320484294,76,0
KL,KLM,AMS,HAM,Germany,Europe,737,Boeing 737-700,1998,26,narrowbody,0,143,379.356902650655,160,0
KL,KLM,AMS,HAM,Germany,Europe,EMJ,Embraer E-Jet (family),2004,20,regional_jet,0,88,379.356902650655,160,0
KL,KLM,AMS,HAV,Cuba,North America,330,Airbus A330,1994,30,widebody,1,277,7818.904715732038,42,0
KL,KLM,AMS,HEL,Finland,Europe,737,Boeing 737-700,1998,26,narrowbody,0,143,1521.3038023878014,161,0
KL,KLM,AMS,HGH,China,Asia,777,Boeing 777-200,1995,29,widebody,1,314,8922.029905866984,254,0
KL,KLM,AMS,HKG,Hong Kong,Asia,74M,Boeing 747-400M Combi,1989,35,widebody,1,290,9274.42511429256,355,0
KL,KLM,AMS,HRE,Zimbabwe,Africa,330,Airbus A330,1994,30,widebody,1,277,8214.553627357824,31,1
KL,KLM,AMS,HUY,United Kingdom,Europe,F70,Fokker 70,1994,30,regional_jet,0,79,370.40267180023915,5,0
KL,KLM,AMS,IAD,United States,North America,330,Airbus A330,1994,30,widebody,1,277,6207.09604718788,190,0
KL,KLM,AMS,IAH,United States,North America,74M,Boeing 747-400M Combi,1989,35,widebody,1,290,8049.292070451206,242,0
KL,KLM,AMS,ICN,South Korea,Asia,74M,Boeing 747-400M Combi,1989,35,widebody,1,290,8551.981935056037,370,0
KL,KLM,AMS,ICN,South Korea,Asia,330,Airbus A330,1994,30,widebody,1,277,8551.981935056037,370,0
KL,KLM,AMS,IST,Turkey,Asia,737,Boeing 737-700,1998,26,narrowbody,0,143,2183.7578098809613,361,0
KL,KLM,AMS,JFK,United States,North America,330,Airbus A330,1994,30,widebody,1,277,5847.522914962934,455,0
KL,KLM,AMS,JFK,United States,North America,777,Boeing 777-200,1995,29,widebody,1,314,5847.522914962934,455,0
KL,KLM,AMS,JFK,United States,North America,74M,Boeing 747-400M Combi,1989,35,widebody,1,290,5847.522914962934,455,0
KL,KLM,AMS,JFK,United States,North America,747,Boeing 747-400,1989,35,widebody,1,416,5847.522914962934,455,0
KL,KLM,AMS,JNB,South Africa,Africa,777,Boeing 777-200,1995,29,widebody,1,314,9017.297925665249,162,1
KL,KLM,AMS,JRO,Tanzania,Africa,330,Airbus A330,1994,30,widebody,1,277,6901.247433528279,21,1
KL,KLM,AMS,KBP,Ukraine,Europe,737,Boeing 737-700,1998,26,narrowbody,0,143,1818.6476502874061,100,0
KL,KLM,AMS,KGL,Rwanda,Africa,330,Airbus A330,1994,30,widebody,1,277,6486.878921716191,38,1
KL,KLM,AMS,KIX,Japan,Asia,777,Boeing 777-200,1995,29,widebody,1,314,9241.280475310807,152,0
KL,KLM,AMS,KRS,Norway,Europe,F70,Fokker 70,1994,30,regional_jet,0,79,688.3109979128823,11,0
KL,KLM,AMS,KRS,Norway,Europe,EMJ,Embraer E-Jet (family),2004,20,regional_jet,0,88,688.3109979128823,11,0
KL,KLM,AMS,KUL,Malaysia,Asia,777,Boeing 777-200,1995,29,widebody,1,314,10236.638950503195,257,0
KL,KLM,AMS,KWI,Kuwait,Asia,330,Airbus A330,1994,30,widebody,1,277,4355.279554852435,119,0
KL,KLM,AMS,LAD,Angola,Africa,330,Airbus A330,1994,30,widebody,1,277,6849.247456178081,46,1
KL,KLM,AMS,LAX,United States,North America,74M,Boeing 747-400M Combi,1989,35,widebody,1,290,8955.950701058966,498,0
KL,KLM,AMS,LAX,United States,North America,747,Boeing 747-400,1989,35,widebody,1,416,8955.950701058966,498,0
KL,KLM,AMS,LBA,United Kingdom,Europe,F70,Fokker 70,1994,30,regional_jet,0,79,462.4637095460506,80,0
KL,KLM,AMS,LBA,United Kingdom,Europe,EMJ,Embraer E-Jet (family),2004,20,regional_jet,0,88,462.4637095460506,80,0
KL,KLM,AMS,LCA,Cyprus,Asia,32S,Airbus A320 family,1988,36,narrowbody,0,150,2991.626555939989,97,0
KL,KLM,AMS,LED,Russia,Europe,737,Boeing 737-700,1998,26,narrowbody,0,143,1773.433362116531,184,0
KL,KLM,AMS,LHR,United Kingdom,Europe,737,Boeing 737-700,1998,26,narrowbody,0,143,370.44882883109955,524,0
KL,KLM,AMS,LHR,United Kingdom,Europe,F70,Fokker 70,1994,30,regional_jet,0,79,370.44882883109955,524,0
KL,KLM,AMS,LHR,United Kingdom,Europe,EMJ,Embraer E-Jet (family),2004,20,regional_jet,0,88,370.44882883109955,524,0
KL,KLM,AMS,LIM,Peru,South America,777,Boeing 777-200,1995,29,widebody,1,314,10519.912771397854,115,0
KL,KLM,AMS,LIN,Italy,Europe,737,Boeing 737-700,1998,26,narrowbody,0,143,831.0815977223816,60,0
KL,KLM,AMS,LIS,Portugal,Europe,737,Boeing 737-700,1998,26,narrowbody,0,143,1846.2971599212935,221,0
KL,KLM,AMS,LOS,Nigeria,Africa,330,Airbus A330,1994,30,widebody,1,277,5086.793743801909,59,1
KL,KLM,AMS,LPI,Sweden,Europe,F70,Fokker 70,1994,30,regional_jet,0,79,965.1998851511536,2,0
KL,KLM,AMS,LPI,Sweden,Europe,EMJ,Embraer E-Jet (family),2004,20,regional_jet,0,88,965.1998851511536,2,0
KL,KLM,AMS,LUX,Luxembourg,Europe,EMJ,Embraer E-Jet (family),2004,20,regional_jet,0,88,315.1522697339751,70,0
KL,KLM,AMS,LUX,Luxembourg,Europe,F70,Fokker 70,1994,30,regional_jet,0,79,315.1522697339751,70,0
KL,KLM,AMS,LYS,France,Europe,EMJ,Embraer E-Jet (family),2004,20,regional_jet,0,88,732.3646569525172,140,0
KL,KLM,AMS,LYS,France,Europe,F70,Fokker 70,1994,30,regional_jet,0,79,732.3646569525172,140,0
KL,KLM,AMS,MAD,Spain,Europe,737,Boeing 737-700,1998,26,narrowbody,0,143,1460.6539061079407,331,0
KL,KLM,AMS,MAN,United Kingdom,Europe,737,Boeing 737-700,1998,26,narrowbody,0,143,486.7177112070322,311,0
KL,KLM,AMS,MAN,United Kingdom,Europe,EMJ,Embraer E-Jet (family),2004,20,regional_jet,0,88,486.7177112070322,311,0
KL,KLM,AMS,MAN,United Kingdom,Europe,F70,Fokker 70,1994,30,regional_jet,0,79,486.7177112070322,311,0
KL,KLM,AMS,MEX,Mexico,North America,74M,Boeing 747-400M Combi,1989,35,widebody,1,290,9206.284950249841,242,0
KL,KLM,AMS,MME,United Kingdom,Europe,F70,Fokker 70,1994,30,regional_jet,0,79,477.65797538369566,3,0
KL,KLM,AMS,MRS,France,Europe,32S,Airbus A320 family,1988,36,narrowbody,0,150,986.8091147715683,129,0
KL,KLM,AMS,MSP,United States,North America,330,Airbus A330,1994,30,widebody,1,277,6684.890022612234,212,0
KL,KLM,AMS,MSP,United States,North America,76W,Boeing 767-300ER (winglets),1988,36,widebody,1,218,6684.890022612234,212,0
KL,KLM,AMS,MUC,Germany,Europe,737,Boeing 737-700,1998,26,narrowbody,0,143,664.166274486877,360,0
KL,KLM,AMS,NBO,Kenya,Africa,747,Boeing 747-400,1989,35,widebody,1,416,6677.440108755572,128,1
KL,KLM,AMS,NCE,France,Europe,737,Boeing 737-700,1998,26,narrowbody,0,143,978.8644304917758,134,0
KL,KLM,AMS,NCE,France,Europe,EMJ,Embraer E-Jet (family),2004,20,regional_jet,0,88,978.8644304917758,134,0
KL,KLM,AMS,NCL,United Kingdom,Europe,EMJ,Embraer E-Jet (family),2004,20,regional_jet,0,88,522.0648662062601,81,0
KL,KLM,AMS,NCL,United Kingdom,Europe,737,Boeing 737-700,1998,26,narrowbody,0,143,522.0648662062601,81,0
KL,KLM,AMS,NRT,Japan,Asia,747,Boeing 747-400,1989,35,widebody,1,416,9318.780897640585,289,0
KL,KLM,AMS,NRT,Japan,Asia,74M,Boeing 747-400M Combi,1989,35,widebody,1,290,9318.780897640585,289,0
KL,KLM,AMS,NRT,Japan,Asia,777,Boeing 777-200,1995,29,widebody,1,314,9318.780897640585,289,0
KL,KLM,AMS,NTE,France,Europe,ERJ,Embraer ERJ (family),1996,28,regional_jet,0,50,733.2666987433632,91,0
KL,KLM,AMS,NUE,Germany,Europe,EMJ,Embraer E-Jet (family),2004,20,regional_jet,0,88,541.596141487955,47,0
KL,KLM,AMS,NUE,Germany,Europe,F70,Fokker 70,1994,30,regional_jet,0,79,541.596141487955,47,0
KL,KLM,AMS,NWI,United Kingdom,Europe,F70,Fokker 70,1994,30,regional_jet,0,79,239.16805300948855,10,0
KL,KLM,AMS,ORD,United States,North America,74M,Boeing 747-400M Combi,1989,35,widebody,1,290,6611.863040774068,550,0
KL,KLM,AMS,OSL,Norway,Europe,737,Boeing 737-700,1998,26,narrowbody,0,143,950.6942179581326,183,0
KL,KLM,AMS,OSL,Norway,Europe,EMJ,Embraer E-Jet (family),2004,20,regional_jet,0,88,950.6942179581326,183,0
KL,KLM,AMS,OTP,Romania,Europe,737,Boeing 737-700,1998,26,narrowbody,0,143,1783.2036914779626,115,0
KL,KLM,AMS,PBM,Suriname,South America,747,Boeing 747-400,1989,35,widebody,1,416,7524.421351829014,10,0
KL,KLM,AMS,PDX,United States,North America,330,Airbus A330,1994,30,widebody,1,277,8028.813813667273,117,0
KL,KLM,AMS,PEK,China,Asia,74M,Boeing 747-400M Combi,1989,35,widebody,1,290,7827.099974197516,534,0
KL,KLM,AMS,PRG,Czech Republic,Europe,F70,Fokker 70,1994,30,regional_jet,0,79,705.0079806538921,181,0
KL,KLM,AMS,PRG,Czech Republic,Europe,EMJ,Embraer E-Jet (family),2004,20,regional_jet,0,88,705.0079806538921,181,0
KL,KLM,AMS,PRG,Czech Republic,Europe,737,Boeing 737-700,1998,26,narrowbody,0,143,705.0079806538921,181,0
KL,KLM,AMS,PTY,Panama,North America,777,Boeing 777-200,1995,29,widebody,1,314,8813.471024440509,106,0
KL,KLM,AMS,PVG,China,Asia,74M,Boeing 747-400M Combi,1989,35,widebody,1,290,8910.452347531333,414,0
KL,KLM,AMS,PVG,China,Asia,747,Boeing 747-400,1989,35,widebody,1,416,8910.452347531333,414,0
KL,KLM,AMS,RIX,Latvia,Europe,737,Boeing 737-700,1998,26,narrowbody,0,143,1333.237625434954,101,0
KL,KLM,AMS,SEA,United States,North America,330,Airbus A330,1994,30,widebody,1,277,7839.998609322037,202,0
KL,KLM,AMS,SFO,United States,North America,747,Boeing 747-400,1989,35,widebody,1,416,8785.520879749067,250,0
KL,KLM,AMS,SIN,Singapore,Asia,777,Boeing 777-200,1995,29,widebody,1,314,10513.913470946381,412,0
KL,KLM,AMS,STR,Germany,Europe,F70,Fokker 70,1994,30,regional_jet,0,79,511.00636085319144,136,0
KL,KLM,AMS,STR,Germany,Europe,EMJ,Embraer E-Jet (family),2004,20,regional_jet,0,88,511.00636085319144,136,0
KL,KLM,AMS,SVG,Norway,Europe,EMJ,Embraer E-Jet (family),2004,20,regional_jet,0,88,732.3839487296557,52,0
KL,KLM,AMS,SVG,Norway,Europe,737,Boeing 737-700,1998,26,narrowbody,0,143,732.3839487296557,52,0
KL,KLM,AMS,SVO,Russia,Europe,737,Boeing 737-700,1998,26,narrowbody,0,143,2144.3494751474113,198,0
KL,KLM,AMS,SXB,France,Europe,ERJ,Embraer ERJ (family),1996,28,regional_jet,0,50,465.6734807856442,35,0
KL,KLM,AMS,SXB,France,Europe,CRJ,Bombardier CRJ-200,1992,32,regional_jet,0,50,465.6734807856442,35,0
KL,KLM,AMS,SXB,France,Europe,EMJ,Embraer E-Jet (family),2004,20,regional_jet,0,88,465.6734807856442,35,0
KL,KLM,AMS,SXM,Netherlands Antilles,North America,747,Boeing 747-400,1989,35,widebody,1,416,6933.202648533386,56,0
KL,KLM,AMS,TBS,Georgia,Asia,737,Boeing 737-700,1998,26,narrowbody,0,143,3219.9547363488973,35,0
KL,KLM,AMS,TLL,Estonia,Europe,CRJ,Bombardier CRJ-200,1992,32,regional_jet,0,50,1471.883107978296,38,0
KL,KLM,AMS,TLS,France,Europe,EMJ,Embraer E-Jet (family),2004,20,regional_jet,0,88,997.4661996251601,83,0
KL,KLM,AMS,TLV,Israel,Asia,737,Boeing 737-700,1998,26,narrowbody,0,143,3311.9920007739947,135,0
KL,KLM,AMS,TPE,Taiwan,Asia,777,Boeing 777-200,1995,29,widebody,1,314,9442.514489805226,263,0
KL,KLM,AMS,TRD,Norway,Europe,EMJ,Embraer E-Jet (family),2004,20,regional_jet,0,88,1290.67892875454,42,0
KL,KLM,AMS,TRF,Norway,Europe,EMJ,Embraer E-Jet (family),2004,20,regional_jet,0,88,837.8945739327246,37,0
KL,KLM,AMS,TXL,Germany,Europe,737,Boeing 737-700,1998,26,narrowbody,0,143,578.1873189533416,210,0
KL,KLM,AMS,TXL,Germany,Europe,EMJ,Embraer E-Jet (family),2004,20,regional_jet,0,88,578.1873189533416,210,0
KL,KLM,AMS,UIO,Ecuador,South America,777,Boeing 777-200,1995,29,widebody,1,314,9551.998748971982,39,0
KL,KLM,AMS,VCE,Italy,Europe,737,Boeing 737-700,1998,26,narrowbody,0,143,936.9093615891178,123,0
KL,KLM,AMS,VCE,Italy,Europe,EMJ,Embraer E-Jet (family),2004,20,regional_jet,0,88,936.9093615891178,123,0
KL,KLM,AMS,VIE,Austria,Europe,737,Boeing 737-700,1998,26,narrowbody,0,143,959.4795146427429,308,0
KL,KLM,AMS,VIE,Austria,Europe,EMJ,Embraer E-Jet (family),2004,20,regional_jet,0,88,959.4795146427429,308,0
KL,KLM,AMS,WAW,Poland,Europe,737,Boeing 737-700,1998,26,narrowbody,0,143,1101.1700039808866,120,0
KL,KLM,AMS,XMN,China,Asia,777,Boeing 777-200,1995,29,widebody,1,314,9317.1897004778,233,0
KL,KLM,AMS,YUL,Canada,North America,M11,McDonnell Douglas MD-11,1990,34,widebody,1,293,5503.135180655996,186,0
KL,KLM,AMS,YVR,Canada,North America,330,Airbus A330,1994,30,widebody,1,277,7707.258189671347,157,0
KL,KLM,AMS,YYC,Canada,North America,330,Airbus A330,1994,30,widebody,1,277,7167.625097723181,113,0
KL,KLM,AMS,YYZ,Canada,North America,M11,McDonnell Douglas MD-11,1990,34,widebody,1,293,5989.661249753971,317,0
KL,KLM,AMS,YYZ,Canada,North America,330,Airbus A330,1994,30,widebody,1,277,5989.661249753971,317,0
KL,KLM,AMS,YYZ,Canada,North America,747,Boeing 747-400,1989,35,widebody,1,416,5989.661249753971,317,0
KL,KLM,AMS,YYZ,Canada,North America,74M,Boeing 747-400M Combi,1989,35,widebody,1,290,5989.661249753971,317,0
KL,KLM,AMS,ZRH,Switzerland,Europe,737,Boeing 737-700,1998,26,narrowbody,0,143,602.8328984904838,247,0
KL,KLM,AMS,ZRH,Switzerland,Europe,EMJ,Embraer E-Jet (family),2004,20,regional_jet,0,88,602.8328984904838,247,0
KL,KLM,ARN,AMS,Netherlands,Europe,737,Boeing 737-700,1998,26,narrowbody,0,143,1152.1686990894025,450,0
KL,KLM,ATH,AMS,Netherlands,Europe,737,Boeing 737-700,1998,26,narrowbody,0,143,2181.7474486612095,450,0
KL,KLM,ATL,ABE,United States,North America,717,Boeing 717,1999,25,narrowbody,0,106,1113.7519369386584,13,0
KL,KLM,ATL,ABQ,United States,North America,757,Boeing 757-200,1983,41,narrowbody,0,200,2038.333296863863,41,0
KL,KLM,ATL,ABY,United States,North America,CRJ,Bombardier CRJ-200,1992,32,regional_jet,0,50,234.66539121322768,4,0
KL,KLM,ATL,AEX,United States,North America,CRJ,Bombardier CRJ-200,1992,32,regional_jet,0,50,803.641253202455,6,0
KL,KLM,ATL,AEX,United States,North America,CR9,Bombardier CRJ-900,2003,21,regional_jet,0,90,803.641253202455,6,0
KL,KLM,ATL,AGS,United States,North America,717,Boeing 717,1999,25,narrowbody,0,106,230.3385221563136,7,0
KL,KLM,ATL,AGS,United States,North America,M88,McDonnell Douglas MD-88,1987,37,narrowbody,0,150,230.3385221563136,7,0
KL,KLM,ATL,AGS,United States,North America,CRJ,Bombardier CRJ-200,1992,32,regional_jet,0,50,230.3385221563136,7,0
KL,KLM,ATL,ALB,United States,North America,M88,McDonnell Douglas MD-88,1987,37,narrowbody,0,150,1372.141779651512,29,0
KL,KLM,ATL,AMS,Netherlands,Europe,777,Boeing 777-200,1995,29,widebody,1,314,7065.789554888426,450,0
KL,KLM,ATL,ATW,United States,North America,CR9,Bombardier CRJ-900,2003,21,regional_jet,0,90,1232.4561895554398,9,0
KL,KLM,ATL,AUS,United States,North America,M90,McDonnell Douglas MD-90,1995,29,narrowbody,0,158,1305.9912879785675,84,0
KL,KLM,ATL,AUS,United States,North America,M88,McDonnell Douglas MD-88,1987,37,narrowbody,0,150,1305.9912879785675,84,0
KL,KLM,ATL,AVL,United States,North America,CRJ,Bombardier CRJ-200,1992,32,regional_jet,0,50,264.35772692163215,12,0
KL,KLM,ATL,AVL,United States,North America,M88,McDonnell Douglas MD-88,1987,37,narrowbody,0,150,264.35772692163215,12,0
KL,KLM,ATL,AVP,United States,North America,CR7,Bombardier CRJ-700,2001,23,regional_jet,0,70,1149.092057252161,10,0
KL,KLM,ATL,BDL,United States,North America,M88,McDonnell Douglas MD-88,1987,37,narrowbody,0,150,1382.3194090292877,52,0
KL,KLM,ATL,BHM,United States,North America,M88,McDonnell Douglas MD-88,1987,37,narrowbody,0,150,215.52298129318808,35,0
KL,KLM,ATL,BMI,United States,North America,CR9,Bombardier CRJ-900,2003,21,regional_jet,0,90,858.2492516324287,12,0
KL,KLM,ATL,BNA,United States,North America,319,Airbus A319,1996,28,narrowbody,0,124,344.4330795074149,82,0
KL,KLM,ATL,BNA,United States,North America,M88,McDonnell Douglas MD-88,1987,37,narrowbody,0,150,344.4330795074149,82,0
KL,KLM,ATL,BNA,United States,North America,738,Boeing 737-800,1998,26,narrowbody,0,162,344.4330795074149,82,0
KL,KLM,ATL,BNA,United States,North America,73H,Boeing 737-800 (winglets),1998,26,narrowbody,0,162,344.4330795074149,82,0
KL,KLM,ATL,BNA,United States,North America,717,Boeing 717,1999,25,narrowbody,0,106,344.4330795074149,82,0
KL,KLM,ATL,BNA,United States,North America,320,Airbus A320,1988,36,narrowbody,0,150,344.4330795074149,82,0
KL,KLM,ATL,BOS,United States,North America,757,Boeing 757-200,1983,41,narrowbody,0,200,1521.5537657651757,212,0
KL,KLM,ATL,BOS,United States,North America,320,Airbus A320,1988,36,narrowbody,0,150,1521.5537657651757,212,0
KL,KLM,ATL,BOS,United States,North America,319,Airbus A319,1996,28,narrowbody,0,124,1521.5537657651757,212,0
KL,KLM,ATL,BQK,United States,North America,CRJ,Bombardier CRJ-200,1992,32,regional_jet,0,50,383.55351979815015,3,0
KL,KLM,ATL,BRU,Belgium,Europe,76W,Boeing 767-300ER (winglets),1988,36,widebody,1,218,7106.023938289066,315,0
KL,KLM,ATL,BTR,United States,North America,CR7,Bombardier CRJ-700,2001,23,regional_jet,0,70,720.9292278073489,8,0
KL,KLM,ATL,BTR,United States,North America,CRJ,Bombardier CRJ-200,1992,32,regional_jet,0,50,720.9292278073489,8,0
KL,KLM,ATL,BTV,United States,North America,CR9,Bombardier CRJ-900,2003,21,regional_jet,0,90,1545.8883124764327,14,0
KL,KLM,ATL,BUF,United States,North America,M90,McDonnell Douglas MD-90,1995,29,narrowbody,0,158,1147.0626194832444,35,0
KL,KLM,ATL,BUF,United States,North America,M88,McDonnell Douglas MD-88,1987,37,narrowbody,0,150,1147.0626194832444,35,0
KL,KLM,ATL,BWI,United States,North America,757,Boeing 757-200,1983,41,narrowbody,0,200,927.5307689689373,144,0
KL,KLM,ATL,BWI,United States,North America,320,Airbus A320,1988,36,narrowbody,0,150,927.5307689689373,144,0
KL,KLM,ATL,BWI,United States,North America,M90,McDonnell Douglas MD-90,1995,29,narrowbody,0,158,927.5307689689373,144,0
KL,KLM,ATL,CAE,United States,North America,M88,McDonnell Douglas MD-88,1987,37,narrowbody,0,150,307.5885579580446,17,0
KL,KLM,ATL,CAE,United States,North America,CRJ,Bombardier CRJ-200,1992,32,regional_jet,0,50,307.5885579580446,17,0
KL,KLM,ATL,CAK,United States,North America,M88,McDonnell Douglas MD-88,1987,37,narrowbody,0,150,851.3024186481874,22,0
KL,KLM,ATL,CHA,United States,North America,CRJ,Bombardier CRJ-200,1992,32,regional_jet,0,50,171.04902083897997,16,0
KL,KLM,ATL,CHA,United States,North America,M88,McDonnell Douglas MD-88,1987,37,narrowbody,0,150,171.04902083897997,16,0
KL,KLM,ATL,CHO,United States,North America,CRJ,Bombardier CRJ-200,1992,32,regional_jet,0,50,734.755638156895,13,0
KL,KLM,ATL,CHS,United States,North America,M88,McDonnell Douglas MD-88,1987,37,narrowbody,0,150,416.06300813054,35,0
KL,KLM,ATL,CHS,United States,North America,73W,Boeing 737-700 (winglets),1998,26,narrowbody,0,143,416.06300813054,35,0
KL,KLM,ATL,CHS,United States,North America,717,Boeing 717,1999,25,narrowbody,0,106,416.06300813054,35,0
KL,KLM,ATL,CHS,United States,North America,319,Airbus A319,1996,28,narrowbody,0,124,416.06300813054,35,0
KL,KLM,ATL,CID,United States,North America,CRJ,Bombardier CRJ-200,1992,32,regional_jet,0,50,1117.5025110844736,18,0
KL,KLM,ATL,CLE,United States,North America,717,Boeing 717,1999,25,narrowbody,0,106,893.8160893493864,80,0
KL,KLM,ATL,CLE,United States,North America,CR9,Bombardier CRJ-900,2003,21,regional_jet,0,90,893.8160893493864,80,0
KL,KLM,ATL,CLT,United States,North America,M88,McDonnell Douglas MD-88,1987,37,narrowbody,0,150,364.56708046971005,299,0
KL,KLM,ATL,CLT,United States,North America,M90,McDonnell Douglas MD-90,1995,29,narrowbody,0,158,364.56708046971005,299,0
KL,KLM,ATL,CLT,United States,North America,319,Airbus A319,1996,28,narrowbody,0,124,364.56708046971005,299,0
KL,KLM,ATL,CMH,United States,North America,73W,Boeing 737-700 (winglets),1998,26,narrowbody,0,143,720.4056053118145,65,0
KL,KLM,ATL,CMH,United States,North America,M88,McDonnell Douglas MD-88,1987,37,narrowbody,0,150,720.4056053118145,65,0
KL,KLM,ATL,CMH,United States,North America,738,Boeing 737-800,1998,26,narrowbody,0,162,720.4056053118145,65,0
KL,KLM,ATL,COS,United States,North America,738,Boeing 737-800,1998,26,narrowbody,0,162,1902.5379334175639,14,0
KL,KLM,ATL,CRW,United States,North America,319,Airbus A319,1996,28,narrowbody,0,124,585.0668999383439,15,0
KL,KLM,ATL,CSG,United States,North America,CRJ,Bombardier CRJ-200,1992,32,regional_jet,0,50,133.36375513525203,3,0
KL,KLM,ATL,CUN,Mexico,North America,M88,McDonnell Douglas MD-88,1987,37,narrowbody,0,150,1421.6576140193617,154,0
KL,KLM,ATL,CVG,United States,North America,M88,McDonnell Douglas MD-88,1987,37,narrowbody,0,150,602.1803007933798,75,0
KL,KLM,ATL,CVG,United States,North America,738,Boeing 737-800,1998,26,narrowbody,0,162,602.1803007933798,75,0
KL,KLM,ATL,CZM,Mexico,North America,319,Airbus A319,1996,28,narrowbody,0,124,1478.8966111789432,16,0
KL,KLM,ATL,CZM,Mexico,North America,M88,McDonnell Douglas MD-88,1987,37,narrowbody,0,150,1478.8966111789432,16,0
KL,KLM,ATL,DAB,United States,North America,M90,McDonnell Douglas MD-90,1995,29,narrowbody,0,158,589.7126936511381,5,0
KL,KLM,ATL,DAB,United States,North America,757,Boeing 757-200,1983,41,narrowbody,0,200,589.7126936511381,5,0
KL,KLM,ATL,DAL,United States,North America,CRJ,Bombardier CRJ-200,1992,32,regional_jet,0,50,1158.026383400293,36,0
KL,KLM,ATL,DAY,United States,North America,M88,McDonnell Douglas MD-88,1987,37,narrowbody,0,150,696.9614585702037,32,0
KL,KLM,ATL,DCA,United States,North America,M90,McDonnell Douglas MD-90,1995,29,narrowbody,0,158,880.0933329876362,192,0
KL,KLM,ATL,DCA,United States,North America,320,Airbus A320,1988,36,narrowbody,0,150,880.0933329876362,192,0
KL,KLM,ATL,DEN,United States,North America,757,Boeing 757-200,1983,41,narrowbody,0,200,1926.6178297784163,374,0
KL,KLM,ATL,DEN,United States,North America,M90,McDonnell Douglas MD-90,1995,29,narrowbody,0,158,1926.6178297784163,374,0
KL,KLM,ATL,DFW,United States,North America,M88,McDonnell Douglas MD-88,1987,37,narrowbody,0,150,1174.5318236036762,467,0
KL,KLM,ATL,DHN,United States,North America,CRJ,Bombardier CRJ-200,1992,32,regional_jet,0,50,274.7080703306349,3,0
KL,KLM,ATL,DSM,United States,North America,M88,McDonnell Douglas MD-88,1987,37,narrowbody,0,150,1195.7717645356188,28,0
KL,KLM,ATL,DTW,United States,North America,320,Airbus A320,1988,36,narrowbody,0,150,958.1975913594938,217,0
KL,KLM,ATL,DTW,United States,North America,73H,Boeing 737-800 (winglets),1998,26,narrowbody,0,162,958.1975913594938,217,0
KL,KLM,ATL,DTW,United States,North America,M90,McDonnell Douglas MD-90,1995,29,narrowbody,0,158,958.1975913594938,217,0
KL,KLM,ATL,DTW,United States,North America,757,Boeing 757-200,1983,41,narrowbody,0,200,958.1975913594938,217,0
KL,KLM,ATL,DUB,Ireland,Europe,76W,Boeing 767-300ER (winglets),1988,36,widebody,1,218,6322.9025137978815,207,0
KL,KLM,ATL,DUS,Germany,Europe,76W,Boeing 767-300ER (winglets),1988,36,widebody,1,218,7236.381003970272,285,0
KL,KLM,ATL,ECP,United States,North America,717,Boeing 717,1999,25,narrowbody,0,106,386.78515770925776,7,0
KL,KLM,ATL,ECP,United States,North America,M88,McDonnell Douglas MD-88,1987,37,narrowbody,0,150,386.78515770925776,7,0
KL,KLM,ATL,ECP,United States,North America,CR9,Bombardier CRJ-900,2003,21,regional_jet,0,90,386.78515770925776,7,0
KL,KLM,ATL,ELP,United States,North America,M88,McDonnell Douglas MD-88,1987,37,narrowbody,0,150,2059.5544231171243,23,0
KL,KLM,ATL,EVV,United States,North America,CRJ,Bombardier CRJ-200,1992,32,regional_jet,0,50,563.5671813013649,9,0
KL,KLM,ATL,EWN,United States,North America,CRJ,Bombardier CRJ-200,1992,32,regional_jet,0,50,696.3169163964745,5,0
KL,KLM,ATL,EWR,United States,North America,717,Boeing 717,1999,25,narrowbody,0,106,1199.316353924153,252,0
KL,KLM,ATL,EYW,United States,North America,CR7,Bombardier CRJ-700,2001,23,regional_jet,0,70,1042.3425917786137,17,0
KL,KLM,ATL,FAY,United States,North America,CRJ,Bombardier CRJ-200,1992,32,regional_jet,0,50,531.2309701068226,8,0
KL,KLM,ATL,FAY,United States,North America,73W,Boeing 737-700 (winglets),1998,26,narrowbody,0,143,531.2309701068226,8,0
KL,KLM,ATL,FCO,Italy,Europe,333,Airbus A330-300,1994,30,widebody,1,277,8085.346591570423,331,0
KL,KLM,ATL,FLL,United States,North America,757,Boeing 757-200,1983,41,narrowbody,0,200,936.441360903343,188,0
KL,KLM,ATL,FLL,United States,North America,739,Boeing 737-900,2001,23,narrowbody,0,177,936.441360903343,188,0
KL,KLM,ATL,FNT,United States,North America,M88,McDonnell Douglas MD-88,1987,37,narrowbody,0,150,1039.0115901398274,12,0
KL,KLM,ATL,FRA,Germany,Europe,764,Boeing 767-400,2000,24,widebody,1,245,7409.649808022339,493,0
KL,KLM,ATL,FSM,United States,North America,CRJ,Bombardier CRJ-200,1992,32,regional_jet,0,50,929.9351484718937,5,0
KL,KLM,ATL,FWA,United States,North America,CRJ,Bombardier CRJ-200,1992,32,regional_jet,0,50,819.1739529373724,16,0
KL,KLM,ATL,GDL,Mexico,North America,320,Airbus A320,1988,36,narrowbody,0,150,2363.848835053403,92,0
KL,KLM,ATL,GNV,United States,North America,CR9,Bombardier CRJ-900,2003,21,regional_jet,0,90,483.9359906282761,12,0
KL,KLM,ATL,GNV,United States,North America,717,Boeing 717,1999,25,narrowbody,0,106,483.9359906282761,12,0
KL,KLM,ATL,GPT,United States,North America,CRJ,Bombardier CRJ-200,1992,32,regional_jet,0,50,565.9744945565579,9,0
KL,KLM,ATL,GPT,United States,North America,M88,McDonnell Douglas MD-88,1987,37,narrowbody,0,150,565.9744945565579,9,0
KL,KLM,ATL,GRB,United States,North America,CR7,Bombardier CRJ-700,2001,23,regional_jet,0,70,1247.5339721419944,8,0
KL,KLM,ATL,GRK,United States,North America,CR9,Bombardier CRJ-900,2003,21,regional_jet,0,90,1289.7897422212989,6,0
KL,KLM,ATL,GRR,United States,North America,320,Airbus A320,1988,36,narrowbody,0,150,1032.303554138231,28,0
KL,KLM,ATL,GRR,United States,North America,M88,McDonnell Douglas MD-88,1987,37,narrowbody,0,150,1032.303554138231,28,0
KL,KLM,ATL,GSO,United States,North America,M88,McDonnell Douglas MD-88,1987,37,narrowbody,0,150,492.6065324161367,26,0
KL,KLM,ATL,GSO,United States,North America,320,Airbus A320,1988,36,narrowbody,0,150,492.6065324161367,26,0
KL,KLM,ATL,GSO,United States,North America,319,Airbus A319,1996,28,narrowbody,0,124,492.6065324161367,26,0
KL,KLM,ATL,GSP,United States,North America,319,Airbus A319,1996,28,narrowbody,0,124,246.5917792704738,29,0
KL,KLM,ATL,GSP,United States,North America,M88,McDonnell Douglas MD-88,1987,37,narrowbody,0,150,246.5917792704738,29,0
KL,KLM,ATL,GSP,United States,North America,CRJ,Bombardier CRJ-200,1992,32,regional_jet,0,50,246.5917792704738,29,0
KL,KLM,ATL,GTR,United States,North America,CRJ,Bombardier CRJ-200,1992,32,regional_jet,0,50,386.3731483179377,3,0
KL,KLM,ATL,HOU,United States,North America,M88,McDonnell Douglas MD-88,1987,37,narrowbody,0,150,1118.1808444819833,70,0
KL,KLM,ATL,HPN,United States,North America,CR7,Bombardier CRJ-700,2001,23,regional_jet,0,70,1255.4471146665528,23,0
KL,KLM,ATL,HSV,United States,North America,717,Boeing 717,1999,25,narrowbody,0,106,242.96364002557888,18,0
KL,KLM,ATL,HSV,United States,North America,M88,McDonnell Douglas MD-88,1987,37,narrowbody,0,150,242.96364002557888,18,0
KL,KLM,ATL,IAD,United States,North America,M88,McDonnell Douglas MD-88,1987,37,narrowbody,0,150,859.0311610793252,190,0
KL,KLM,ATL,IAD,United States,North America,CR7,Bombardier CRJ-700,2001,23,regional_jet,0,70,859.0311610793252,190,0
KL,KLM,ATL,IAH,United States,North America,717,Boeing 717,1999,25,narrowbody,0,106,1107.5625747320166,242,0
KL,KLM,ATL,IAH,United States,North America,320,Airbus A320,1988,36,narrowbody,0,150,1107.5625747320166,242,0
KL,KLM,ATL,IAH,United States,North America,M88,McDonnell Douglas MD-88,1987,37,narrowbody,0,150,1107.5625747320166,242,0
KL,KLM,ATL,ICT,United States,North America,M88,McDonnell Douglas MD-88,1987,37,narrowbody,0,150,1255.6787625519178,20,0
KL,KLM,ATL,ILM,United States,North America,CRJ,Bombardier CRJ-200,1992,32,regional_jet,0,50,605.8847963590904,13,0
KL,KLM,ATL,ILM,United States,North America,319,Airbus A319,1996,28,narrowbody,0,124,605.8847963590904,13,0
KL,KLM,ATL,IND,United States,North America,M88,McDonnell Douglas MD-88,1987,37,narrowbody,0,150,696.265301572822,69,0
KL,KLM,ATL,IND,United States,North America,M90,McDonnell Douglas MD-90,1995,29,narrowbody,0,158,696.265301572822,69,0
KL,KLM,ATL,JAN,United States,North America,717,Boeing 717,1999,25,narrowbody,0,106,546.9875906917429,18,0
KL,KLM,ATL,JAN,United States,North America,CR9,Bombardier CRJ-900,2003,21,regional_jet,0,90,546.9875906917429,18,0
KL,KLM,ATL,JAN,United States,North America,M88,McDonnell Douglas MD-88,1987,37,narrowbody,0,150,546.9875906917429,18,0
KL,KLM,ATL,JAX,United States,North America,757,Boeing 757-200,1983,41,narrowbody,0,200,434.4457415223961,45,0
KL,KLM,ATL,JFK,United States,North America,319,Airbus A319,1996,28,narrowbody,0,124,1222.0934389187266,455,0
KL,KLM,ATL,JFK,United States,North America,752,Boeing 757-200,1983,41,narrowbody,0,200,1222.0934389187266,455,0
KL,KLM,ATL,JFK,United States,North America,738,Boeing 737-800,1998,26,narrowbody,0,162,1222.0934389187266,455,0
KL,KLM,ATL,JFK,United States,North America,M88,McDonnell Douglas MD-88,1987,37,narrowbody,0,150,1222.0934389187266,455,0
KL,KLM,ATL,JFK,United States,North America,73H,Boeing 737-800 (winglets),1998,26,narrowbody,0,162,1222.0934389187266,455,0
KL,KLM,ATL,LAS,United States,North America,757,Boeing 757-200,1983,41,narrowbody,0,200,2804.8279085707227,252,0
KL,KLM,ATL,LAS,United States,North America,753,Boeing 757-300,1999,25,narrowbody,0,243,2804.8279085707227,252,0
KL,KLM,ATL,LAX,United States,North America,763,Boeing 767-300,1986,38,widebody,1,218,3125.7765263601914,498,0
KL,KLM,ATL,LAX,United States,North America,757,Boeing 757-200,1983,41,narrowbody,0,200,3125.7765263601914,498,0
KL,KLM,ATL,LAX,United States,North America,739,Boeing 737-900,2001,23,narrowbody,0,177,3125.7765263601914,498,0
KL,KLM,ATL,LEX,United States,North America,CR9,Bombardier CRJ-900,2003,21,regional_jet,0,90,489.49747598534117,20,0
KL,KLM,ATL,LEX,United States,North America,M88,McDonnell Douglas MD-88,1987,37,narrowbody,0,150,489.49747598534117,20,0
KL,KLM,ATL,LEX,United States,North America,CRJ,Bombardier CRJ-200,1992,32,regional_jet,0,50,489.49747598534117,20,0
KL,KLM,ATL,LFT,United States,North America,CRJ,Bombardier CRJ-200,1992,32,regional_jet,0,50,808.7514007543349,6,0
KL,KLM,ATL,LGA,United States,North America,738,Boeing 737-800,1998,26,narrowbody,0,162,1224.8675556123217,158,0
KL,KLM,ATL,LGA,United States,North America,M88,McDonnell Douglas MD-88,1987,37,narrowbody,0,150,1224.8675556123217,158,0
KL,KLM,ATL,LGA,United States,North America,757,Boeing 757-200,1983,41,narrowbody,0,200,1224.8675556123217,158,0
KL,KLM,ATL,LHR,United Kingdom,Europe,764,Boeing 767-400,2000,24,widebody,1,245,6760.763839225036,524,0
KL,KLM,ATL,LHR,United Kingdom,Europe,77L,Boeing 777-200LR,2006,18,widebody,1,317,6760.763839225036,524,0
KL,KLM,ATL,LHR,United Kingdom,Europe,76W,Boeing 767-300ER (winglets),1988,36,widebody,1,218,6760.763839225036,524,0
KL,KLM,ATL,LIT,United States,North America,M88,McDonnell Douglas MD-88,1987,37,narrowbody,0,150,727.1602851633608,29,0
KL,KLM,ATL,MAD,Spain,Europe,764,Boeing 767-400,2000,24,widebody,1,245,6961.619005812714,331,0
KL,KLM,ATL,MAN,United Kingdom,Europe,76W,Boeing 767-300ER (winglets),1988,36,widebody,1,218,6580.99385905668,311,0
KL,KLM,ATL,MCI,United States,North America,M90,McDonnell Douglas MD-90,1995,29,narrowbody,0,158,1113.375497783347,77,0
KL,KLM,ATL,MCI,United States,North America,757,Boeing 757-200,1983,41,narrowbody,0,200,1113.375497783347,77,0
KL,KLM,ATL,MCO,United States,North America,757,Boeing 757-200,1983,41,narrowbody,0,200,650.7363446314482,238,0
KL,KLM,ATL,MCO,United States,North America,739,Boeing 737-900,2001,23,narrowbody,0,177,650.7363446314482,238,0
KL,KLM,ATL,MDT,United States,North America,CRJ,Bombardier CRJ-200,1992,32,regional_jet,0,50,997.1336620358046,19,0
KL,KLM,ATL,MDT,United States,North America,M88,McDonnell Douglas MD-88,1987,37,narrowbody,0,150,997.1336620358046,19,0
KL,KLM,ATL,MDW,United States,North America,320,Airbus A320,1988,36,narrowbody,0,150,951.9605263942913,132,0
KL,KLM,ATL,MDW,United States,North America,717,Boeing 717,1999,25,narrowbody,0,106,951.9605263942913,132,0
KL,KLM,ATL,MDW,United States,North America,319,Airbus A319,1996,28,narrowbody,0,124,951.9605263942913,132,0
KL,KLM,ATL,MEM,United States,North America,M88,McDonnell Douglas MD-88,1987,37,narrowbody,0,150,532.7925237937135,54,0
KL,KLM,ATL,MEX,Mexico,North America,73W,Boeing 737-700 (winglets),1998,26,narrowbody,0,143,2143.394505722193,242,0
KL,KLM,ATL,MEX,Mexico,North America,73H,Boeing 737-800 (winglets),1998,26,narrowbody,0,162,2143.394505722193,242,0
KL,KLM,ATL,MGM,United States,North America,CRJ,Bombardier CRJ-200,1992,32,regional_jet,0,50,236.0132387800246,7,0
KL,KLM,ATL,MHT,United States,North America,320,Airbus A320,1988,36,narrowbody,0,150,1531.067789453141,20,0
KL,KLM,ATL,MIA,United States,North America,757,Boeing 757-200,1983,41,narrowbody,0,200,959.0645602676874,366,0
KL,KLM,ATL,MIA,United States,North America,320,Airbus A320,1988,36,narrowbody,0,150,959.0645602676874,366,0
KL,KLM,ATL,MKE,United States,North America,M90,McDonnell Douglas MD-90,1995,29,narrowbody,0,158,1078.353344778379,60,0
KL,KLM,ATL,MKE,United States,North America,M88,McDonnell Douglas MD-88,1987,37,narrowbody,0,150,1078.353344778379,60,0
KL,KLM,ATL,MLB,United States,North America,M88,McDonnell Douglas MD-88,1987,37,narrowbody,0,150,713.283052522829,5,0
KL,KLM,ATL,MLI,United States,North America,CR7,Bombardier CRJ-700,2001,23,regional_jet,0,70,1020.0406541073008,15,0
KL,KLM,ATL,MLI,United States,North America,CR9,Bombardier CRJ-900,2003,21,regional_jet,0,90,1020.0406541073008,15,0
KL,KLM,ATL,MLU,United States,North America,CRJ,Bombardier CRJ-200,1992,32,regional_jet,0,50,719.8329698416734,6,0
KL,KLM,ATL,MOB,United States,North America,CRJ,Bombardier CRJ-200,1992,32,regional_jet,0,50,485.9345770414259,9,0
KL,KLM,ATL,MOB,United States,North America,CR9,Bombardier CRJ-900,2003,21,regional_jet,0,90,485.9345770414259,9,0
KL,KLM,ATL,MOB,United States,North America,717,Boeing 717,1999,25,narrowbody,0,106,485.9345770414259,9,0
KL,KLM,ATL,MOB,United States,North America,CR7,Bombardier CRJ-700,2001,23,regional_jet,0,70,485.9345770414259,9,0
KL,KLM,ATL,MSN,United States,North America,73W,Boeing 737-700 (winglets),1998,26,narrowbody,0,143,1139.5015096744899,17,0
KL,KLM,ATL,MSP,United States,North America,757,Boeing 757-200,1983,41,narrowbody,0,200,1459.718127018694,212,0
KL,KLM,ATL,MSP,United States,North America,M90,McDonnell Douglas MD-90,1995,29,narrowbody,0,158,1459.718127018694,212,0
KL,KLM,ATL,MSY,United States,North America,M88,McDonnell Douglas MD-88,1987,37,narrowbody,0,150,683.5719060307287,125,0
KL,KLM,ATL,MSY,United States,North America,757,Boeing 757-200,1983,41,narrowbody,0,200,683.5719060307287,125,0
KL,KLM,ATL,MTY,Mexico,North America,CR9,Bombardier CRJ-900,2003,21,regional_jet,0,90,1745.2431573265299,73,0
KL,KLM,ATL,MUC,Germany,Europe,764,Boeing 767-400,2000,24,widebody,1,245,7701.967004873525,360,0
KL,KLM,ATL,MYR,United States,North America,M88,McDonnell Douglas MD-88,1987,37,narrowbody,0,150,508.99139141477025,34,0
KL,KLM,ATL,OAJ,United States,North America,CRJ,Bombardier CRJ-200,1992,32,regional_jet,0,50,640.3389285403601,7,0
KL,KLM,ATL,OAJ,United States,North America,CR9,Bombardier CRJ-900,2003,21,regional_jet,0,90,640.3389285403601,7,0
KL,KLM,ATL,OKC,United States,North America,M88,McDonnell Douglas MD-88,1987,37,narrowbody,0,150,1221.6451687396157,41,0
KL,KLM,ATL,OMA,United States,North America,CR7,Bombardier CRJ-700,2001,23,regional_jet,0,70,1321.0472363918216,35,0
KL,KLM,ATL,OMA,United States,North America,M88,McDonnell Douglas MD-88,1987,37,narrowbody,0,150,1321.0472363918216,35,0
KL,KLM,ATL,ORD,United States,North America,757,Boeing 757-200,1983,41,narrowbody,0,200,976.3278291656196,550,0
KL,KLM,ATL,ORD,United States,North America,319,Airbus A319,1996,28,narrowbody,0,124,976.3278291656196,550,0
KL,KLM,ATL,ORD,United States,North America,320,Airbus A320,1988,36,narrowbody,0,150,976.3278291656196,550,0
KL,KLM,ATL,ORD,United States,North America,M90,McDonnell Douglas MD-90,1995,29,narrowbody,0,158,976.3278291656196,550,0
KL,KLM,ATL,ORD,United States,North America,M88,McDonnell Douglas MD-88,1987,37,narrowbody,0,150,976.3278291656196,550,0
KL,KLM,ATL,ORF,United States,North America,M90,McDonnell Douglas MD-90,1995,29,narrowbody,0,158,829.7069492609256,38,0
KL,KLM,ATL,ORF,United States,North America,M88,McDonnell Douglas MD-88,1987,37,narrowbody,0,150,829.7069492609256,38,0
KL,KLM,ATL,PBI,United States,North America,757,Boeing 757-200,1983,41,narrowbody,0,200,877.9982503333684,44,0
KL,KLM,ATL,PDX,United States,North America,73H,Boeing 737-800 (winglets),1998,26,narrowbody,0,162,3489.1612400893214,117,0
KL,KLM,ATL,PDX,United States,North America,738,Boeing 737-800,1998,26,narrowbody,0,162,3489.1612400893214,117,0
KL,KLM,ATL,PHF,United States,North America,CRJ,Bombardier CRJ-200,1992,32,regional_jet,0,50,817.2204221283627,9,0
KL,KLM,ATL,PHL,United States,North America,M90,McDonnell Douglas MD-90,1995,29,narrowbody,0,158,1071.592953109364,287,0
KL,KLM,ATL,PHL,United States,North America,757,Boeing 757-200,1983,41,narrowbody,0,200,1071.592953109364,287,0
KL,KLM,ATL,PHL,United States,North America,M88,McDonnell Douglas MD-88,1987,37,narrowbody,0,150,1071.592953109364,287,0
KL,KLM,ATL,PHX,United States,North America,73H,Boeing 737-800 (winglets),1998,26,narrowbody,0,162,2549.081233958843,257,0
KL,KLM,ATL,PHX,United States,North America,757,Boeing 757-200,1983,41,narrowbody,0,200,2549.081233958843,257,0
KL,KLM,ATL,PHX,United States,North America,738,Boeing 737-800,1998,26,narrowbody,0,162,2549.081233958843,257,0
KL,KLM,ATL,PIA,United States,North America,CRJ,Bombardier CRJ-200,1992,32,regional_jet,0,50,909.7134603806975,15,0
KL,KLM,ATL,PIT,United States,North America,CR9,Bombardier CRJ-900,2003,21,regional_jet,0,90,847.9783528811499,74,0
KL,KLM,ATL,PIT,United States,North America,M88,McDonnell Douglas MD-88,1987,37,narrowbody,0,150,847.9783528811499,74,0
KL,KLM,ATL,PNS,United States,North America,M90,McDonnell Douglas MD-90,1995,29,narrowbody,0,158,437.3380279892479,21,0
KL,KLM,ATL,PVD,United States,North America,M88,McDonnell Douglas MD-88,1987,37,narrowbody,0,150,1453.4222437163291,28,0
KL,KLM,ATL,PWM,United States,North America,M88,McDonnell Douglas MD-88,1987,37,narrowbody,0,150,1651.74630609182,18,0
KL,KLM,ATL,RDU,United States,North America,M88,McDonnell Douglas MD-88,1987,37,narrowbody,0,150,572.24839306195,84,0
KL,KLM,ATL,RDU,United States,North America,739,Boeing 737-900,2001,23,narrowbody,0,177,572.24839306195,84,0
KL,KLM,ATL,RDU,United States,North America,320,Airbus A320,1988,36,narrowbody,0,150,572.24839306195,84,0
KL,KLM,ATL,RIC,United States,North America,M88,McDonnell Douglas MD-88,1987,37,narrowbody,0,150,773.1799646136883,38,0
KL,KLM,ATL,RIC,United States,North America,M90,McDonnell Douglas MD-90,1995,29,narrowbody,0,158,773.1799646136883,38,0
KL,KLM,ATL,ROA,United States,North America,CRJ,Bombardier CRJ-200,1992,32,regional_jet,0,50,575.0017892715338,15,0
KL,KLM,ATL,ROA,United States,North America,319,Airbus A319,1996,28,narrowbody,0,124,575.0017892715338,15,0
KL,KLM,ATL,ROA,United States,North America,CR9,Bombardier CRJ-900,2003,21,regional_jet,0,90,575.0017892715338,15,0
KL,KLM,ATL,ROC,United States,North America,M90,McDonnell Douglas MD-90,1995,29,narrowbody,0,158,1206.6707367402778,30,0
KL,KLM,ATL,RSW,United States,North America,M88,McDonnell Douglas MD-88,1987,37,narrowbody,0,150,830.2624833138959,65,0
KL,KLM,ATL,RSW,United States,North America,757,Boeing 757-200,1983,41,narrowbody,0,200,830.2624833138959,65,0
KL,KLM,ATL,SAN,United States,North America,763,Boeing 767-300,1986,38,widebody,1,218,3037.6832293226093,119,0
KL,KLM,ATL,SAN,United States,North America,739,Boeing 737-900,2001,23,narrowbody,0,177,3037.6832293226093,119,0
KL,KLM,ATL,SAT,United States,North America,M90,McDonnell Douglas MD-90,1995,29,narrowbody,0,158,1404.6983915857159,68,0
KL,KLM,ATL,SAT,United States,North America,757,Boeing 757-200,1983,41,narrowbody,0,200,1404.6983915857159,68,0
KL,KLM,ATL,SAV,United States,North America,M88,McDonnell Douglas MD-88,1987,37,narrowbody,0,150,344.8008765372291,23,0
KL,KLM,ATL,SAV,United States,North America,717,Boeing 717,1999,25,narrowbody,0,106,344.8008765372291,23,0
KL,KLM,ATL,SAV,United States,North America,319,Airbus A319,1996,28,narrowbody,0,124,344.8008765372291,23,0
KL,KLM,ATL,SBN,United States,North America,CRJ,Bombardier CRJ-200,1992,32,regional_jet,0,50,912.7658333008968,11,0
KL,KLM,ATL,SDF,United States,North America,M88,McDonnell Douglas MD-88,1987,37,narrowbody,0,150,518.1191694134917,42,0
KL,KLM,ATL,SDF,United States,North America,M90,McDonnell Douglas MD-90,1995,29,narrowbody,0,158,518.1191694134917,42,0
KL,KLM,ATL,SEA,United States,North America,76W,Boeing 767-300ER (winglets),1988,36,widebody,1,218,3504.977057741039,202,0
KL,KLM,ATL,SEA,United States,North America,757,Boeing 757-200,1983,41,narrowbody,0,200,3504.977057741039,202,0
KL,KLM,ATL,SEA,United States,North America,763,Boeing 767-300,1986,38,widebody,1,218,3504.977057741039,202,0
KL,KLM,ATL,SFO,United States,North America,739,Boeing 737-900,2001,23,narrowbody,0,177,3434.718035567292,250,0
KL,KLM,ATL,SFO,United States,North America,763,Boeing 767-300,1986,38,widebody,1,218,3434.718035567292,250,0
KL,KLM,ATL,SFO,United States,North America,757,Boeing 757-200,1983,41,narrowbody,0,200,3434.718035567292,250,0
KL,KLM,ATL,SGF,United States,North America,CRJ,Bombardier CRJ-200,1992,32,regional_jet,0,50,904.9730602758367,14,0
KL,KLM,ATL,SGF,United States,North America,CR9,Bombardier CRJ-900,2003,21,regional_jet,0,90,904.9730602758367,14,0
KL,KLM,ATL,SHV,United States,North America,CRJ,Bombardier CRJ-200,1992,32,regional_jet,0,50,885.5733939633427,8,0
KL,KLM,ATL,SJC,United States,North America,738,Boeing 737-800,1998,26,narrowbody,0,162,3397.642005873093,60,0
KL,KLM,ATL,SJD,Mexico,North America,73W,Boeing 737-700 (winglets),1998,26,narrowbody,0,143,2724.9558282904604,50,0
KL,KLM,ATL,SJD,Mexico,North America,738,Boeing 737-800,1998,26,narrowbody,0,162,2724.9558282904604,50,0
KL,KLM,ATL,SJU,Puerto Rico,North America,757,Boeing 757-200,1983,41,narrowbody,0,200,2490.942451680013,102,0
KL,KLM,ATL,SLC,United States,North America,763,Boeing 767-300,1986,38,widebody,1,218,2553.6041879707514,137,0
KL,KLM,ATL,SLC,United States,North America,757,Boeing 757-200,1983,41,narrowbody,0,200,2553.6041879707514,137,0
KL,KLM,ATL,SMF,United States,North America,757,Boeing 757-200,1983,41,narrowbody,0,200,3359.744794162667,53,0
KL,KLM,ATL,SNA,United States,North America,757,Boeing 757-200,1983,41,narrowbody,0,200,3081.274293568246,44,0
KL,KLM,ATL,SRQ,United States,North America,757,Boeing 757-200,1983,41,narrowbody,0,200,716.7896163540396,13,0
KL,KLM,ATL,STL,United States,North America,M90,McDonnell Douglas MD-90,1995,29,narrowbody,0,158,779.0051856208637,107,0
KL,KLM,ATL,STL,United States,North America,757,Boeing 757-200,1983,41,narrowbody,0,200,779.0051856208637,107,0
KL,KLM,ATL,STR,Germany,Europe,76W,Boeing 767-300ER (winglets),1988,36,widebody,1,218,7516.640262305393,136,0
KL,KLM,ATL,STT,Virgin Islands,North America,757,Boeing 757-200,1983,41,narrowbody,0,200,2574.812382968673,32,0
KL,KLM,ATL,SYR,United States,North America,M88,McDonnell Douglas MD-88,1987,37,narrowbody,0,150,1277.6344706811449,26,0
KL,KLM,ATL,TLH,United States,North America,CRJ,Bombardier CRJ-200,1992,32,regional_jet,0,50,360.3684525064865,15,0
KL,KLM,ATL,TLH,United States,North America,M88,McDonnell Douglas MD-88,1987,37,narrowbody,0,150,360.3684525064865,15,0
KL,KLM,ATL,TLH,United States,North America,319,Airbus A319,1996,28,narrowbody,0,124,360.3684525064865,15,0
KL,KLM,ATL,TPA,United States,North America,757,Boeing 757-200,1983,41,narrowbody,0,200,654.9517565882101,138,0
KL,KLM,ATL,TPA,United States,North America,739,Boeing 737-900,2001,23,narrowbody,0,177,654.9517565882101,138,0
KL,KLM,ATL,TRI,United States,North America,CRJ,Bombardier CRJ-200,1992,32,regional_jet,0,50,365.2841720450782,7,0
KL,KLM,ATL,TRI,United States,North America,319,Airbus A319,1996,28,narrowbody,0,124,365.2841720450782,7,0
KL,KLM,ATL,TUL,United States,North America,CR7,Bombardier CRJ-700,2001,23,regional_jet,0,70,1082.2625901967942,28,0
KL,KLM,ATL,TUL,United States,North America,M88,McDonnell Douglas MD-88,1987,37,narrowbody,0,150,1082.2625901967942,28,0
KL,KLM,ATL,TUL,United States,North America,CR9,Bombardier CRJ-900,2003,21,regional_jet,0,90,1082.2625901967942,28,0
KL,KLM,ATL,TUS,United States,North America,M90,McDonnell Douglas MD-90,1995,29,narrowbody,0,158,2474.957103954283,31,0
KL,KLM,ATL,TYS,United States,North America,CR7,Bombardier CRJ-700,2001,23,regional_jet,0,70,245.00368765637836,31,0
KL,KLM,ATL,TYS,United States,North America,CRJ,Bombardier CRJ-200,1992,32,regional_jet,0,50,245.00368765637836,31,0
KL,KLM,ATL,TYS,United States,North America,717,Boeing 717,1999,25,narrowbody,0,106,245.00368765637836,31,0
KL,KLM,ATL,TYS,United States,North America,CR9,Bombardier CRJ-900,2003,21,regional_jet,0,90,245.00368765637836,31,0
KL,KLM,ATL,VLD,United States,North America,CRJ,Bombardier CRJ-200,1992,32,regional_jet,0,50,335.3424559363311,3,0
KL,KLM,ATL,VPS,United States,North America,M88,McDonnell Douglas MD-88,1987,37,narrowbody,0,150,402.4893360682303,11,0
KL,KLM,ATL,VPS,United States,North America,319,Airbus A319,1996,28,narrowbody,0,124,402.4893360682303,11,0
KL,KLM,ATL,VPS,United States,North America,717,Boeing 717,1999,25,narrowbody,0,106,402.4893360682303,11,0
KL,KLM,ATL,XNA,United States,North America,CRJ,Bombardier CRJ-200,1992,32,regional_jet,0,50,946.5495678285238,24,0
KL,KLM,ATL,XNA,United States,North America,CR9,Bombardier CRJ-900,2003,21,regional_jet,0,90,946.5495678285238,24,0
KL,KLM,ATL,XNA,United States,North America,717,Boeing 717,1999,25,narrowbody,0,106,946.5495678285238,24,0
KL,KLM,ATL,XNA,United States,North America,CR7,Bombardier CRJ-700,2001,23,regional_jet,0,70,946.5495678285238,24,0
KL,KLM,ATW,ATL,United States,North America,CR7,Bombardier CRJ-700,2001,23,regional_jet,0,70,1232.4561895554398,911,0
KL,KLM,ATW,ATL,United States,North America,CR9,Bombardier CRJ-900,2003,21,regional_jet,0,90,1232.4561895554398,911,0
KL,KLM,AUA,BON,Netherlands Antilles,North America,330,Airbus A330,1994,30,widebody,1,277,194.1715188767101,8,0
KL,KLM,AUH,AMS,Netherlands,Europe,330,Airbus A330,1994,30,widebody,1,277,5191.564071367668,450,0
KL,KLM,AUH,BAH,Bahrain,Asia,330,Airbus A330,1994,30,widebody,1,277,452.4397768679105,86,0
KL,KLM,AUH,ISB,Pakistan,Asia,320,Airbus A320,1988,36,narrowbody,0,150,2035.787032131996,59,0
KL,KLM,AUH,ISB,Pakistan,Asia,332,Airbus A330-200,1998,26,widebody,1,247,2035.787032131996,59,0
KL,KLM,AUH,LHE,Pakistan,Asia,332,Airbus A330-200,1998,26,widebody,1,247,2089.6278084484798,55,0
KL,KLM,AUH,LHE,Pakistan,Asia,320,Airbus A320,1988,36,narrowbody,0,150,2089.6278084484798,55,0
KL,KLM,AUH,LHE,Pakistan,Asia,77W,Boeing 777-300ER,2004,20,widebody,1,365,2089.6278084484798,55,0
KL,KLM,AUS,ATL,United States,North America,M90,McDonnell Douglas MD-90,1995,29,narrowbody,0,158,1305.9912879785675,911,0
KL,KLM,AUS,ATL,United States,North America,M88,McDonnell Douglas MD-88,1987,37,narrowbody,0,150,1305.9912879785675,911,0
KL,KLM,AVL,ATL,United States,North America,CRJ,Bombardier CRJ-200,1992,32,regional_jet,0,50,264.35772692163215,911,0
KL,KLM,AVP,ATL,United States,North America,CR7,Bombardier CRJ-700,2001,23,regional_jet,0,70,1149.092057252161,911,0
KL,KLM,BAH,AUH,United Arab Emirates,Asia,330,Airbus A330,1994,30,widebody,1,277,452.4397768679105,236,0
KL,KLM,BCN,AMS,Netherlands,Europe,737,Boeing 737-700,1998,26,narrowbody,0,143,1241.1362442046454,450,0
KL,KLM,BCN,JFK,United States,North America,330,Airbus A330,1994,30,widebody,1,277,6150.227182054505,455,0
KL,KLM,BDL,ATL,United States,North America,M88,McDonnell Douglas MD-88,1987,37,narrowbody,0,150,1382.3194090292877,911,0
KL,KLM,BDL,ATL,United States,North America,320,Airbus A320,1988,36,narrowbody,0,150,1382.3194090292877,911,0
KL,KLM,BDL,ATL,United States,North America,73W,Boeing 737-700 (winglets),1998,26,narrowbody,0,143,1382.3194090292877,911,0
KL,KLM,BEL,STM,Brazil,South America,737,Boeing 737-700,1998,26,narrowbody,0,143,710.7626559212547,13,0
KL,KLM,BGO,AMS,Netherlands,Europe,737,Boeing 737-700,1998,26,narrowbody,0,143,888.3057402069683,450,0
KL,KLM,BGO,AMS,Netherlands,Europe,F70,Fokker 70,1994,30,regional_jet,0,79,888.3057402069683,450,0
KL,KLM,BGO,AMS,Netherlands,Europe,EMJ,Embraer E-Jet (family),2004,20,regional_jet,0,88,888.3057402069683,450,0
KL,KLM,BHM,ATL,United States,North America,M88,McDonnell Douglas MD-88,1987,37,narrowbody,0,150,215.52298129318808,911,0
KL,KLM,BHX,AMS,Netherlands,Europe,737,Boeing 737-700,1998,26,narrowbody,0,143,442.13449371606765,450,0
KL,KLM,BHX,AMS,Netherlands,Europe,EMJ,Embraer E-Jet (family),2004,20,regional_jet,0,88,442.13449371606765,450,0
KL,KLM,BJM,KGL,Rwanda,Africa,EMJ,Embraer E-Jet (family),2004,20,regional_jet,0,88,176.1537340831755,38,1
KL,KLM,BJM,KGL,Rwanda,Africa,E70,Embraer 170,2004,20,regional_jet,0,76,176.1537340831755,38,1
KL,KLM,BJM,NBO,Kenya,Africa,E70,Embraer 170,2004,20,regional_jet,0,76,874.2742104146854,128,1
KL,KLM,BKK,AMS,Netherlands,Europe,777,Boeing 777-200,1995,29,widebody,1,314,9207.552020179699,450,0
KL,KLM,BKK,CEI,Thailand,Asia,320,Airbus A320,1988,36,narrowbody,0,150,703.3573400896196,11,0
KL,KLM,BKK,CNX,Thailand,Asia,319,Airbus A319,1996,28,narrowbody,0,124,596.7081267163255,47,0
KL,KLM,BKK,HKT,Thailand,Asia,320,Airbus A320,1988,36,narrowbody,0,150,673.5405578080735,67,0
KL,KLM,BKK,TPE,Taiwan,Asia,340,Airbus A340,1993,31,widebody,1,277,2489.4047907704653,263,0
KL,KLM,BLL,AMS,Netherlands,Europe,737,Boeing 737-700,1998,26,narrowbody,0,143,477.04133375846465,450,0
KL,KLM,BLL,AMS,Netherlands,Europe,EMJ,Embraer E-Jet (family),2004,20,regional_jet,0,88,477.04133375846465,450,0
KL,KLM,BLQ,AMS,Netherlands,Europe,EMJ,Embraer E-Jet (family),2004,20,regional_jet,0,88,988.4641673314012,450,0
KL,KLM,BMI,ATL,United States,North America,CR9,Bombardier CRJ-900,2003,21,regional_jet,0,90,858.2492516324287,911,0
KL,KLM,BMI,ATL,United States,North America,CR7,Bombardier CRJ-700,2001,23,regional_jet,0,70,858.2492516324287,911,0
KL,KLM,BNA,ATL,United States,North America,M88,McDonnell Douglas MD-88,1987,37,narrowbody,0,150,344.4330795074149,911,0
KL,KLM,BNA,ATL,United States,North America,738,Boeing 737-800,1998,26,narrowbody,0,162,344.4330795074149,911,0
KL,KLM,BNA,ATL,United States,North America,320,Airbus A320,1988,36,narrowbody,0,150,344.4330795074149,911,0
KL,KLM,BNA,ATL,United States,North America,717,Boeing 717,1999,25,narrowbody,0,106,344.4330795074149,911,0
KL,KLM,BNA,ATL,United States,North America,319,Airbus A319,1996,28,narrowbody,0,124,344.4330795074149,911,0
KL,KLM,BOD,AMS,Netherlands,Europe,F70,Fokker 70,1994,30,regional_jet,0,79,923.6920529628386,450,0
KL,KLM,BOM,AMS,Netherlands,Europe,76W,Boeing 767-300ER (winglets),1988,36,widebody,1,218,6859.514234699999,450,0
KL,KLM,BON,AMS,Netherlands,Europe,330,Airbus A330,1994,30,widebody,1,277,7792.345452452321,450,0
KL,KLM,BOS,AMS,Netherlands,Europe,330,Airbus A330,1994,30,widebody,1,277,5547.353102872815,450,0
KL,KLM,BOS,ATL,United States,North America,757,Boeing 757-200,1983,41,narrowbody,0,200,1521.5537657651757,911,0
KL,KLM,BOS,ATL,United States,North America,M90,McDonnell Douglas MD-90,1995,29,narrowbody,0,158,1521.5537657651757,911,0
KL,KLM,BOS,ATL,United States,North America,M88,McDonnell Douglas MD-88,1987,37,narrowbody,0,150,1521.5537657651757,911,0
KL,KLM,BOS,LHR,United Kingdom,Europe,767,Boeing 767-300,1986,38,widebody,1,218,5239.649725139816,524,0
KL,KLM,BPS,CNF,Brazil,South America,737,Boeing 737-700,1998,26,narrowbody,0,143,626.7605770366079,55,0
KL,KLM,BQK,ATL,United States,North America,CRJ,Bombardier CRJ-200,1992,32,regional_jet,0,50,383.55351979815015,911,0
KL,KLM,BRE,AMS,Netherlands,Europe,F70,Fokker 70,1994,30,regional_jet,0,79,283.3302587897711,450,0
KL,KLM,BRS,AMS,Netherlands,Europe,EMJ,Embraer E-Jet (family),2004,20,regional_jet,0,88,523.9927392742667,450,0
KL,KLM,BRU,AMS,Netherlands,Europe,F70,Fokker 70,1994,30,regional_jet,0,79,157.6587578005433,450,0
KL,KLM,BRU,AMS,Netherlands,Europe,EMJ,Embraer E-Jet (family),2004,20,regional_jet,0,88,157.6587578005433,450,0
KL,KLM,BRU,ATL,United States,North America,76W,Boeing 767-300ER (winglets),1988,36,widebody,1,218,7106.023938289066,911,0
KL,KLM,BRU,JFK,United States,North America,76W,Boeing 767-300ER (winglets),1988,36,widebody,1,218,5885.511434329618,455,0
KL,KLM,BSL,AMS,Netherlands,Europe,F70,Fokker 70,1994,30,regional_jet,0,79,560.6426157815108,450,0
KL,KLM,BSL,AMS,Netherlands,Europe,EMJ,Embraer E-Jet (family),2004,20,regional_jet,0,88,560.6426157815108,450,0
KL,KLM,BSL,CDG,France,Europe,AT7,ATR 72,1989,35,turboprop,0,70,400.7415241436979,517,0
KL,KLM,BTR,ATL,United States,North America,CRJ,Bombardier CRJ-200,1992,32,regional_jet,0,50,720.9292278073489,911,0
KL,KLM,BTR,ATL,United States,North America,CR7,Bombardier CRJ-700,2001,23,regional_jet,0,70,720.9292278073489,911,0
KL,KLM,BTR,ATL,United States,North America,319,Airbus A319,1996,28,narrowbody,0,124,720.9292278073489,911,0
KL,KLM,BTR,ATL,United States,North America,CR9,Bombardier CRJ-900,2003,21,regional_jet,0,90,720.9292278073489,911,0
KL,KLM,BTV,ATL,United States,North America,CR9,Bombardier CRJ-900,2003,21,regional_jet,0,90,1545.8883124764327,911,0
KL,KLM,BUD,AMS,Netherlands,Europe,737,Boeing 737-700,1998,26,narrowbody,0,143,1169.2115467458418,450,0
KL,KLM,BUF,ATL,United States,North America,M90,McDonnell Douglas MD-90,1995,29,narrowbody,0,158,1147.0626194832444,911,0
KL,KLM,BUF,ATL,United States,North America,M88,McDonnell Douglas MD-88,1987,37,narrowbody,0,150,1147.0626194832444,911,0
KL,KLM,BWI,ATL,United States,North America,M88,McDonnell Douglas MD-88,1987,37,narrowbody,0,150,927.5307689689373,911,0
KL,KLM,BWI,ATL,United States,North America,M90,McDonnell Douglas MD-90,1995,29,narrowbody,0,158,927.5307689689373,911,0
KL,KLM,BWI,ATL,United States,North America,757,Boeing 757-200,1983,41,narrowbody,0,200,927.5307689689373,911,0
KL,KLM,BWI,ATL,United States,North America,73W,Boeing 737-700 (winglets),1998,26,narrowbody,0,143,927.5307689689373,911,0
KL,KLM,BZV,FIH,Congo (Kinshasa),Africa,737,Boeing 737-700,1998,26,narrowbody,0,143,25.951973785032795,28,1
KL,KLM,BZV,FIH,Congo (Kinshasa),Africa,738,Boeing 737-800,1998,26,narrowbody,0,162,25.951973785032795,28,1
KL,KLM,BZV,NBO,Kenya,Africa,738,Boeing 737-800,1998,26,narrowbody,0,162,2428.9667473891986,128,1
KL,KLM,CAE,ATL,United States,North America,M88,McDonnell Douglas MD-88,1987,37,narrowbody,0,150,307.5885579580446,911,0
KL,KLM,CAE,ATL,United States,North America,319,Airbus A319,1996,28,narrowbody,0,124,307.5885579580446,911,0
KL,KLM,CAE,ATL,United States,North America,CRJ,Bombardier CRJ-200,1992,32,regional_jet,0,50,307.5885579580446,911,0
KL,KLM,CAE,ATL,United States,North America,717,Boeing 717,1999,25,narrowbody,0,106,307.5885579580446,911,0
KL,KLM,CAI,AMS,Netherlands,Europe,777,Boeing 777-200,1995,29,widebody,1,314,3287.3047301588963,450,0
KL,KLM,CAK,ATL,United States,North America,M88,McDonnell Douglas MD-88,1987,37,narrowbody,0,150,851.3024186481874,911,0
KL,KLM,CAK,ATL,United States,North America,CR9,Bombardier CRJ-900,2003,21,regional_jet,0,90,851.3024186481874,911,0
KL,KLM,CAN,AMS,Netherlands,Europe,330,Airbus A330,1994,30,widebody,1,277,9139.746236339948,450,0
KL,KLM,CAN,HGH,China,Asia,321,Airbus A321,1994,30,narrowbody,0,185,1038.3567130001134,254,0
KL,KLM,CAN,HGH,China,Asia,772,Boeing 777-200,1995,29,widebody,1,314,1038.3567130001134,254,0
KL,KLM,CAN,HGH,China,Asia,738,Boeing 737-800,1998,26,narrowbody,0,162,1038.3567130001134,254,0
KL,KLM,CAN,HGH,China,Asia,333,Airbus A330-300,1994,30,widebody,1,277,1038.3567130001134,254,0
KL,KLM,CDG,ABV,Nigeria,Africa,330,Airbus A330,1994,30,widebody,1,277,4470.1300128505545,30,1
KL,KLM,CDG,ALG,Algeria,Africa,319,Airbus A319,1996,28,narrowbody,0,124,1371.1796814652766,88,1
KL,KLM,CDG,AMS,Netherlands,Europe,737,Boeing 737-700,1998,26,narrowbody,0,143,398.26978308829587,450,0
KL,KLM,CDG,CMN,Morocco,Africa,320,Airbus A320,1988,36,narrowbody,0,150,1931.5200365397375,125,1
KL,KLM,CDG,CMN,Morocco,Africa,319,Airbus A319,1996,28,narrowbody,0,124,1931.5200365397375,125,1
KL,KLM,CDG,DLA,Cameroon,Africa,777,Boeing 777-200,1995,29,widebody,1,314,5050.440136843446,47,1
KL,KLM,CDG,EZE,Argentina,South America,777,Boeing 777-200,1995,29,widebody,1,314,11100.502241842161,74,0
KL,KLM,CDG,NIM,Niger,Africa,330,Airbus A330,1994,30,widebody,1,277,3951.043036916402,17,1
KL,KLM,CDG,PUJ,Dominican Republic,North America,747,Boeing 747-400,1989,35,widebody,1,416,7078.846790853881,70,0
KL,KLM,CDG,ROB,Liberia,Africa,330,Airbus A330,1994,30,widebody,1,277,4909.505255184979,16,1
KL,KLM,CEI,BKK,Thailand,Asia,320,Airbus A320,1988,36,narrowbody,0,150,703.3573400896196,330,0
KL,KLM,CFE,AMS,Netherlands,Europe,ERJ,Embraer ERJ (family),1996,28,regional_jet,0,50,734.4065638802323,450,0
KL,KLM,CGK,KUL,Malaysia,Asia,777,Boeing 777-200,1995,29,widebody,1,314,1128.9978262171885,257,0
KL,KLM,CGK,SYD,Australia,Oceania,330,Airbus A330,1994,30,widebody,1,277,5518.921520003282,202,0
KL,KLM,CGN,AMS,Netherlands,Europe,F70,Fokker 70,1994,30,regional_jet,0,79,229.64139338097598,450,0
KL,KLM,CGO,CTU,China,Asia,320,Airbus A320,1988,36,narrowbody,0,150,1025.0271024559281,323,0
KL,KLM,CGO,HRB,China,Asia,320,Airbus A320,1988,36,narrowbody,0,150,1620.6789354214616,130,0
KL,KLM,CHA,ATL,United States,North America,CRJ,Bombardier CRJ-200,1992,32,regional_jet,0,50,171.04902083897997,911,0
KL,KLM,CHO,ATL,United States,North America,CRJ,Bombardier CRJ-200,1992,32,regional_jet,0,50,734.755638156895,911,0
KL,KLM,CHS,ATL,United States,North America,73W,Boeing 737-700 (winglets),1998,26,narrowbody,0,143,416.06300813054,911,0
KL,KLM,CHS,ATL,United States,North America,M88,McDonnell Douglas MD-88,1987,37,narrowbody,0,150,416.06300813054,911,0
KL,KLM,CHS,ATL,United States,North America,319,Airbus A319,1996,28,narrowbody,0,124,416.06300813054,911,0
KL,KLM,CID,ATL,United States,North America,CRJ,Bombardier CRJ-200,1992,32,regional_jet,0,50,1117.5025110844736,911,0
KL,KLM,CID,ATL,United States,North America,CR9,Bombardier CRJ-900,2003,21,regional_jet,0,90,1117.5025110844736,911,0
KL,KLM,CLE,ATL,United States,North America,M88,McDonnell Douglas MD-88,1987,37,narrowbody,0,150,893.8160893493864,911,0
KL,KLM,CLE,ATL,United States,North America,717,Boeing 717,1999,25,narrowbody,0,106,893.8160893493864,911,0
KL,KLM,CLE,ATL,United States,North America,CR9,Bombardier CRJ-900,2003,21,regional_jet,0,90,893.8160893493864,911,0
KL,KLM,CLT,ATL,United States,North America,M90,McDonnell Douglas MD-90,1995,29,narrowbody,0,158,364.56708046971005,911,0
KL,KLM,CLT,ATL,United States,North America,M88,McDonnell Douglas MD-88,1987,37,narrowbody,0,150,364.56708046971005,911,0
KL,KLM,CMH,ATL,United States,North America,M88,McDonnell Douglas MD-88,1987,37,narrowbody,0,150,720.4056053118145,911,0
KL,KLM,CMH,ATL,United States,North America,73W,Boeing 737-700 (winglets),1998,26,narrowbody,0,143,720.4056053118145,911,0
KL,KLM,CMH,ATL,United States,North America,738,Boeing 737-800,1998,26,narrowbody,0,162,720.4056053118145,911,0
KL,KLM,CMH,ATL,United States,North America,319,Airbus A319,1996,28,narrowbody,0,124,720.4056053118145,911,0
KL,KLM,CMN,CDG,France,Europe,320,Airbus A320,1988,36,narrowbody,0,150,1931.5200365397375,517,0
KL,KLM,CMN,CDG,France,Europe,319,Airbus A319,1996,28,narrowbody,0,124,1931.5200365397375,517,0
KL,KLM,CNF,GRU,Brazil,South America,738,Boeing 737-800,1998,26,narrowbody,0,162,496.4652198254494,194,0
KL,KLM,CNX,BKK,Thailand,Asia,320,Airbus A320,1988,36,narrowbody,0,150,596.7081267163255,330,0
KL,KLM,COS,ATL,United States,North America,738,Boeing 737-800,1998,26,narrowbody,0,162,1902.5379334175639,911,0
KL,KLM,CPH,AMS,Netherlands,Europe,737,Boeing 737-700,1998,26,narrowbody,0,143,633.3847297968675,450,0
KL,KLM,CPH,AMS,Netherlands,Europe,EMJ,Embraer E-Jet (family),2004,20,regional_jet,0,88,633.3847297968675,450,0
KL,KLM,CPT,AMS,Netherlands,Europe,777,Boeing 777-200,1995,29,widebody,1,314,9687.086601226734,450,0
KL,KLM,CRW,ATL,United States,North America,CRJ,Bombardier CRJ-200,1992,32,regional_jet,0,50,585.0668999383439,911,0
KL,KLM,CSG,ATL,United States,North America,CRJ,Bombardier CRJ-200,1992,32,regional_jet,0,50,133.36375513525203,911,0
KL,KLM,CTU,AMS,Netherlands,Europe,74M,Boeing 747-400M Combi,1989,35,widebody,1,290,7942.059893052347,450,0
KL,KLM,CTU,CGO,China,Asia,32S,Airbus A320 family,1988,36,narrowbody,0,150,1025.0271024559281,174,0
KL,KLM,CTU,HGH,China,Asia,320,Airbus A320,1988,36,narrowbody,0,150,1580.222375387982,254,0
KL,KLM,CTU,KMG,China,Asia,737,Boeing 737-700,1998,26,narrowbody,0,143,617.1225240511029,272,0
KL,KLM,CTU,KWL,China,Asia,737,Boeing 737-700,1998,26,narrowbody,0,143,844.4688372455315,107,0
KL,KLM,CTU,TNA,China,Asia,32S,Airbus A320 family,1988,36,narrowbody,0,150,1409.9498649266511,135,0
KL,KLM,CTU,XIY,China,Asia,32S,Airbus A320 family,1988,36,narrowbody,0,150,622.7660519319492,280,0
KL,KLM,CUN,ATL,United States,North America,757,Boeing 757-200,1983,41,narrowbody,0,200,1421.6576140193617,911,0
KL,KLM,CUN,ATL,United States,North America,320,Airbus A320,1988,36,narrowbody,0,150,1421.6576140193617,911,0
KL,KLM,CUN,ATL,United States,North America,M88,McDonnell Douglas MD-88,1987,37,narrowbody,0,150,1421.6576140193617,911,0
KL,KLM,CUN,MEX,Mexico,North America,767,Boeing 767-300,1986,38,widebody,1,218,1284.3579889788325,242,0
KL,KLM,CUR,AMS,Netherlands,Europe,747,Boeing 747-400,1989,35,widebody,1,416,7834.076985561088,450,0
KL,KLM,CVG,ATL,United States,North America,M88,McDonnell Douglas MD-88,1987,37,narrowbody,0,150,602.1803007933798,911,0
KL,KLM,CVG,ATL,United States,North America,738,Boeing 737-800,1998,26,narrowbody,0,162,602.1803007933798,911,0
KL,KLM,CVG,ATL,United States,North America,319,Airbus A319,1996,28,narrowbody,0,124,602.1803007933798,911,0
KL,KLM,CWB,GIG,Brazil,South America,73G,Boeing 737-700,1998,26,narrowbody,0,143,672.7076560933596,96,0
KL,KLM,CWB,MGF,Brazil,South America,738,Boeing 737-800,1998,26,narrowbody,0,162,366.4131218278355,10,0
KL,KLM,CWL,AMS,Netherlands,Europe,F70,Fokker 70,1994,30,regional_jet,0,79,565.6728897758495,450,0
KL,KLM,CZM,ATL,United States,North America,319,Airbus A319,1996,28,narrowbody,0,124,1478.8966111789432,911,0
KL,KLM,CZM,ATL,United States,North America,M88,McDonnell Douglas MD-88,1987,37,narrowbody,0,150,1478.8966111789432,911,0
KL,KLM,DAB,ATL,United States,North America,M90,McDonnell Douglas MD-90,1995,29,narrowbody,0,158,589.7126936511381,911,0
KL,KLM,DAB,ATL,United States,North America,M88,McDonnell Douglas MD-88,1987,37,narrowbody,0,150,589.7126936511381,911,0
KL,KLM,DAL,ATL,United States,North America,CRJ,Bombardier CRJ-200,1992,32,regional_jet,0,50,1158.026383400293,911,0
KL,KLM,DAR,AMS,Netherlands,Europe,330,Airbus A330,1994,30,widebody,1,277,7345.027996432526,450,0
KL,KLM,DAY,ATL,United States,North America,M88,McDonnell Douglas MD-88,1987,37,narrowbody,0,150,696.9614585702037,911,0
KL,KLM,DCA,ATL,United States,North America,M90,McDonnell Douglas MD-90,1995,29,narrowbody,0,158,880.0933329876362,911,0
KL,KLM,DCA,ATL,United States,North America,M88,McDonnell Douglas MD-88,1987,37,narrowbody,0,150,880.0933329876362,911,0
KL,KLM,DEL,AMS,Netherlands,Europe,330,Airbus A330,1994,30,widebody,1,277,6363.4543046227445,450,0
KL,KLM,DEN,ATL,United States,North America,757,Boeing 757-200,1983,41,narrowbody,0,200,1926.6178297784163,911,0
KL,KLM,DEN,ATL,United States,North America,M90,McDonnell Douglas MD-90,1995,29,narrowbody,0,158,1926.6178297784163,911,0
KL,KLM,DFW,AMS,Netherlands,Europe,330,Airbus A330,1994,30,widebody,1,277,7900.1050379532035,450,0
KL,KLM,DFW,ATL,United States,North America,M88,McDonnell Douglas MD-88,1987,37,narrowbody,0,150,1174.5318236036762,911,0
KL,KLM,DFW,ATL,United States,North America,319,Airbus A319,1996,28,narrowbody,0,124,1174.5318236036762,911,0
KL,KLM,DHN,ATL,United States,North America,CRJ,Bombardier CRJ-200,1992,32,regional_jet,0,50,274.7080703306349,911,0
KL,KLM,DLA,CDG,France,Europe,772,Boeing 777-200,1995,29,widebody,1,314,5050.440136843446,517,0
KL,KLM,DLA,SSG,Equatorial Guinea,Africa,772,Boeing 777-200,1995,29,widebody,1,314,115.54960968348738,14,1
KL,KLM,DLC,HGH,China,Asia,32S,Airbus A320 family,1988,36,narrowbody,0,150,976.6473994833113,254,0
KL,KLM,DMM,AMS,Netherlands,Europe,330,Airbus A330,1994,30,widebody,1,277,4704.766546321854,450,0
KL,KLM,DMM,KWI,Kuwait,Asia,330,Airbus A330,1994,30,widebody,1,277,355.24122441604146,119,0
KL,KLM,DOH,AMS,Netherlands,Europe,330,Airbus A330,1994,30,widebody,1,277,4923.0923048828745,450,0
KL,KLM,DOH,MCT,Oman,Asia,330,Airbus A330,1994,30,widebody,1,277,701.1240796001057,104,0
KL,KLM,DPS,SIN,Singapore,Asia,777,Boeing 777-200,1995,29,widebody,1,314,1671.4978147647741,412,0
KL,KLM,DSM,ATL,United States,North America,M88,McDonnell Douglas MD-88,1987,37,narrowbody,0,150,1195.7717645356188,911,0
KL,KLM,DSM,ATL,United States,North America,CR7,Bombardier CRJ-700,2001,23,regional_jet,0,70,1195.7717645356188,911,0
KL,KLM,DSM,ATL,United States,North America,CR9,Bombardier CRJ-900,2003,21,regional_jet,0,90,1195.7717645356188,911,0
KL,KLM,DTW,AMS,Netherlands,Europe,777,Boeing 777-200,1995,29,widebody,1,314,6323.604543778478,450,0
KL,KLM,DTW,AMS,Netherlands,Europe,330,Airbus A330,1994,30,widebody,1,277,6323.604543778478,450,0
KL,KLM,DTW,AMS,Netherlands,Europe,76W,Boeing 767-300ER (winglets),1988,36,widebody,1,218,6323.604543778478,450,0
KL,KLM,DTW,ATL,United States,North America,M88,McDonnell Douglas MD-88,1987,37,narrowbody,0,150,958.1975913594938,911,0
KL,KLM,DTW,ATL,United States,North America,73H,Boeing 737-800 (winglets),1998,26,narrowbody,0,162,958.1975913594938,911,0
KL,KLM,DTW,ATL,United States,North America,757,Boeing 757-200,1983,41,narrowbody,0,200,958.1975913594938,911,0
KL,KLM,DTW,ATL,United States,North America,320,Airbus A320,1988,36,narrowbody,0,150,958.1975913594938,911,0
KL,KLM,DTW,ATL,United States,North America,738,Boeing 737-800,1998,26,narrowbody,0,162,958.1975913594938,911,0
KL,KLM,DTW,ATL,United States,North America,739,Boeing 737-900,2001,23,narrowbody,0,177,958.1975913594938,911,0
KL,KLM,DTW,FRA,Germany,Europe,767,Boeing 767-300,1986,38,widebody,1,218,6679.276367548189,493,0
KL,KLM,DTW,LHR,United Kingdom,Europe,76W,Boeing 767-300ER (winglets),1988,36,widebody,1,218,6044.490630285334,524,0
KL,KLM,DTW,LHR,United Kingdom,Europe,777,Boeing 777-200,1995,29,widebody,1,314,6044.490630285334,524,0
KL,KLM,DTW,MSY,United States,North America,319,Airbus A319,1996,28,narrowbody,0,124,1492.2718862170027,125,0
KL,KLM,DTW,MSY,United States,North America,CR7,Bombardier CRJ-700,2001,23,regional_jet,0,70,1492.2718862170027,125,0
KL,KLM,DUB,ATL,United States,North America,76W,Boeing 767-300ER (winglets),1988,36,widebody,1,218,6322.9025137978815,911,0
KL,KLM,DUB,JFK,United States,North America,757,Boeing 757-200,1983,41,narrowbody,0,200,5103.022720109331,455,0
KL,KLM,DUS,AMS,Netherlands,Europe,F70,Fokker 70,1994,30,regional_jet,0,79,178.34350321770083,450,0
KL,KLM,DUS,ATL,United States,North America,76W,Boeing 767-300ER (winglets),1988,36,widebody,1,218,7236.381003970272,911,0
KL,KLM,DXB,AMS,Netherlands,Europe,777,Boeing 777-200,1995,29,widebody,1,314,5168.637033505627,450,0
KL,KLM,DXB,NBO,Kenya,Africa,767,Boeing 767-300,1986,38,widebody,1,218,3559.2472269940745,128,1
KL,KLM,DZA,HAH,Comoros,Africa,737,Boeing 737-700,1998,26,narrowbody,0,143,260.12835210541937,10,1
KL,KLM,DZA,HAH,Comoros,Africa,73W,Boeing 737-700 (winglets),1998,26,narrowbody,0,143,260.12835210541937,10,1
KL,KLM,EBB,AMS,Netherlands,Europe,330,Airbus A330,1994,30,widebody,1,277,6357.961135112927,450,0
KL,KLM,ECP,ATL,United States,North America,717,Boeing 717,1999,25,narrowbody,0,106,386.78515770925776,911,0
KL,KLM,ECP,ATL,United States,North America,M88,McDonnell Douglas MD-88,1987,37,narrowbody,0,150,386.78515770925776,911,0
KL,KLM,ECP,ATL,United States,North America,CR9,Bombardier CRJ-900,2003,21,regional_jet,0,90,386.78515770925776,911,0
KL,KLM,EDI,AMS,Netherlands,Europe,737,Boeing 737-700,1998,26,narrowbody,0,143,666.3630877198766,450,0
KL,KLM,EDI,AMS,Netherlands,Europe,EMJ,Embraer E-Jet (family),2004,20,regional_jet,0,88,666.3630877198766,450,0
KL,KLM,ELP,ATL,United States,North America,M88,McDonnell Douglas MD-88,1987,37,narrowbody,0,150,2059.5544231171243,911,0
KL,KLM,EVV,ATL,United States,North America,CRJ,Bombardier CRJ-200,1992,32,regional_jet,0,50,563.5671813013649,911,0
KL,KLM,EWN,ATL,United States,North America,CRJ,Bombardier CRJ-200,1992,32,regional_jet,0,50,696.3169163964745,911,0
KL,KLM,EWR,AMS,Netherlands,Europe,76W,Boeing 767-300ER (winglets),1988,36,widebody,1,218,5868.462476691518,450,0
KL,KLM,EWR,ATL,United States,North America,717,Boeing 717,1999,25,narrowbody,0,106,1199.316353924153,911,0
KL,KLM,EWR,ATL,United States,North America,319,Airbus A319,1996,28,narrowbody,0,124,1199.316353924153,911,0
KL,KLM,EYW,ATL,United States,North America,73W,Boeing 737-700 (winglets),1998,26,narrowbody,0,143,1042.3425917786137,911,0
KL,KLM,EZE,AMS,Netherlands,Europe,777,Boeing 777-200,1995,29,widebody,1,314,11462.164173328149,450,0
KL,KLM,EZE,CDG,France,Europe,772,Boeing 777-200,1995,29,widebody,1,314,11100.502241842161,517,0
KL,KLM,EZE,FTE,Argentina,South America,737,Boeing 737-700,1998,26,narrowbody,0,143,2037.5353134631782,4,0
KL,KLM,EZE,MVD,Uruguay,South America,772,Boeing 777-200,1995,29,widebody,1,314,228.64265544934918,23,0
KL,KLM,EZE,SCL,Chile,South America,777,Boeing 777-200,1995,29,widebody,1,314,1138.232482040029,79,0
KL,KLM,FAY,ATL,United States,North America,CRJ,Bombardier CRJ-200,1992,32,regional_jet,0,50,531.2309701068226,911,0
KL,KLM,FBM,NBO,Kenya,Africa,E90,Embraer 190,2005,19,regional_jet,0,100,1542.5890079407725,128,1
KL,KLM,FBM,NLA,Zambia,Africa,EMJ,Embraer E-Jet (family),2004,20,regional_jet,0,88,199.11850108336932,10,1
KL,KLM,FBM,NLA,Zambia,Africa,E90,Embraer 190,2005,19,regional_jet,0,100,199.11850108336932,10,1
KL,KLM,FCO,AMS,Netherlands,Europe,737,Boeing 737-700,1998,26,narrowbody,0,143,1296.8207683725336,450,0
KL,KLM,FCO,ATL,United States,North America,333,Airbus A330-300,1994,30,widebody,1,277,8085.346591570423,911,0
KL,KLM,FIH,BZV,Congo (Brazzaville),Africa,737,Boeing 737-700,1998,26,narrowbody,0,143,25.951973785032795,26,1
KL,KLM,FIH,BZV,Congo (Brazzaville),Africa,738,Boeing 737-800,1998,26,narrowbody,0,162,25.951973785032795,26,1
KL,KLM,FIH,NBO,Kenya,Africa,738,Boeing 737-800,1998,26,narrowbody,0,162,2409.7862383976094,128,1
KL,KLM,FLL,ATL,United States,North America,757,Boeing 757-200,1983,41,narrowbody,0,200,936.441360903343,911,0
KL,KLM,FLR,AMS,Netherlands,Europe,EMJ,Embraer E-Jet (family),2004,20,regional_jet,0,88,1058.3305796033385,450,0
KL,KLM,FNA,CDG,France,Europe,332,Airbus A330-200,1998,26,widebody,1,247,4726.079795267049,517,0
KL,KLM,FNT,ATL,United States,North America,M88,McDonnell Douglas MD-88,1987,37,narrowbody,0,150,1039.0115901398274,911,0
KL,KLM,FRA,AMS,Netherlands,Europe,EMJ,Embraer E-Jet (family),2004,20,regional_jet,0,88,366.5732483892517,450,0
KL,KLM,FRA,AMS,Netherlands,Europe,F70,Fokker 70,1994,30,regional_jet,0,79,366.5732483892517,450,0
KL,KLM,FRA,ATL,United States,North America,764,Boeing 767-400,2000,24,widebody,1,245,7409.649808022339,911,0
KL,KLM,FRA,DTW,United States,North America,767,Boeing 767-300,1986,38,widebody,1,218,6679.276367548189,217,0
KL,KLM,FRA,JFK,United States,North America,76W,Boeing 767-300ER (winglets),1988,36,widebody,1,218,6189.4376979800945,455,0
KL,KLM,FSM,ATL,United States,North America,CRJ,Bombardier CRJ-200,1992,32,regional_jet,0,50,929.9351484718937,911,0
KL,KLM,FTE,USH,Argentina,South America,737,Boeing 737-700,1998,26,narrowbody,0,143,567.2026020729382,6,0
KL,KLM,FUK,AMS,Netherlands,Europe,777,Boeing 777-200,1995,29,widebody,1,314,9108.685769445146,450,0
KL,KLM,FWA,ATL,United States,North America,CRJ,Bombardier CRJ-200,1992,32,regional_jet,0,50,819.1739529373724,911,0
KL,KLM,GDL,ATL,United States,North America,320,Airbus A320,1988,36,narrowbody,0,150,2363.848835053403,911,0
KL,KLM,GIG,AMS,Netherlands,Europe,777,Boeing 777-200,1995,29,widebody,1,314,9559.690674011958,450,0
KL,KLM,GIG,CWB,Brazil,South America,737,Boeing 737-700,1998,26,narrowbody,0,143,672.7076560933596,43,0
KL,KLM,GLA,AMS,Netherlands,Europe,737,Boeing 737-700,1998,26,narrowbody,0,143,717.9564741660641,450,0
KL,KLM,GLA,AMS,Netherlands,Europe,EMJ,Embraer E-Jet (family),2004,20,regional_jet,0,88,717.9564741660641,450,0
KL,KLM,GNV,ATL,United States,North America,CR9,Bombardier CRJ-900,2003,21,regional_jet,0,90,483.9359906282761,911,0
KL,KLM,GNV,ATL,United States,North America,CR7,Bombardier CRJ-700,2001,23,regional_jet,0,70,483.9359906282761,911,0
KL,KLM,GOT,AMS,Netherlands,Europe,EMJ,Embraer E-Jet (family),2004,20,regional_jet,0,88,763.5361314519819,450,0
KL,KLM,GPT,ATL,United States,North America,M88,McDonnell Douglas MD-88,1987,37,narrowbody,0,150,565.9744945565579,911,0
KL,KLM,GPT,ATL,United States,North America,CRJ,Bombardier CRJ-200,1992,32,regional_jet,0,50,565.9744945565579,911,0
KL,KLM,GPT,ATL,United States,North America,CR7,Bombardier CRJ-700,2001,23,regional_jet,0,70,565.9744945565579,911,0
KL,KLM,GRB,ATL,United States,North America,CR9,Bombardier CRJ-900,2003,21,regional_jet,0,90,1247.5339721419944,911,0
KL,KLM,GRB,ATL,United States,North America,CR7,Bombardier CRJ-700,2001,23,regional_jet,0,70,1247.5339721419944,911,0
KL,KLM,GRK,ATL,United States,North America,CR9,Bombardier CRJ-900,2003,21,regional_jet,0,90,1289.7897422212989,911,0
KL,KLM,GRK,ATL,United States,North America,CR7,Bombardier CRJ-700,2001,23,regional_jet,0,70,1289.7897422212989,911,0
KL,KLM,GRR,ATL,United States,North America,320,Airbus A320,1988,36,narrowbody,0,150,1032.303554138231,911,0
KL,KLM,GRR,ATL,United States,North America,717,Boeing 717,1999,25,narrowbody,0,106,1032.303554138231,911,0
KL,KLM,GRR,ATL,United States,North America,M88,McDonnell Douglas MD-88,1987,37,narrowbody,0,150,1032.303554138231,911,0
KL,KLM,GRR,ATL,United States,North America,319,Airbus A319,1996,28,narrowbody,0,124,1032.303554138231,911,0
KL,KLM,GRU,AMS,Netherlands,Europe,777,Boeing 777-200,1995,29,widebody,1,314,9774.916161113497,450,0
KL,KLM,GSO,ATL,United States,North America,CR7,Bombardier CRJ-700,2001,23,regional_jet,0,70,492.6065324161367,911,0
KL,KLM,GSO,ATL,United States,North America,M88,McDonnell Douglas MD-88,1987,37,narrowbody,0,150,492.6065324161367,911,0
KL,KLM,GSP,ATL,United States,North America,CR7,Bombardier CRJ-700,2001,23,regional_jet,0,70,246.5917792704738,911,0
KL,KLM,GSP,ATL,United States,North America,319,Airbus A319,1996,28,narrowbody,0,124,246.5917792704738,911,0
KL,KLM,GSP,ATL,United States,North America,717,Boeing 717,1999,25,narrowbody,0,106,246.5917792704738,911,0
KL,KLM,GSP,ATL,United States,North America,M88,McDonnell Douglas MD-88,1987,37,narrowbody,0,150,246.5917792704738,911,0
KL,KLM,GSP,ATL,United States,North America,CRJ,Bombardier CRJ-200,1992,32,regional_jet,0,50,246.5917792704738,911,0
KL,KLM,GTR,ATL,United States,North America,CRJ,Bombardier CRJ-200,1992,32,regional_jet,0,50,386.3731483179377,911,0
KL,KLM,GVA,AMS,Netherlands,Europe,737,Boeing 737-700,1998,26,narrowbody,0,143,681.9930525136963,450,0
KL,KLM,GVA,AMS,Netherlands,Europe,F70,Fokker 70,1994,30,regional_jet,0,79,681.9930525136963,450,0
KL,KLM,GVA,AMS,Netherlands,Europe,EMJ,Embraer E-Jet (family),2004,20,regional_jet,0,88,681.9930525136963,450,0
KL,KLM,GYE,AMS,Netherlands,Europe,777,Boeing 777-200,1995,29,widebody,1,314,9834.202532693362,450,0
KL,KLM,HAH,NBO,Kenya,Africa,73W,Boeing 737-700 (winglets),1998,26,narrowbody,0,143,1334.194203899568,128,1
KL,KLM,HAJ,AMS,Netherlands,Europe,EMJ,Embraer E-Jet (family),2004,20,regional_jet,0,88,334.35820320484294,450,0
KL,KLM,HAJ,AMS,Netherlands,Europe,F70,Fokker 70,1994,30,regional_jet,0,79,334.35820320484294,450,0
KL,KLM,HAK,HGH,China,Asia,32S,Airbus A320 family,1988,36,narrowbody,0,150,1521.3673152057308,254,0
KL,KLM,HAM,AMS,Netherlands,Europe,737,Boeing 737-700,1998,26,narrowbody,0,143,379.356902650655,450,0
KL,KLM,HAM,AMS,Netherlands,Europe,EMJ,Embraer E-Jet (family),2004,20,regional_jet,0,88,379.356902650655,450,0
KL,KLM,HAV,AMS,Netherlands,Europe,330,Airbus A330,1994,30,widebody,1,277,7818.904715732038,450,0
KL,KLM,HEL,AMS,Netherlands,Europe,737,Boeing 737-700,1998,26,narrowbody,0,143,1521.3038023878014,450,0
KL,KLM,HGH,AMS,Netherlands,Europe,777,Boeing 777-200,1995,29,widebody,1,314,8922.029905866984,450,0
KL,KLM,HGH,CAN,China,Asia,321,Airbus A321,1994,30,narrowbody,0,185,1038.3567130001134,336,0
KL,KLM,HGH,CAN,China,Asia,772,Boeing 777-200,1995,29,widebody,1,314,1038.3567130001134,336,0
KL,KLM,HGH,CGQ,China,Asia,320,Airbus A320,1988,36,narrowbody,0,150,1599.127936721877,67,0
KL,KLM,HGH,CTU,China,Asia,320,Airbus A320,1988,36,narrowbody,0,150,1580.222375387982,323,0
KL,KLM,HGH,DLC,China,Asia,321,Airbus A321,1994,30,narrowbody,0,185,976.6473994833113,143,0
KL,KLM,HGH,HAK,China,Asia,320,Airbus A320,1988,36,narrowbody,0,150,1521.3673152057308,107,0
KL,KLM,HGH,HRB,China,Asia,320,Airbus A320,1988,36,narrowbody,0,150,1784.8543801315056,130,0
KL,KLM,HGH,KWL,China,Asia,738,Boeing 737-800,1998,26,narrowbody,0,162,1164.2879828889186,107,0
KL,KLM,HGH,LHW,China,Asia,757,Boeing 757-200,1983,41,narrowbody,0,200,1707.449035720045,84,0
KL,KLM,HGH,SHE,China,Asia,321,Airbus A321,1994,30,narrowbody,0,185,1297.8745895944999,136,0
KL,KLM,HGH,SYX,China,Asia,321,Airbus A321,1994,30,narrowbody,0,185,1731.8163808579234,109,0
KL,KLM,HGH,SZX,China,Asia,321,Airbus A321,1994,30,narrowbody,0,185,1070.506891604702,233,0
KL,KLM,HGH,SZX,China,Asia,320,Airbus A320,1988,36,narrowbody,0,150,1070.506891604702,233,0
KL,KLM,HGH,TAO,China,Asia,738,Boeing 737-800,1998,26,narrowbody,0,162,671.2626571877584,188,0
KL,KLM,HKG,AMS,Netherlands,Europe,74M,Boeing 747-400M Combi,1989,35,widebody,1,290,9274.42511429256,450,0
KL,KLM,HKT,BKK,Thailand,Asia,32S,Airbus A320 family,1988,36,narrowbody,0,150,673.5405578080735,330,0
KL,KLM,HKT,BKK,Thailand,Asia,320,Airbus A320,1988,36,narrowbody,0,150,673.5405578080735,330,0
KL,KLM,HNL,ATL,United States,North America,333,Airbus A330-300,1994,30,widebody,1,277,7233.925149073076,911,0
KL,KLM,HNL,LAX,United States,North America,757,Boeing 757-200,1983,41,narrowbody,0,200,4108.224323399246,498,0
KL,KLM,HOU,ATL,United States,North America,M88,McDonnell Douglas MD-88,1987,37,narrowbody,0,150,1118.1808444819833,911,0
KL,KLM,HPN,ATL,United States,North America,CR7,Bombardier CRJ-700,2001,23,regional_jet,0,70,1255.4471146665528,911,0
KL,KLM,HRB,CGO,China,Asia,32S,Airbus A320 family,1988,36,narrowbody,0,150,1620.6789354214616,174,0
KL,KLM,HRB,HGH,China,Asia,32S,Airbus A320 family,1988,36,narrowbody,0,150,1784.8543801315056,254,0
KL,KLM,HRE,LUN,Zambia,Africa,330,Airbus A330,1994,30,widebody,1,277,403.4300993732306,33,1
KL,KLM,HRE,NBO,Kenya,Africa,E90,Embraer 190,2005,19,regional_jet,0,100,1954.056875444751,128,1
KL,KLM,HSV,ATL,United States,North America,717,Boeing 717,1999,25,narrowbody,0,106,242.96364002557888,911,0
KL,KLM,HSV,ATL,United States,North America,CRJ,Bombardier CRJ-200,1992,32,regional_jet,0,50,242.96364002557888,911,0
KL,KLM,HUY,AMS,Netherlands,Europe,F70,Fokker 70,1994,30,regional_jet,0,79,370.40267180023915,450,0
KL,KLM,IAD,AMS,Netherlands,Europe,330,Airbus A330,1994,30,widebody,1,277,6207.09604718788,450,0
KL,KLM,IAD,ATL,United States,North America,M88,McDonnell Douglas MD-88,1987,37,narrowbody,0,150,859.0311610793252,911,0
KL,KLM,IAD,ATL,United States,North America,320,Airbus A320,1988,36,narrowbody,0,150,859.0311610793252,911,0
KL,KLM,IAH,AMS,Netherlands,Europe,74M,Boeing 747-400M Combi,1989,35,widebody,1,290,8049.292070451206,450,0
KL,KLM,IAH,ATL,United States,North America,M88,McDonnell Douglas MD-88,1987,37,narrowbody,0,150,1107.5625747320166,911,0
KL,KLM,IAH,ATL,United States,North America,717,Boeing 717,1999,25,narrowbody,0,106,1107.5625747320166,911,0
KL,KLM,IAH,ATL,United States,North America,319,Airbus A319,1996,28,narrowbody,0,124,1107.5625747320166,911,0
KL,KLM,ICN,AMS,Netherlands,Europe,74M,Boeing 747-400M Combi,1989,35,widebody,1,290,8551.981935056037,450,0
KL,KLM,ICN,AMS,Netherlands,Europe,330,Airbus A330,1994,30,widebody,1,277,8551.981935056037,450,0
KL,KLM,ICT,ATL,United States,North America,CR7,Bombardier CRJ-700,2001,23,regional_jet,0,70,1255.6787625519178,911,0
KL,KLM,ICT,ATL,United States,North America,CR9,Bombardier CRJ-900,2003,21,regional_jet,0,90,1255.6787625519178,911,0
KL,KLM,ILM,ATL,United States,North America,CRJ,Bombardier CRJ-200,1992,32,regional_jet,0,50,605.8847963590904,911,0
KL,KLM,IND,ATL,United States,North America,M88,McDonnell Douglas MD-88,1987,37,narrowbody,0,150,696.265301572822,911,0
KL,KLM,IND,ATL,United States,North America,320,Airbus A320,1988,36,narrowbody,0,150,696.265301572822,911,0
KL,KLM,ISB,AUH,United Arab Emirates,Asia,320,Airbus A320,1988,36,narrowbody,0,150,2035.787032131996,236,0
KL,KLM,ISB,AUH,United Arab Emirates,Asia,332,Airbus A330-200,1998,26,widebody,1,247,2035.787032131996,236,0
KL,KLM,IST,AMS,Netherlands,Europe,737,Boeing 737-700,1998,26,narrowbody,0,143,2183.7578098809613,450,0
KL,KLM,JAN,ATL,United States,North America,717,Boeing 717,1999,25,narrowbody,0,106,546.9875906917429,911,0
KL,KLM,JAN,ATL,United States,North America,CR9,Bombardier CRJ-900,2003,21,regional_jet,0,90,546.9875906917429,911,0
KL,KLM,JAN,ATL,United States,North America,CRJ,Bombardier CRJ-200,1992,32,regional_jet,0,50,546.9875906917429,911,0
KL,KLM,JAX,ATL,United States,North America,757,Boeing 757-200,1983,41,narrowbody,0,200,434.4457415223961,911,0
KL,KLM,JFK,AMS,Netherlands,Europe,330,Airbus A330,1994,30,widebody,1,277,5847.522914962934,450,0
KL,KLM,JFK,AMS,Netherlands,Europe,777,Boeing 777-200,1995,29,widebody,1,314,5847.522914962934,450,0
KL,KLM,JFK,AMS,Netherlands,Europe,74M,Boeing 747-400M Combi,1989,35,widebody,1,290,5847.522914962934,450,0
KL,KLM,JFK,AMS,Netherlands,Europe,747,Boeing 747-400,1989,35,widebody,1,416,5847.522914962934,450,0
KL,KLM,JFK,ATL,United States,North America,319,Airbus A319,1996,28,narrowbody,0,124,1222.0934389187266,911,0
KL,KLM,JFK,ATL,United States,North America,738,Boeing 737-800,1998,26,narrowbody,0,162,1222.0934389187266,911,0
KL,KLM,JFK,ATL,United States,North America,752,Boeing 757-200,1983,41,narrowbody,0,200,1222.0934389187266,911,0
KL,KLM,JFK,ATL,United States,North America,M88,McDonnell Douglas MD-88,1987,37,narrowbody,0,150,1222.0934389187266,911,0
KL,KLM,JFK,BCN,Spain,Europe,330,Airbus A330,1994,30,widebody,1,277,6150.227182054505,392,0
KL,KLM,JFK,BRU,Belgium,Europe,76W,Boeing 767-300ER (winglets),1988,36,widebody,1,218,5885.511434329618,315,0
KL,KLM,JFK,DUB,Ireland,Europe,757,Boeing 757-200,1983,41,narrowbody,0,200,5103.022720109331,207,0
KL,KLM,JFK,FRA,Germany,Europe,76W,Boeing 767-300ER (winglets),1988,36,widebody,1,218,6189.4376979800945,493,0
KL,KLM,JFK,LHR,United Kingdom,Europe,767,Boeing 767-300,1986,38,widebody,1,218,5539.644065388658,524,0
KL,KLM,JFK,LHR,United Kingdom,Europe,76W,Boeing 767-300ER (winglets),1988,36,widebody,1,218,5539.644065388658,524,0
KL,KLM,JFK,MAD,Spain,Europe,767,Boeing 767-300,1986,38,widebody,1,218,5762.180228596245,331,0
KL,KLM,JFK,MSY,United States,North America,CR9,Bombardier CRJ-900,2003,21,regional_jet,0,90,1901.489710510044,125,0
KL,KLM,JIB,ADD,Ethiopia,Africa,EMJ,Embraer E-Jet (family),2004,20,regional_jet,0,88,556.0424132011303,109,1
KL,KLM,JIB,ADD,Ethiopia,Africa,E90,Embraer 190,2005,19,regional_jet,0,100,556.0424132011303,109,1
KL,KLM,JIB,NBO,Kenya,Africa,E90,Embraer 190,2005,19,regional_jet,0,100,1587.8196198301914,128,1
KL,KLM,JNB,AMS,Netherlands,Europe,777,Boeing 777-200,1995,29,widebody,1,314,9017.297925665249,450,0
KL,KLM,JNU,KTN,United States,North America,737,Boeing 737-700,1998,26,narrowbody,0,143,376.0986169509312,22,0
KL,KLM,JRO,DAR,Tanzania,Africa,330,Airbus A330,1994,30,widebody,1,277,450.09084581371485,32,1
KL,KLM,KBP,AMS,Netherlands,Europe,737,Boeing 737-700,1998,26,narrowbody,0,143,1818.6476502874061,450,0
KL,KLM,KBP,TBS,Georgia,Asia,73G,Boeing 737-700,1998,26,narrowbody,0,143,1448.1821971503136,35,0
KL,KLM,KCH,KUL,Malaysia,Asia,738,Boeing 737-800,1998,26,narrowbody,0,162,969.9026595297668,257,0
KL,KLM,KCH,MYY,Malaysia,Asia,738,Boeing 737-800,1998,26,narrowbody,0,162,512.7424391715575,24,0
KL,KLM,KGL,BJM,Burundi,Africa,EMJ,Embraer E-Jet (family),2004,20,regional_jet,0,88,176.1537340831755,14,1
KL,KLM,KGL,BJM,Burundi,Africa,E70,Embraer 170,2004,20,regional_jet,0,76,176.1537340831755,14,1
KL,KLM,KGL,EBB,Uganda,Africa,330,Airbus A330,1994,30,widebody,1,277,340.0194792797979,33,1
KL,KLM,KGL,NBO,Kenya,Africa,E70,Embraer 170,2004,20,regional_jet,0,76,757.9567739118683,128,1
KL,KLM,KHH,SIN,Singapore,Asia,737,Boeing 737-700,1998,26,narrowbody,0,143,2948.6378102916233,412,0
KL,KLM,KIN,PTY,Panama,North America,EMJ,Embraer E-Jet (family),2004,20,regional_jet,0,88,1024.7643136934,106,0
KL,KLM,KIX,AMS,Netherlands,Europe,777,Boeing 777-200,1995,29,widebody,1,314,9241.280475310807,450,0
KL,KLM,KMG,CTU,China,Asia,737,Boeing 737-700,1998,26,narrowbody,0,143,617.1225240511029,323,0
KL,KLM,KRS,AMS,Netherlands,Europe,EMJ,Embraer E-Jet (family),2004,20,regional_jet,0,88,688.3109979128823,450,0
KL,KLM,KRS,AMS,Netherlands,Europe,F70,Fokker 70,1994,30,regional_jet,0,79,688.3109979128823,450,0
KL,KLM,KTN,SEA,United States,North America,734,Boeing 737-400,1988,36,narrowbody,0,150,1092.770297270906,202,0
KL,KLM,KTN,SIT,United States,North America,737,Boeing 737-700,1998,26,narrowbody,0,143,293.68815155034554,3,0
KL,KLM,KUL,AMS,Netherlands,Europe,777,Boeing 777-200,1995,29,widebody,1,314,10236.638950503195,450,0
KL,KLM,KUL,CGK,Indonesia,Asia,777,Boeing 777-200,1995,29,widebody,1,314,1128.9978262171885,182,0
KL,KLM,KUL,KCH,Malaysia,Asia,737,Boeing 737-700,1998,26,narrowbody,0,143,969.9026595297668,26,0
KL,KLM,KWI,AMS,Netherlands,Europe,330,Airbus A330,1994,30,widebody,1,277,4355.279554852435,450,0
KL,KLM,KWI,DMM,Saudi Arabia,Asia,330,Airbus A330,1994,30,widebody,1,277,355.24122441604146,82,0
KL,KLM,KWL,CTU,China,Asia,738,Boeing 737-800,1998,26,narrowbody,0,162,844.4688372455315,323,0
KL,KLM,KWL,HGH,China,Asia,737,Boeing 737-700,1998,26,narrowbody,0,143,1164.2879828889186,254,0
KL,KLM,KWL,NNG,China,Asia,738,Boeing 737-800,1998,26,narrowbody,0,162,346.72821921681026,114,0
KL,KLM,LAD,AMS,Netherlands,Europe,330,Airbus A330,1994,30,widebody,1,277,6849.247456178081,450,0
KL,KLM,LAS,ATL,United States,North America,757,Boeing 757-200,1983,41,narrowbody,0,200,2804.8279085707227,911,0
KL,KLM,LAX,AMS,Netherlands,Europe,74M,Boeing 747-400M Combi,1989,35,widebody,1,290,8955.950701058966,450,0
KL,KLM,LAX,AMS,Netherlands,Europe,747,Boeing 747-400,1989,35,widebody,1,416,8955.950701058966,450,0
KL,KLM,LAX,ATL,United States,North America,757,Boeing 757-200,1983,41,narrowbody,0,200,3125.7765263601914,911,0
KL,KLM,LAX,KOA,United States,North America,757,Boeing 757-200,1983,41,narrowbody,0,200,4025.6334506307953,21,0
KL,KLM,LAX,MSP,United States,North America,757,Boeing 757-200,1983,41,narrowbody,0,200,2467.294174878977,212,0
KL,KLM,LAX,MSP,United States,North America,753,Boeing 757-300,1999,25,narrowbody,0,243,2467.294174878977,212,0
KL,KLM,LAX,MSY,United States,North America,319,Airbus A319,1996,28,narrowbody,0,124,2682.8549846796186,125,0
KL,KLM,LAX,OGG,United States,North America,757,Boeing 757-200,1983,41,narrowbody,0,200,3995.4137126880964,42,0
KL,KLM,LBA,AMS,Netherlands,Europe,F70,Fokker 70,1994,30,regional_jet,0,79,462.4637095460506,450,0
KL,KLM,LBA,AMS,Netherlands,Europe,EMJ,Embraer E-Jet (family),2004,20,regional_jet,0,88,462.4637095460506,450,0
KL,KLM,LCA,AMS,Netherlands,Europe,32S,Airbus A320 family,1988,36,narrowbody,0,150,2991.626555939989,450,0
KL,KLM,LCY,RTM,Netherlands,Europe,F50,Fokker 50,1987,37,turboprop,0,56,305.8797704436695,33,0
KL,KLM,LED,AMS,Netherlands,Europe,737,Boeing 737-700,1998,26,narrowbody,0,143,1773.433362116531,450,0
KL,KLM,LEX,ATL,United States,North America,CR9,Bombardier CRJ-900,2003,21,regional_jet,0,90,489.49747598534117,911,0
KL,KLM,LEX,ATL,United States,North America,CRJ,Bombardier CRJ-200,1992,32,regional_jet,0,50,489.49747598534117,911,0
KL,KLM,LFT,ATL,United States,North America,CRJ,Bombardier CRJ-200,1992,32,regional_jet,0,50,808.7514007543349,911,0
KL,KLM,LGA,ATL,United States,North America,757,Boeing 757-200,1983,41,narrowbody,0,200,1224.8675556123217,911,0
KL,KLM,LGA,ATL,United States,North America,M88,McDonnell Douglas MD-88,1987,37,narrowbody,0,150,1224.8675556123217,911,0
KL,KLM,LGA,ATL,United States,North America,73W,Boeing 737-700 (winglets),1998,26,narrowbody,0,143,1224.8675556123217,911,0
KL,KLM,LHE,AUH,United Arab Emirates,Asia,346,Airbus A340-600,2002,22,widebody,1,326,2089.6278084484798,236,0
KL,KLM,LHE,AUH,United Arab Emirates,Asia,77W,Boeing 777-300ER,2004,20,widebody,1,365,2089.6278084484798,236,0
KL,KLM,LHE,AUH,United Arab Emirates,Asia,320,Airbus A320,1988,36,narrowbody,0,150,2089.6278084484798,236,0
KL,KLM,LHR,AMS,Netherlands,Europe,737,Boeing 737-700,1998,26,narrowbody,0,143,370.44882883109955,450,0
KL,KLM,LHR,AMS,Netherlands,Europe,F70,Fokker 70,1994,30,regional_jet,0,79,370.44882883109955,450,0
KL,KLM,LHR,AMS,Netherlands,Europe,EMJ,Embraer E-Jet (family),2004,20,regional_jet,0,88,370.44882883109955,450,0
KL,KLM,LHR,ATL,United States,North America,764,Boeing 767-400,2000,24,widebody,1,245,6760.763839225036,911,0
KL,KLM,LHR,ATL,United States,North America,77L,Boeing 777-200LR,2006,18,widebody,1,317,6760.763839225036,911,0
KL,KLM,LHR,ATL,United States,North America,76W,Boeing 767-300ER (winglets),1988,36,widebody,1,218,6760.763839225036,911,0
KL,KLM,LHR,BOS,United States,North America,767,Boeing 767-300,1986,38,widebody,1,218,5239.649725139816,212,0
KL,KLM,LHR,DTW,United States,North America,76W,Boeing 767-300ER (winglets),1988,36,widebody,1,218,6044.490630285334,217,0
KL,KLM,LHR,DTW,United States,North America,777,Boeing 777-200,1995,29,widebody,1,314,6044.490630285334,217,0
KL,KLM,LHR,JFK,United States,North America,76W,Boeing 767-300ER (winglets),1988,36,widebody,1,218,5539.644065388658,455,0
KL,KLM,LHR,JFK,United States,North America,767,Boeing 767-300,1986,38,widebody,1,218,5539.644065388658,455,0
KL,KLM,LHR,MSP,United States,North America,767,Boeing 767-300,1986,38,widebody,1,218,6442.920106923145,212,0
KL,KLM,LHR,SEA,United States,North America,76W,Boeing 767-300ER (winglets),1988,36,widebody,1,218,7702.083240103776,202,0
KL,KLM,LHW,URC,China,Asia,752,Boeing 757-200,1983,41,narrowbody,0,200,1594.3441714830503,153,0
KL,KLM,LIM,AMS,Netherlands,Europe,777,Boeing 777-200,1995,29,widebody,1,314,10519.912771397854,450,0
KL,KLM,LIN,AMS,Netherlands,Europe,737,Boeing 737-700,1998,26,narrowbody,0,143,831.0815977223816,450,0
KL,KLM,LIS,AMS,Netherlands,Europe,737,Boeing 737-700,1998,26,narrowbody,0,143,1846.2971599212935,450,0
KL,KLM,LIT,ATL,United States,North America,M88,McDonnell Douglas MD-88,1987,37,narrowbody,0,150,727.1602851633608,911,0
KL,KLM,LLW,LUN,Zambia,Africa,EMJ,Embraer E-Jet (family),2004,20,regional_jet,0,88,598.4956955326059,33,1
KL,KLM,LLW,LUN,Zambia,Africa,E90,Embraer 190,2005,19,regional_jet,0,100,598.4956955326059,33,1
KL,KLM,LLW,NBO,Kenya,Africa,738,Boeing 737-800,1998,26,narrowbody,0,162,1429.1709689965403,128,1
KL,KLM,LLW,NBO,Kenya,Africa,E90,Embraer 190,2005,19,regional_jet,0,100,1429.1709689965403,128,1
KL,KLM,LOS,AMS,Netherlands,Europe,330,Airbus A330,1994,30,widebody,1,277,5086.793743801909,450,0
KL,KLM,LPI,AMS,Netherlands,Europe,EMJ,Embraer E-Jet (family),2004,20,regional_jet,0,88,965.1998851511536,450,0
KL,KLM,LPI,AMS,Netherlands,Europe,F70,Fokker 70,1994,30,regional_jet,0,79,965.1998851511536,450,0
KL,KLM,LUN,AMS,Netherlands,Europe,330,Airbus A330,1994,30,widebody,1,277,7859.880665866524,450,0
KL,KLM,LUN,HRE,Zimbabwe,Africa,EMJ,Embraer E-Jet (family),2004,20,regional_jet,0,88,403.4300993732306,31,1
KL,KLM,LUN,HRE,Zimbabwe,Africa,E90,Embraer 190,2005,19,regional_jet,0,100,403.4300993732306,31,1
KL,KLM,LUN,LLW,Malawi,Africa,737,Boeing 737-700,1998,26,narrowbody,0,143,598.4956955326059,13,1
KL,KLM,LUN,LLW,Malawi,Africa,EMJ,Embraer E-Jet (family),2004,20,regional_jet,0,88,598.4956955326059,13,1
KL,KLM,LUN,LLW,Malawi,Africa,738,Boeing 737-800,1998,26,narrowbody,0,162,598.4956955326059,13,1
KL,KLM,LUN,LLW,Malawi,Africa,E90,Embraer 190,2005,19,regional_jet,0,100,598.4956955326059,13,1
KL,KLM,LUN,LLW,Malawi,Africa,763,Boeing 767-300,1986,38,widebody,1,218,598.4956955326059,13,1
KL,KLM,LUN,NBO,Kenya,Africa,E90,Embraer 190,2005,19,regional_jet,0,100,1814.4570142237988,128,1
KL,KLM,LUN,NBO,Kenya,Africa,763,Boeing 767-300,1986,38,widebody,1,218,1814.4570142237988,128,1
KL,KLM,LUX,AMS,Netherlands,Europe,F70,Fokker 70,1994,30,regional_jet,0,79,315.1522697339751,450,0
KL,KLM,LUX,AMS,Netherlands,Europe,EMJ,Embraer E-Jet (family),2004,20,regional_jet,0,88,315.1522697339751,450,0
KL,KLM,LVI,HRE,Zimbabwe,Africa,EMJ,Embraer E-Jet (family),2004,20,regional_jet,0,88,557.8305915765613,31,1
KL,KLM,LVI,HRE,Zimbabwe,Africa,E90,Embraer 190,2005,19,regional_jet,0,100,557.8305915765613,31,1
KL,KLM,LYS,AMS,Netherlands,Europe,EMJ,Embraer E-Jet (family),2004,20,regional_jet,0,88,732.3646569525172,450,0
KL,KLM,LYS,AMS,Netherlands,Europe,F70,Fokker 70,1994,30,regional_jet,0,79,732.3646569525172,450,0
KL,KLM,MAD,AMS,Netherlands,Europe,737,Boeing 737-700,1998,26,narrowbody,0,143,1460.6539061079407,450,0
KL,KLM,MAD,ATL,United States,North America,764,Boeing 767-400,2000,24,widebody,1,245,6961.619005812714,911,0
KL,KLM,MAD,JFK,United States,North America,767,Boeing 767-300,1986,38,widebody,1,218,5762.180228596245,455,0
KL,KLM,MAN,AMS,Netherlands,Europe,737,Boeing 737-700,1998,26,narrowbody,0,143,486.7177112070322,450,0
KL,KLM,MAN,AMS,Netherlands,Europe,EMJ,Embraer E-Jet (family),2004,20,regional_jet,0,88,486.7177112070322,450,0
KL,KLM,MAN,AMS,Netherlands,Europe,F70,Fokker 70,1994,30,regional_jet,0,79,486.7177112070322,450,0
KL,KLM,MAN,ATL,United States,North America,76W,Boeing 767-300ER (winglets),1988,36,widebody,1,218,6580.99385905668,911,0
KL,KLM,MAO,GRU,Brazil,South America,737,Boeing 737-700,1998,26,narrowbody,0,143,2697.4628817813104,194,0
KL,KLM,MCI,ATL,United States,North America,M88,McDonnell Douglas MD-88,1987,37,narrowbody,0,150,1113.375497783347,911,0
KL,KLM,MCI,ATL,United States,North America,M90,McDonnell Douglas MD-90,1995,29,narrowbody,0,158,1113.375497783347,911,0
KL,KLM,MCI,ATL,United States,North America,757,Boeing 757-200,1983,41,narrowbody,0,200,1113.375497783347,911,0
KL,KLM,MCO,ATL,United States,North America,757,Boeing 757-200,1983,41,narrowbody,0,200,650.7363446314482,911,0
KL,KLM,MCO,ATL,United States,North America,739,Boeing 737-900,2001,23,narrowbody,0,177,650.7363446314482,911,0
KL,KLM,MCT,DOH,Qatar,Asia,330,Airbus A330,1994,30,widebody,1,277,701.1240796001057,188,0
KL,KLM,MDT,ATL,United States,North America,CRJ,Bombardier CRJ-200,1992,32,regional_jet,0,50,997.1336620358046,911,0
KL,KLM,MDW,ATL,United States,North America,717,Boeing 717,1999,25,narrowbody,0,106,951.9605263942913,911,0
KL,KLM,MDW,ATL,United States,North America,320,Airbus A320,1988,36,narrowbody,0,150,951.9605263942913,911,0
KL,KLM,MDW,ATL,United States,North America,319,Airbus A319,1996,28,narrowbody,0,124,951.9605263942913,911,0
KL,KLM,MEM,ATL,United States,North America,M88,McDonnell Douglas MD-88,1987,37,narrowbody,0,150,532.7925237937135,911,0
KL,KLM,MEM,ATL,United States,North America,320,Airbus A320,1988,36,narrowbody,0,150,532.7925237937135,911,0
KL,KLM,MEX,AMS,Netherlands,Europe,74M,Boeing 747-400M Combi,1989,35,widebody,1,290,9206.284950249841,450,0
KL,KLM,MEX,ATL,United States,North America,73W,Boeing 737-700 (winglets),1998,26,narrowbody,0,143,2143.394505722193,911,0
KL,KLM,MEX,ATL,United States,North America,738,Boeing 737-800,1998,26,narrowbody,0,162,2143.394505722193,911,0
KL,KLM,MEX,ATL,United States,North America,73H,Boeing 737-800 (winglets),1998,26,narrowbody,0,162,2143.394505722193,911,0
KL,KLM,MEX,MTY,Mexico,North America,737,Boeing 737-700,1998,26,narrowbody,0,143,713.164688040111,73,0
KL,KLM,MGF,CWB,Brazil,South America,737,Boeing 737-700,1998,26,narrowbody,0,143,366.4131218278355,43,0
KL,KLM,MGM,ATL,United States,North America,CRJ,Bombardier CRJ-200,1992,32,regional_jet,0,50,236.0132387800246,911,0
KL,KLM,MHT,ATL,United States,North America,320,Airbus A320,1988,36,narrowbody,0,150,1531.067789453141,911,0
KL,KLM,MIA,ATL,United States,North America,757,Boeing 757-200,1983,41,narrowbody,0,200,959.0645602676874,911,0
KL,KLM,MIA,ATL,United States,North America,M88,McDonnell Douglas MD-88,1987,37,narrowbody,0,150,959.0645602676874,911,0
KL,KLM,MIA,ATL,United States,North America,M90,McDonnell Douglas MD-90,1995,29,narrowbody,0,158,959.0645602676874,911,0
KL,KLM,MKE,ATL,United States,North America,M88,McDonnell Douglas MD-88,1987,37,narrowbody,0,150,1078.353344778379,911,0
KL,KLM,MKE,ATL,United States,North America,M90,McDonnell Douglas MD-90,1995,29,narrowbody,0,158,1078.353344778379,911,0
KL,KLM,MLB,ATL,United States,North America,M88,McDonnell Douglas MD-88,1987,37,narrowbody,0,150,713.283052522829,911,0
KL,KLM,MLI,ATL,United States,North America,CR7,Bombardier CRJ-700,2001,23,regional_jet,0,70,1020.0406541073008,911,0
KL,KLM,MLI,ATL,United States,North America,CR9,Bombardier CRJ-900,2003,21,regional_jet,0,90,1020.0406541073008,911,0
KL,KLM,MLU,ATL,United States,North America,CRJ,Bombardier CRJ-200,1992,32,regional_jet,0,50,719.8329698416734,911,0
KL,KLM,MME,AMS,Netherlands,Europe,F70,Fokker 70,1994,30,regional_jet,0,79,477.65797538369566,450,0
KL,KLM,MNL,TPE,Taiwan,Asia,777,Boeing 777-200,1995,29,widebody,1,314,1175.4407491065485,263,0
KL,KLM,MOB,ATL,United States,North America,717,Boeing 717,1999,25,narrowbody,0,106,485.9345770414259,911,0
KL,KLM,MOB,ATL,United States,North America,CR9,Bombardier CRJ-900,2003,21,regional_jet,0,90,485.9345770414259,911,0
KL,KLM,MOB,ATL,United States,North America,CR7,Bombardier CRJ-700,2001,23,regional_jet,0,70,485.9345770414259,911,0
KL,KLM,MOB,ATL,United States,North America,CRJ,Bombardier CRJ-200,1992,32,regional_jet,0,50,485.9345770414259,911,0
KL,KLM,MRS,AMS,Netherlands,Europe,32S,Airbus A320 family,1988,36,narrowbody,0,150,986.8091147715683,450,0
KL,KLM,MSN,ATL,United States,North America,73W,Boeing 737-700 (winglets),1998,26,narrowbody,0,143,1139.5015096744899,911,0
KL,KLM,MSN,ATL,United States,North America,CR7,Bombardier CRJ-700,2001,23,regional_jet,0,70,1139.5015096744899,911,0
KL,KLM,MSN,ATL,United States,North America,320,Airbus A320,1988,36,narrowbody,0,150,1139.5015096744899,911,0
KL,KLM,MSN,ATL,United States,North America,CR9,Bombardier CRJ-900,2003,21,regional_jet,0,90,1139.5015096744899,911,0
KL,KLM,MSP,AMS,Netherlands,Europe,330,Airbus A330,1994,30,widebody,1,277,6684.890022612234,450,0
KL,KLM,MSP,ATL,United States,North America,320,Airbus A320,1988,36,narrowbody,0,150,1459.718127018694,911,0
KL,KLM,MSP,ATL,United States,North America,757,Boeing 757-200,1983,41,narrowbody,0,200,1459.718127018694,911,0
KL,KLM,MSP,ATL,United States,North America,739,Boeing 737-900,2001,23,narrowbody,0,177,1459.718127018694,911,0
KL,KLM,MSP,LAX,United States,North America,757,Boeing 757-200,1983,41,narrowbody,0,200,2467.294174878977,498,0
KL,KLM,MSP,LHR,United Kingdom,Europe,767,Boeing 767-300,1986,38,widebody,1,218,6442.920106923145,524,0
KL,KLM,MSP,MSY,United States,North America,E75,Embraer 175,2005,19,regional_jet,0,88,1675.7693401753959,125,0
KL,KLM,MSP,MSY,United States,North America,CR9,Bombardier CRJ-900,2003,21,regional_jet,0,90,1675.7693401753959,125,0
KL,KLM,MSP,SEA,United States,North America,757,Boeing 757-200,1983,41,narrowbody,0,200,2244.808454894288,202,0
KL,KLM,MSP,SFO,United States,North America,757,Boeing 757-200,1983,41,narrowbody,0,200,2551.388212105805,250,0
KL,KLM,MSY,ATL,United States,North America,757,Boeing 757-200,1983,41,narrowbody,0,200,683.5719060307287,911,0
KL,KLM,MSY,ATL,United States,North America,M90,McDonnell Douglas MD-90,1995,29,narrowbody,0,158,683.5719060307287,911,0
KL,KLM,MSY,ATL,United States,North America,M88,McDonnell Douglas MD-88,1987,37,narrowbody,0,150,683.5719060307287,911,0
KL,KLM,MSY,DTW,United States,North America,319,Airbus A319,1996,28,narrowbody,0,124,1492.2718862170027,217,0
KL,KLM,MSY,DTW,United States,North America,CR9,Bombardier CRJ-900,2003,21,regional_jet,0,90,1492.2718862170027,217,0
KL,KLM,MSY,DTW,United States,North America,CR7,Bombardier CRJ-700,2001,23,regional_jet,0,70,1492.2718862170027,217,0
KL,KLM,MSY,DTW,United States,North America,M88,McDonnell Douglas MD-88,1987,37,narrowbody,0,150,1492.2718862170027,217,0
KL,KLM,MSY,JFK,United States,North America,CR9,Bombardier CRJ-900,2003,21,regional_jet,0,90,1901.489710510044,455,0
KL,KLM,MSY,LAX,United States,North America,319,Airbus A319,1996,28,narrowbody,0,124,2682.8549846796186,498,0
KL,KLM,MTY,ATL,United States,North America,CR9,Bombardier CRJ-900,2003,21,regional_jet,0,90,1745.2431573265299,911,0
KL,KLM,MUC,AMS,Netherlands,Europe,737,Boeing 737-700,1998,26,narrowbody,0,143,664.166274486877,450,0
KL,KLM,MUC,ATL,United States,North America,764,Boeing 767-400,2000,24,widebody,1,245,7701.967004873525,911,0
KL,KLM,MVD,EZE,Argentina,South America,777,Boeing 777-200,1995,29,widebody,1,314,228.64265544934918,74,0
KL,KLM,MYR,ATL,United States,North America,CR7,Bombardier CRJ-700,2001,23,regional_jet,0,70,508.99139141477025,911,0
KL,KLM,MYR,ATL,United States,North America,CR9,Bombardier CRJ-900,2003,21,regional_jet,0,90,508.99139141477025,911,0
KL,KLM,MYR,ATL,United States,North America,717,Boeing 717,1999,25,narrowbody,0,106,508.99139141477025,911,0
KL,KLM,MYR,ATL,United States,North America,319,Airbus A319,1996,28,narrowbody,0,124,508.99139141477025,911,0
KL,KLM,MYY,KCH,Malaysia,Asia,737,Boeing 737-700,1998,26,narrowbody,0,143,512.7424391715575,26,0
KL,KLM,NBO,ADD,Ethiopia,Africa,EMJ,Embraer E-Jet (family),2004,20,regional_jet,0,88,1163.6126187686227,109,1
KL,KLM,NBO,AMS,Netherlands,Europe,747,Boeing 747-400,1989,35,widebody,1,416,6677.440108755572,450,0
KL,KLM,NBO,BJM,Burundi,Africa,EMJ,Embraer E-Jet (family),2004,20,regional_jet,0,88,874.2742104146854,14,1
KL,KLM,NBO,BZV,Congo (Brazzaville),Africa,737,Boeing 737-700,1998,26,narrowbody,0,143,2428.9667473891986,26,1
KL,KLM,NBO,DXB,United Arab Emirates,Asia,767,Boeing 767-300,1986,38,widebody,1,218,3559.2472269940745,354,0
KL,KLM,NBO,DZA,Mayotte,Africa,737,Boeing 737-700,1998,26,narrowbody,0,143,1574.08941437622,15,1
KL,KLM,NBO,FBM,Congo (Kinshasa),Africa,EMJ,Embraer E-Jet (family),2004,20,regional_jet,0,88,1542.5890079407725,10,1
KL,KLM,NBO,FIH,Congo (Kinshasa),Africa,737,Boeing 737-700,1998,26,narrowbody,0,143,2409.7862383976094,28,1
KL,KLM,NBO,HRE,Zimbabwe,Africa,767,Boeing 767-300,1986,38,widebody,1,218,1954.056875444751,31,1
KL,KLM,NBO,JIB,Djibouti,Africa,EMJ,Embraer E-Jet (family),2004,20,regional_jet,0,88,1587.8196198301914,17,1
KL,KLM,NBO,KGL,Rwanda,Africa,EMJ,Embraer E-Jet (family),2004,20,regional_jet,0,88,757.9567739118683,38,1
KL,KLM,NBO,LLW,Malawi,Africa,EMJ,Embraer E-Jet (family),2004,20,regional_jet,0,88,1429.1709689965403,13,1
KL,KLM,NBO,LUN,Zambia,Africa,EMJ,Embraer E-Jet (family),2004,20,regional_jet,0,88,1814.4570142237988,33,1
KL,KLM,NBO,LUN,Zambia,Africa,737,Boeing 737-700,1998,26,narrowbody,0,143,1814.4570142237988,33,1
KL,KLM,NBO,LVI,Zambia,Africa,EMJ,Embraer E-Jet (family),2004,20,regional_jet,0,88,2199.682768799108,7,1
KL,KLM,NBO,NLA,Zambia,Africa,EMJ,Embraer E-Jet (family),2004,20,regional_jet,0,88,1585.7081006069025,10,1
KL,KLM,NCE,AMS,Netherlands,Europe,737,Boeing 737-700,1998,26,narrowbody,0,143,978.8644304917758,450,0
KL,KLM,NCE,AMS,Netherlands,Europe,EMJ,Embraer E-Jet (family),2004,20,regional_jet,0,88,978.8644304917758,450,0
KL,KLM,NCL,AMS,Netherlands,Europe,EMJ,Embraer E-Jet (family),2004,20,regional_jet,0,88,522.0648662062601,450,0
KL,KLM,NCL,AMS,Netherlands,Europe,737,Boeing 737-700,1998,26,narrowbody,0,143,522.0648662062601,450,0
KL,KLM,NIM,CDG,France,Europe,332,Airbus A330-200,1998,26,widebody,1,247,3951.043036916402,517,0
KL,KLM,NIM,OUA,Burkina Faso,Africa,332,Airbus A330-200,1998,26,widebody,1,247,419.75653188291676,33,1
KL,KLM,NKG,CGQ,China,Asia,319,Airbus A319,1996,28,narrowbody,0,124,1487.0688180684285,67,0
KL,KLM,NLA,FBM,Congo (Kinshasa),Africa,EMJ,Embraer E-Jet (family),2004,20,regional_jet,0,88,199.11850108336932,10,1
KL,KLM,NLA,FBM,Congo (Kinshasa),Africa,E90,Embraer 190,2005,19,regional_jet,0,100,199.11850108336932,10,1
KL,KLM,NLA,NBO,Kenya,Africa,E90,Embraer 190,2005,19,regional_jet,0,100,1585.7081006069025,128,1
KL,KLM,NNG,KWL,China,Asia,737,Boeing 737-700,1998,26,narrowbody,0,143,346.72821921681026,107,0
KL,KLM,NRT,AMS,Netherlands,Europe,74M,Boeing 747-400M Combi,1989,35,widebody,1,290,9318.780897640585,450,0
KL,KLM,NRT,AMS,Netherlands,Europe,747,Boeing 747-400,1989,35,widebody,1,416,9318.780897640585,450,0
KL,KLM,NRT,AMS,Netherlands,Europe,777,Boeing 777-200,1995,29,widebody,1,314,9318.780897640585,450,0
KL,KLM,NTE,AMS,Netherlands,Europe,ERJ,Embraer ERJ (family),1996,28,regional_jet,0,50,733.2666987433632,450,0
KL,KLM,NUE,AMS,Netherlands,Europe,F70,Fokker 70,1994,30,regional_jet,0,79,541.596141487955,450,0
KL,KLM,NUE,AMS,Netherlands,Europe,EMJ,Embraer E-Jet (family),2004,20,regional_jet,0,88,541.596141487955,450,0
KL,KLM,NWI,AMS,Netherlands,Europe,F70,Fokker 70,1994,30,regional_jet,0,79,239.16805300948855,450,0
KL,KLM,OAJ,ATL,United States,North America,CRJ,Bombardier CRJ-200,1992,32,regional_jet,0,50,640.3389285403601,911,0
KL,KLM,OGG,LAX,United States,North America,757,Boeing 757-200,1983,41,narrowbody,0,200,3995.4137126880964,498,0
KL,KLM,OKC,ATL,United States,North America,CR9,Bombardier CRJ-900,2003,21,regional_jet,0,90,1221.6451687396157,911,0
KL,KLM,OKC,ATL,United States,North America,M88,McDonnell Douglas MD-88,1987,37,narrowbody,0,150,1221.6451687396157,911,0
KL,KLM,OMA,ATL,United States,North America,CR7,Bombardier CRJ-700,2001,23,regional_jet,0,70,1321.0472363918216,911,0
KL,KLM,OMA,ATL,United States,North America,M88,McDonnell Douglas MD-88,1987,37,narrowbody,0,150,1321.0472363918216,911,0
KL,KLM,ORD,AMS,Netherlands,Europe,74M,Boeing 747-400M Combi,1989,35,widebody,1,290,6611.863040774068,450,0
KL,KLM,ORD,ATL,United States,North America,717,Boeing 717,1999,25,narrowbody,0,106,976.3278291656196,911,0
KL,KLM,ORD,ATL,United States,North America,M88,McDonnell Douglas MD-88,1987,37,narrowbody,0,150,976.3278291656196,911,0
KL,KLM,ORD,ATL,United States,North America,319,Airbus A319,1996,28,narrowbody,0,124,976.3278291656196,911,0
KL,KLM,ORF,ATL,United States,North America,M90,McDonnell Douglas MD-90,1995,29,narrowbody,0,158,829.7069492609256,911,0
KL,KLM,ORF,ATL,United States,North America,M88,McDonnell Douglas MD-88,1987,37,narrowbody,0,150,829.7069492609256,911,0
KL,KLM,ORF,ATL,United States,North America,319,Airbus A319,1996,28,narrowbody,0,124,829.7069492609256,911,0
KL,KLM,OSL,AMS,Netherlands,Europe,737,Boeing 737-700,1998,26,narrowbody,0,143,950.6942179581326,450,0
KL,KLM,OSL,AMS,Netherlands,Europe,EMJ,Embraer E-Jet (family),2004,20,regional_jet,0,88,950.6942179581326,450,0
KL,KLM,OTP,AMS,Netherlands,Europe,737,Boeing 737-700,1998,26,narrowbody,0,143,1783.2036914779626,450,0
KL,KLM,OUA,NIM,Niger,Africa,330,Airbus A330,1994,30,widebody,1,277,419.75653188291676,17,1
KL,KLM,PBI,ATL,United States,North America,M90,McDonnell Douglas MD-90,1995,29,narrowbody,0,158,877.9982503333684,911,0
KL,KLM,PBI,ATL,United States,North America,757,Boeing 757-200,1983,41,narrowbody,0,200,877.9982503333684,911,0
KL,KLM,PBM,AMS,Netherlands,Europe,747,Boeing 747-400,1989,35,widebody,1,416,7524.421351829014,450,0
KL,KLM,PDX,AMS,Netherlands,Europe,330,Airbus A330,1994,30,widebody,1,277,8028.813813667273,450,0
KL,KLM,PDX,ATL,United States,North America,739,Boeing 737-900,2001,23,narrowbody,0,177,3489.1612400893214,911,0
KL,KLM,PDX,ATL,United States,North America,738,Boeing 737-800,1998,26,narrowbody,0,162,3489.1612400893214,911,0
KL,KLM,PDX,ATL,United States,North America,73H,Boeing 737-800 (winglets),1998,26,narrowbody,0,162,3489.1612400893214,911,0
KL,KLM,PEK,AMS,Netherlands,Europe,74M,Boeing 747-400M Combi,1989,35,widebody,1,290,7827.099974197516,450,0
KL,KLM,PHC,ABV,Nigeria,Africa,330,Airbus A330,1994,30,widebody,1,277,445.1590343192692,30,1
KL,KLM,PHC,ABV,Nigeria,Africa,332,Airbus A330-200,1998,26,widebody,1,247,445.1590343192692,30,1
KL,KLM,PHF,ATL,United States,North America,CRJ,Bombardier CRJ-200,1992,32,regional_jet,0,50,817.2204221283627,911,0
KL,KLM,PHL,ATL,United States,North America,M90,McDonnell Douglas MD-90,1995,29,narrowbody,0,158,1071.592953109364,911,0
KL,KLM,PHL,ATL,United States,North America,320,Airbus A320,1988,36,narrowbody,0,150,1071.592953109364,911,0
KL,KLM,PHL,ATL,United States,North America,M88,McDonnell Douglas MD-88,1987,37,narrowbody,0,150,1071.592953109364,911,0
KL,KLM,PHL,ATL,United States,North America,73H,Boeing 737-800 (winglets),1998,26,narrowbody,0,162,1071.592953109364,911,0
KL,KLM,PHX,ATL,United States,North America,757,Boeing 757-200,1983,41,narrowbody,0,200,2549.081233958843,911,0
KL,KLM,PIA,ATL,United States,North America,CRJ,Bombardier CRJ-200,1992,32,regional_jet,0,50,909.7134603806975,911,0
KL,KLM,PIT,ATL,United States,North America,M88,McDonnell Douglas MD-88,1987,37,narrowbody,0,150,847.9783528811499,911,0
KL,KLM,PIT,ATL,United States,North America,CR9,Bombardier CRJ-900,2003,21,regional_jet,0,90,847.9783528811499,911,0
KL,KLM,PNS,ATL,United States,North America,M90,McDonnell Douglas MD-90,1995,29,narrowbody,0,158,437.3380279892479,911,0
KL,KLM,PRG,AMS,Netherlands,Europe,EMJ,Embraer E-Jet (family),2004,20,regional_jet,0,88,705.0079806538921,450,0
KL,KLM,PRG,AMS,Netherlands,Europe,F70,Fokker 70,1994,30,regional_jet,0,79,705.0079806538921,450,0
KL,KLM,PRG,AMS,Netherlands,Europe,737,Boeing 737-700,1998,26,narrowbody,0,143,705.0079806538921,450,0
KL,KLM,PSP,SFO,United States,North America,737,Boeing 737-700,1998,26,narrowbody,0,143,676.6021367108787,250,0
KL,KLM,PTY,AMS,Netherlands,Europe,777,Boeing 777-200,1995,29,widebody,1,314,8813.471024440509,450,0
KL,KLM,PTY,SJO,Costa Rica,North America,737,Boeing 737-700,1998,26,narrowbody,0,143,538.9808414561131,73,0
KL,KLM,PUJ,SDQ,Dominican Republic,North America,747,Boeing 747-400,1989,35,widebody,1,416,138.51268223893422,48,0
KL,KLM,PUJ,SDQ,Dominican Republic,North America,744,Boeing 747-400,1989,35,widebody,1,416,138.51268223893422,48,0
KL,KLM,PVD,ATL,United States,North America,M88,McDonnell Douglas MD-88,1987,37,narrowbody,0,150,1453.4222437163291,911,0
KL,KLM,PVG,AMS,Netherlands,Europe,74M,Boeing 747-400M Combi,1989,35,widebody,1,290,8910.452347531333,450,0
KL,KLM,PVG,AMS,Netherlands,Europe,747,Boeing 747-400,1989,35,widebody,1,416,8910.452347531333,450,0
KL,KLM,PVR,ATL,United States,North America,757,Boeing 757-200,1983,41,narrowbody,0,200,2505.7144732166253,911,0
KL,KLM,RDU,ATL,United States,North America,M88,McDonnell Douglas MD-88,1987,37,narrowbody,0,150,572.24839306195,911,0
KL,KLM,RDU,ATL,United States,North America,M90,McDonnell Douglas MD-90,1995,29,narrowbody,0,158,572.24839306195,911,0
KL,KLM,RIC,ATL,United States,North America,M88,McDonnell Douglas MD-88,1987,37,narrowbody,0,150,773.1799646136883,911,0
KL,KLM,RIC,ATL,United States,North America,73H,Boeing 737-800 (winglets),1998,26,narrowbody,0,162,773.1799646136883,911,0
KL,KLM,RIX,AMS,Netherlands,Europe,737,Boeing 737-700,1998,26,narrowbody,0,143,1333.237625434954,450,0
KL,KLM,ROA,ATL,United States,North America,CRJ,Bombardier CRJ-200,1992,32,regional_jet,0,50,575.0017892715338,911,0
KL,KLM,ROB,FNA,Sierra Leone,Africa,330,Airbus A330,1994,30,widebody,1,277,409.5954725444466,22,1
KL,KLM,ROB,FNA,Sierra Leone,Africa,332,Airbus A330-200,1998,26,widebody,1,247,409.5954725444466,22,1
KL,KLM,ROC,ATL,United States,North America,M90,McDonnell Douglas MD-90,1995,29,narrowbody,0,158,1206.6707367402778,911,0
KL,KLM,ROC,ATL,United States,North America,M88,McDonnell Douglas MD-88,1987,37,narrowbody,0,150,1206.6707367402778,911,0
KL,KLM,RSW,ATL,United States,North America,M90,McDonnell Douglas MD-90,1995,29,narrowbody,0,158,830.2624833138959,911,0
KL,KLM,RSW,ATL,United States,North America,M88,McDonnell Douglas MD-88,1987,37,narrowbody,0,150,830.2624833138959,911,0
KL,KLM,RTM,LCY,United Kingdom,Europe,F50,Fokker 50,1987,37,turboprop,0,56,305.8797704436695,66,0
KL,KLM,SAN,ATL,United States,North America,763,Boeing 767-300,1986,38,widebody,1,218,3037.6832293226093,911,0
KL,KLM,SAN,ATL,United States,North America,739,Boeing 737-900,2001,23,narrowbody,0,177,3037.6832293226093,911,0
KL,KLM,SAT,ATL,United States,North America,757,Boeing 757-200,1983,41,narrowbody,0,200,1404.6983915857159,911,0
KL,KLM,SAT,ATL,United States,North America,M90,McDonnell Douglas MD-90,1995,29,narrowbody,0,158,1404.6983915857159,911,0
KL,KLM,SAV,ATL,United States,North America,717,Boeing 717,1999,25,narrowbody,0,106,344.8008765372291,911,0
KL,KLM,SAV,ATL,United States,North America,M88,McDonnell Douglas MD-88,1987,37,narrowbody,0,150,344.8008765372291,911,0
KL,KLM,SAV,ATL,United States,North America,319,Airbus A319,1996,28,narrowbody,0,124,344.8008765372291,911,0
KL,KLM,SBN,ATL,United States,North America,CRJ,Bombardier CRJ-200,1992,32,regional_jet,0,50,912.7658333008968,911,0
KL,KLM,SCL,EZE,Argentina,South America,777,Boeing 777-200,1995,29,widebody,1,314,1138.232482040029,74,0
KL,KLM,SDF,ATL,United States,North America,M88,McDonnell Douglas MD-88,1987,37,narrowbody,0,150,518.1191694134917,911,0
KL,KLM,SDQ,CDG,France,Europe,744,Boeing 747-400,1989,35,widebody,1,416,7185.09924483064,517,0
KL,KLM,SEA,AMS,Netherlands,Europe,330,Airbus A330,1994,30,widebody,1,277,7839.998609322037,450,0
KL,KLM,SEA,ATL,United States,North America,76W,Boeing 767-300ER (winglets),1988,36,widebody,1,218,3504.977057741039,911,0
KL,KLM,SEA,ATL,United States,North America,763,Boeing 767-300,1986,38,widebody,1,218,3504.977057741039,911,0
KL,KLM,SEA,HNL,United States,North America,753,Boeing 757-300,1999,25,narrowbody,0,243,4307.910295959235,115,0
KL,KLM,SEA,KTN,United States,North America,737,Boeing 737-700,1998,26,narrowbody,0,143,1092.770297270906,22,0
KL,KLM,SEA,LHR,United Kingdom,Europe,76W,Boeing 767-300ER (winglets),1988,36,widebody,1,218,7702.083240103776,524,0
KL,KLM,SFO,AMS,Netherlands,Europe,747,Boeing 747-400,1989,35,widebody,1,416,8785.520879749067,450,0
KL,KLM,SFO,ATL,United States,North America,763,Boeing 767-300,1986,38,widebody,1,218,3434.718035567292,911,0
KL,KLM,SFO,ATL,United States,North America,757,Boeing 757-200,1983,41,narrowbody,0,200,3434.718035567292,911,0
KL,KLM,SFO,HNL,United States,North America,753,Boeing 757-300,1999,25,narrowbody,0,243,3856.886814313166,115,0
KL,KLM,SFO,SEA,United States,North America,734,Boeing 737-400,1988,36,narrowbody,0,150,1093.0595602394144,202,0
KL,KLM,SGF,ATL,United States,North America,CRJ,Bombardier CRJ-200,1992,32,regional_jet,0,50,904.9730602758367,911,0
KL,KLM,SHE,HGH,China,Asia,32S,Airbus A320 family,1988,36,narrowbody,0,150,1297.8745895944999,254,0
KL,KLM,SHE,XIY,China,Asia,32S,Airbus A320 family,1988,36,narrowbody,0,150,1514.6229573363103,280,0
KL,KLM,SHV,ATL,United States,North America,CRJ,Bombardier CRJ-200,1992,32,regional_jet,0,50,885.5733939633427,911,0
KL,KLM,SIN,AMS,Netherlands,Europe,777,Boeing 777-200,1995,29,widebody,1,314,10513.913470946381,450,0
KL,KLM,SIN,DPS,Indonesia,Asia,777,Boeing 777-200,1995,29,widebody,1,314,1671.4978147647741,101,0
KL,KLM,SIT,JNU,United States,North America,737,Boeing 737-700,1998,26,narrowbody,0,143,152.74323956168433,20,0
KL,KLM,SJC,ATL,United States,North America,738,Boeing 737-800,1998,26,narrowbody,0,162,3397.642005873093,911,0
KL,KLM,SJD,ATL,United States,North America,73W,Boeing 737-700 (winglets),1998,26,narrowbody,0,143,2724.9558282904604,911,0
KL,KLM,SJD,ATL,United States,North America,738,Boeing 737-800,1998,26,narrowbody,0,162,2724.9558282904604,911,0
KL,KLM,SJO,GUA,Guatemala,North America,73G,Boeing 737-700,1998,26,narrowbody,0,143,855.227161932307,40,0
KL,KLM,SJO,PTY,Panama,North America,E90,Embraer 190,2005,19,regional_jet,0,100,538.9808414561131,106,0
KL,KLM,SJO,TGU,Honduras,North America,738,Boeing 737-800,1998,26,narrowbody,0,162,558.1284779217157,18,0
KL,KLM,SJU,ATL,United States,North America,73H,Boeing 737-800 (winglets),1998,26,narrowbody,0,162,2490.942451680013,911,0
KL,KLM,SJU,ATL,United States,North America,757,Boeing 757-200,1983,41,narrowbody,0,200,2490.942451680013,911,0
KL,KLM,SJU,ATL,United States,North America,753,Boeing 757-300,1999,25,narrowbody,0,243,2490.942451680013,911,0
KL,KLM,SLC,ATL,United States,North America,763,Boeing 767-300,1986,38,widebody,1,218,2553.6041879707514,911,0
KL,KLM,SLC,ATL,United States,North America,757,Boeing 757-200,1983,41,narrowbody,0,200,2553.6041879707514,911,0
KL,KLM,SLC,ATL,United States,North America,738,Boeing 737-800,1998,26,narrowbody,0,162,2553.6041879707514,911,0
KL,KLM,SLC,LAX,United States,North America,757,Boeing 757-200,1983,41,narrowbody,0,200,949.3163049513378,498,0
KL,KLM,SLZ,BEL,Brazil,South America,737,Boeing 737-700,1998,26,narrowbody,0,143,490.1255443046495,34,0
KL,KLM,SMF,ATL,United States,North America,757,Boeing 757-200,1983,41,narrowbody,0,200,3359.744794162667,911,0
KL,KLM,SNA,ATL,United States,North America,757,Boeing 757-200,1983,41,narrowbody,0,200,3081.274293568246,911,0
KL,KLM,SRQ,ATL,United States,North America,M90,McDonnell Douglas MD-90,1995,29,narrowbody,0,158,716.7896163540396,911,0
KL,KLM,SSG,DLA,Cameroon,Africa,777,Boeing 777-200,1995,29,widebody,1,314,115.54960968348738,47,1
KL,KLM,STL,ATL,United States,North America,M90,McDonnell Douglas MD-90,1995,29,narrowbody,0,158,779.0051856208637,911,0
KL,KLM,STL,ATL,United States,North America,M88,McDonnell Douglas MD-88,1987,37,narrowbody,0,150,779.0051856208637,911,0
KL,KLM,STL,ATL,United States,North America,319,Airbus A319,1996,28,narrowbody,0,124,779.0051856208637,911,0
KL,KLM,STM,MAO,Brazil,South America,737,Boeing 737-700,1998,26,narrowbody,0,143,588.6187547926974,32,0
KL,KLM,STR,AMS,Netherlands,Europe,EMJ,Embraer E-Jet (family),2004,20,regional_jet,0,88,511.00636085319144,450,0
KL,KLM,STR,AMS,Netherlands,Europe,F70,Fokker 70,1994,30,regional_jet,0,79,511.00636085319144,450,0
KL,KLM,STR,ATL,United States,North America,76W,Boeing 767-300ER (winglets),1988,36,widebody,1,218,7516.640262305393,911,0
KL,KLM,STT,ATL,United States,North America,757,Boeing 757-200,1983,41,narrowbody,0,200,2574.812382968673,911,0
KL,KLM,SVG,AMS,Netherlands,Europe,737,Boeing 737-700,1998,26,narrowbody,0,143,732.3839487296557,450,0
KL,KLM,SVG,AMS,Netherlands,Europe,EMJ,Embraer E-Jet (family),2004,20,regional_jet,0,88,732.3839487296557,450,0
KL,KLM,SVO,AMS,Netherlands,Europe,737,Boeing 737-700,1998,26,narrowbody,0,143,2144.3494751474113,450,0
KL,KLM,SXB,AMS,Netherlands,Europe,ERJ,Embraer ERJ (family),1996,28,regional_jet,0,50,465.6734807856442,450,0
KL,KLM,SXB,AMS,Netherlands,Europe,CRJ,Bombardier CRJ-200,1992,32,regional_jet,0,50,465.6734807856442,450,0
KL,KLM,SXB,AMS,Netherlands,Europe,EMJ,Embraer E-Jet (family),2004,20,regional_jet,0,88,465.6734807856442,450,0
KL,KLM,SXM,CUR,Netherlands Antilles,North America,747,Boeing 747-400,1989,35,widebody,1,416,904.1507660050394,32,0
KL,KLM,SYR,ATL,United States,North America,M88,McDonnell Douglas MD-88,1987,37,narrowbody,0,150,1277.6344706811449,911,0
KL,KLM,SYR,ATL,United States,North America,CR9,Bombardier CRJ-900,2003,21,regional_jet,0,90,1277.6344706811449,911,0
KL,KLM,SYX,HGH,China,Asia,32S,Airbus A320 family,1988,36,narrowbody,0,150,1731.8163808579234,254,0
KL,KLM,SZX,HGH,China,Asia,32S,Airbus A320 family,1988,36,narrowbody,0,150,1070.506891604702,254,0
KL,KLM,SZX,HGH,China,Asia,320,Airbus A320,1988,36,narrowbody,0,150,1070.506891604702,254,0
KL,KLM,TAO,HGH,China,Asia,737,Boeing 737-700,1998,26,narrowbody,0,143,671.2626571877584,254,0
KL,KLM,TBS,AMS,Netherlands,Europe,737,Boeing 737-700,1998,26,narrowbody,0,143,3219.9547363488973,450,0
KL,KLM,TBS,KBP,Ukraine,Europe,73G,Boeing 737-700,1998,26,narrowbody,0,143,1448.1821971503136,100,0
KL,KLM,TGU,SJO,Costa Rica,North America,EMJ,Embraer E-Jet (family),2004,20,regional_jet,0,88,558.1284779217157,73,0
KL,KLM,TLH,ATL,United States,North America,319,Airbus A319,1996,28,narrowbody,0,124,360.3684525064865,911,0
KL,KLM,TLH,ATL,United States,North America,M88,McDonnell Douglas MD-88,1987,37,narrowbody,0,150,360.3684525064865,911,0
KL,KLM,TLH,ATL,United States,North America,CRJ,Bombardier CRJ-200,1992,32,regional_jet,0,50,360.3684525064865,911,0
KL,KLM,TLH,ATL,United States,North America,717,Boeing 717,1999,25,narrowbody,0,106,360.3684525064865,911,0
KL,KLM,TLL,AMS,Netherlands,Europe,CRJ,Bombardier CRJ-200,1992,32,regional_jet,0,50,1471.883107978296,450,0
KL,KLM,TLS,AMS,Netherlands,Europe,EMJ,Embraer E-Jet (family),2004,20,regional_jet,0,88,997.4661996251601,450,0
KL,KLM,TLV,AMS,Netherlands,Europe,737,Boeing 737-700,1998,26,narrowbody,0,143,3311.9920007739947,450,0
KL,KLM,TNA,CGQ,China,Asia,320,Airbus A320,1988,36,narrowbody,0,150,1068.426719275067,67,0
KL,KLM,TPA,ATL,United States,North America,757,Boeing 757-200,1983,41,narrowbody,0,200,654.9517565882101,911,0
KL,KLM,TPA,ATL,United States,North America,739,Boeing 737-900,2001,23,narrowbody,0,177,654.9517565882101,911,0
KL,KLM,TPE,AMS,Netherlands,Europe,777,Boeing 777-200,1995,29,widebody,1,314,9442.514489805226,450,0
KL,KLM,TPE,BKK,Thailand,Asia,340,Airbus A340,1993,31,widebody,1,277,2489.4047907704653,330,0
KL,KLM,TPE,MNL,Philippines,Asia,777,Boeing 777-200,1995,29,widebody,1,314,1175.4407491065485,193,0
KL,KLM,TRD,AMS,Netherlands,Europe,EMJ,Embraer E-Jet (family),2004,20,regional_jet,0,88,1290.67892875454,450,0
KL,KLM,TRF,AMS,Netherlands,Europe,EMJ,Embraer E-Jet (family),2004,20,regional_jet,0,88,837.8945739327246,450,0
KL,KLM,TRI,ATL,United States,North America,CRJ,Bombardier CRJ-200,1992,32,regional_jet,0,50,365.2841720450782,911,0
KL,KLM,TRN,FCO,Italy,Europe,32S,Airbus A320 family,1988,36,narrowbody,0,150,528.9688320290055,331,0
KL,KLM,TUL,ATL,United States,North America,CR7,Bombardier CRJ-700,2001,23,regional_jet,0,70,1082.2625901967942,911,0
KL,KLM,TUL,ATL,United States,North America,CR9,Bombardier CRJ-900,2003,21,regional_jet,0,90,1082.2625901967942,911,0
KL,KLM,TUS,ATL,United States,North America,M90,McDonnell Douglas MD-90,1995,29,narrowbody,0,158,2474.957103954283,911,0
KL,KLM,TXL,AMS,Netherlands,Europe,737,Boeing 737-700,1998,26,narrowbody,0,143,578.1873189533416,450,0
KL,KLM,TXL,AMS,Netherlands,Europe,EMJ,Embraer E-Jet (family),2004,20,regional_jet,0,88,578.1873189533416,450,0
KL,KLM,TYS,ATL,United States,North America,717,Boeing 717,1999,25,narrowbody,0,106,245.00368765637836,911,0
KL,KLM,TYS,ATL,United States,North America,CR7,Bombardier CRJ-700,2001,23,regional_jet,0,70,245.00368765637836,911,0
KL,KLM,TYS,ATL,United States,North America,CRJ,Bombardier CRJ-200,1992,32,regional_jet,0,50,245.00368765637836,911,0
KL,KLM,TYS,ATL,United States,North America,CR9,Bombardier CRJ-900,2003,21,regional_jet,0,90,245.00368765637836,911,0
KL,KLM,UIO,GYE,Ecuador,South America,777,Boeing 777-200,1995,29,widebody,1,314,282.2165067306618,36,0
KL,KLM,URC,HGH,China,Asia,73G,Boeing 737-700,1998,26,narrowbody,0,143,3266.0265990246094,254,0
KL,KLM,URC,WUH,China,Asia,737,Boeing 737-700,1998,26,narrowbody,0,143,2758.488356477042,187,0
KL,KLM,VCE,AMS,Netherlands,Europe,737,Boeing 737-700,1998,26,narrowbody,0,143,936.9093615891178,450,0
KL,KLM,VCE,AMS,Netherlands,Europe,EMJ,Embraer E-Jet (family),2004,20,regional_jet,0,88,936.9093615891178,450,0
KL,KLM,VIE,AMS,Netherlands,Europe,737,Boeing 737-700,1998,26,narrowbody,0,143,959.4795146427429,450,0
KL,KLM,VIE,AMS,Netherlands,Europe,EMJ,Embraer E-Jet (family),2004,20,regional_jet,0,88,959.4795146427429,450,0
KL,KLM,VLD,ATL,United States,North America,CRJ,Bombardier CRJ-200,1992,32,regional_jet,0,50,335.3424559363311,911,0
KL,KLM,VPS,ATL,United States,North America,717,Boeing 717,1999,25,narrowbody,0,106,402.4893360682303,911,0
KL,KLM,VPS,ATL,United States,North America,319,Airbus A319,1996,28,narrowbody,0,124,402.4893360682303,911,0
KL,KLM,VPS,ATL,United States,North America,M88,McDonnell Douglas MD-88,1987,37,narrowbody,0,150,402.4893360682303,911,0
KL,KLM,WAW,AMS,Netherlands,Europe,737,Boeing 737-700,1998,26,narrowbody,0,143,1101.1700039808866,450,0
KL,KLM,WUH,XMN,China,Asia,73G,Boeing 737-700,1998,26,narrowbody,0,143,793.8285643981167,233,0
KL,KLM,XIY,CTU,China,Asia,320,Airbus A320,1988,36,narrowbody,0,150,622.7660519319492,323,0
KL,KLM,XIY,DLC,China,Asia,320,Airbus A320,1988,36,narrowbody,0,150,1244.2327697705834,143,0
KL,KLM,XIY,SHE,China,Asia,320,Airbus A320,1988,36,narrowbody,0,150,1514.6229573363103,136,0
KL,KLM,XMN,AMS,Netherlands,Europe,777,Boeing 777-200,1995,29,widebody,1,314,9317.1897004778,450,0
KL,KLM,XMN,NKG,China,Asia,32S,Airbus A320 family,1988,36,narrowbody,0,150,803.6022374820948,165,0
KL,KLM,XNA,ATL,United States,North America,CRJ,Bombardier CRJ-200,1992,32,regional_jet,0,50,946.5495678285238,911,0
KL,KLM,XNA,ATL,United States,North America,CR7,Bombardier CRJ-700,2001,23,regional_jet,0,70,946.5495678285238,911,0
KL,KLM,XNA,ATL,United States,North America,CR9,Bombardier CRJ-900,2003,21,regional_jet,0,90,946.5495678285238,911,0
KL,KLM,YEG,YMM,Canada,North America,73W,Boeing 737-700 (winglets),1998,26,narrowbody,0,143,401.02274582697174,13,0
KL,KLM,YEG,YWG,Canada,North America,737,Boeing 737-700,1998,26,narrowbody,0,143,1186.8430151324453,40,0
KL,KLM,YHZ,YYT,Canada,North America,73W,Boeing 737-700 (winglets),1998,26,narrowbody,0,143,880.450702268784,21,0
KL,KLM,YHZ,YYZ,Canada,North America,73W,Boeing 737-700 (winglets),1998,26,narrowbody,0,143,1288.2786741803643,317,0
KL,KLM,YOW,YYZ,Canada,North America,737,Boeing 737-700,1998,26,narrowbody,0,143,363.50096881651444,317,0
KL,KLM,YUL,AMS,Netherlands,Europe,M11,McDonnell Douglas MD-11,1990,34,widebody,1,293,5503.135180655996,450,0
KL,KLM,YVR,AMS,Netherlands,Europe,330,Airbus A330,1994,30,widebody,1,277,7707.258189671347,450,0
KL,KLM,YWG,YEG,Canada,North America,73W,Boeing 737-700 (winglets),1998,26,narrowbody,0,143,1186.8430151324453,71,0
KL,KLM,YWG,YUL,Canada,North America,73W,Boeing 737-700 (winglets),1998,26,narrowbody,0,143,1818.3598223177955,186,0
KL,KLM,YYC,AMS,Netherlands,Europe,330,Airbus A330,1994,30,widebody,1,277,7167.625097723181,450,0
KL,KLM,YYC,YEG,Canada,North America,737,Boeing 737-700,1998,26,narrowbody,0,143,245.9940921872398,71,0
KL,KLM,YYC,YYZ,Canada,North America,737,Boeing 737-700,1998,26,narrowbody,0,143,2689.181913071905,317,0
KL,KLM,YYT,YHZ,Canada,North America,737,Boeing 737-700,1998,26,narrowbody,0,143,880.450702268784,52,0
KL,KLM,YYZ,AMS,Netherlands,Europe,M11,McDonnell Douglas MD-11,1990,34,widebody,1,293,5989.661249753971,450,0
KL,KLM,YYZ,AMS,Netherlands,Europe,330,Airbus A330,1994,30,widebody,1,277,5989.661249753971,450,0
KL,KLM,YYZ,AMS,Netherlands,Europe,747,Boeing 747-400,1989,35,widebody,1,416,5989.661249753971,450,0
KL,KLM,YYZ,AMS,Netherlands,Europe,74M,Boeing 747-400M Combi,1989,35,widebody,1,290,5989.661249753971,450,0
KL,KLM,YYZ,YHZ,Canada,North America,737,Boeing 737-700,1998,26,narrowbody,0,143,1288.2786741803643,52,0
KL,KLM,YYZ,YQR,Canada,North America,73W,Boeing 737-700 (winglets),1998,26,narrowbody,0,143,2027.7776042390656,17,0
KL,KLM,YYZ,YUL,Canada,North America,73W,Boeing 737-700 (winglets),1998,26,narrowbody,0,143,507.1984872891821,186,0
KL,KLM,YYZ,YWG,Canada,North America,737,Boeing 737-700,1998,26,narrowbody,0,143,1504.0149497641378,40,0
KL,KLM,ZRH,AMS,Netherlands,Europe,EMJ,Embraer E-Jet (family),2004,20,regional_jet,0,88,602.8328984904838,450,0
KL,KLM,ZRH,AMS,Netherlands,Europe,737,Boeing 737-700,1998,26,narrowbody,0,143,602.8328984904838,450,0
TK,Turkish Airlines,AAL,BLL,Denmark,Europe,319,Airbus A319,1996,28,narrowbody,0,124,156.3835421013169,47,0
TK,Turkish Airlines,AAL,IST,Turkey,Asia,319,Airbus A319,1996,28,narrowbody,0,124,2216.013648028987,361,0
TK,Turkish Airlines,AAL,IST,Turkey,Asia,738,Boeing 737-800,1998,26,narrowbody,0,162,2216.013648028987,361,0
TK,Turkish Airlines,ABJ,IST,Turkey,Asia,739,Boeing 737-900,2001,23,narrowbody,0,177,5152.420689595037,361,0
TK,Turkish Airlines,ACC,IST,Turkey,Asia,739,Boeing 737-900,2001,23,narrowbody,0,177,4894.565872277203,361,0
TK,Turkish Airlines,ADA,ESB,Turkey,Asia,73W,Boeing 737-700 (winglets),1998,26,narrowbody,0,143,402.273852222073,53,0
TK,Turkish Airlines,ADA,ESB,Turkey,Asia,738,Boeing 737-800,1998,26,narrowbody,0,162,402.273852222073,53,0
TK,Turkish Airlines,ADA,IST,Turkey,Asia,319,Airbus A319,1996,28,narrowbody,0,124,737.8429891369112,361,0
TK,Turkish Airlines,ADA,IST,Turkey,Asia,738,Boeing 737-800,1998,26,narrowbody,0,162,737.8429891369112,361,0
TK,Turkish Airlines,ADA,IST,Turkey,Asia,320,Airbus A320,1988,36,narrowbody,0,150,737.8429891369112,361,0
TK,Turkish Airlines,ADA,IST,Turkey,Asia,321,Airbus A321,1994,30,narrowbody,0,185,737.8429891369112,361,0
TK,Turkish Airlines,ADA,IST,Turkey,Asia,73W,Boeing 737-700 (winglets),1998,26,narrowbody,0,143,737.8429891369112,361,0
TK,Turkish Airlines,ADA,IST,Turkey,Asia,739,Boeing 737-900,2001,23,narrowbody,0,177,737.8429891369112,361,0
TK,Turkish Airlines,ADA,SAW,Turkey,Asia,738,Boeing 737-800,1998,26,narrowbody,0,162,675.2386275308921,145,0
TK,Turkish Airlines,ADB,ESB,Turkey,Asia,738,Boeing 737-800,1998,26,narrowbody,0,162,542.6939654225985,53,0
TK,Turkish Airlines,ADB,ESB,Turkey,Asia,73G,Boeing 737-700,1998,26,narrowbody,0,143,542.6939654225985,53,0
TK,Turkish Airlines,ADB,HAM,Germany,Europe,320,Airbus A320,1988,36,narrowbody,0,150,2149.103941098579,160,0
TK,Turkish Airlines,ADB,IST,Turkey,Asia,320,Airbus A320,1988,36,narrowbody,0,150,358.5706261265074,361,0
TK,Turkish Airlines,ADB,IST,Turkey,Asia,738,Boeing 737-800,1998,26,narrowbody,0,162,358.5706261265074,361,0
TK,Turkish Airlines,ADB,IST,Turkey,Asia,330,Airbus A330,1994,30,widebody,1,277,358.5706261265074,361,0
TK,Turkish Airlines,ADB,IST,Turkey,Asia,319,Airbus A319,1996,28,narrowbody,0,124,358.5706261265074,361,0
TK,Turkish Airlines,ADB,IST,Turkey,Asia,739,Boeing 737-900,2001,23,narrowbody,0,177,358.5706261265074,361,0
TK,Turkish Airlines,ADB,IST,Turkey,Asia,321,Airbus A321,1994,30,narrowbody,0,185,358.5706261265074,361,0
TK,Turkish Airlines,ADB,IST,Turkey,Asia,343,Airbus A340-300,1993,31,widebody,1,277,358.5706261265074,361,0
TK,Turkish Airlines,ADB,IST,Turkey,Asia,73W,Boeing 737-700 (winglets),1998,26,narrowbody,0,143,358.5706261265074,361,0
TK,Turkish Airlines,ADB,IST,Turkey,Asia,77W,Boeing 777-300ER,2004,20,widebody,1,365,358.5706261265074,361,0
TK,Turkish Airlines,ADB,SAW,Turkey,Asia,738,Boeing 737-800,1998,26,narrowbody,0,162,343.46488915585815,145,0
TK,Turkish Airlines,ADB,SAW,Turkey,Asia,320,Airbus A320,1988,36,narrowbody,0,150,343.46488915585815,145,0
TK,Turkish Airlines,ADD,DLA,Cameroon,Africa,763,Boeing 767-300,1986,38,widebody,1,218,3258.5291118329715,47,1
TK,Turkish Airlines,ADD,HRE,Zimbabwe,Africa,788,Boeing 787-8,2011,13,widebody,1,242,3109.5825407287653,31,1
TK,Turkish Airlines,ADD,IST,Turkey,Asia,738,Boeing 737-800,1998,26,narrowbody,0,162,3724.8483307893653,361,0
TK,Turkish Airlines,ADD,JUB,South Sudan,Africa,73W,Boeing 737-700 (winglets),1998,26,narrowbody,0,143,916.2307679589946,12,1
TK,Turkish Airlines,ADD,JUB,South Sudan,Africa,DH8,Bombardier Dash 8,1984,40,turboprop,0,50,916.2307679589946,12,1
TK,Turkish Airlines,ADD,SSG,Equatorial Guinea,Africa,763,Boeing 767-300,1986,38,widebody,1,218,3373.9547374324293,14,1
TK,Turkish Airlines,ADE,IST,Turkey,Asia,738,Boeing 737-800,1998,26,narrowbody,0,162,3535.944698412245,361,0
TK,Turkish Airlines,ADF,ESB,Turkey,Asia,738,Boeing 737-800,1998,26,narrowbody,0,162,543.1830544694108,53,0
TK,Turkish Airlines,ADF,IST,Turkey,Asia,738,Boeing 737-800,1998,26,narrowbody,0,162,921.3908754793013,361,0
TK,Turkish Airlines,ADF,IST,Turkey,Asia,320,Airbus A320,1988,36,narrowbody,0,150,921.3908754793013,361,0
TK,Turkish Airlines,AER,IST,Turkey,Asia,321,Airbus A321,1994,30,narrowbody,0,185,950.9857571341273,361,0
TK,Turkish Airlines,AGP,IST,Turkey,Asia,738,Boeing 737-800,1998,26,narrowbody,0,162,2901.277193946394,361,0
TK,Turkish Airlines,AJI,ESB,Turkey,Asia,73W,Boeing 737-700 (winglets),1998,26,narrowbody,0,143,856.9528512953121,53,0
TK,Turkish Airlines,AJI,IST,Turkey,Asia,738,Boeing 737-800,1998,26,narrowbody,0,162,1219.4896224469321,361,0
TK,Turkish Airlines,AKL,BKK,Thailand,Asia,777,Boeing 777-200,1995,29,widebody,1,314,9555.37914526676,330,0
TK,Turkish Airlines,ALA,IST,Turkey,Asia,738,Boeing 737-800,1998,26,narrowbody,0,162,3921.436165544772,361,0
TK,Turkish Airlines,ALA,IST,Turkey,Asia,320,Airbus A320,1988,36,narrowbody,0,150,3921.436165544772,361,0
TK,Turkish Airlines,ALG,IST,Turkey,Asia,738,Boeing 737-800,1998,26,narrowbody,0,162,2256.522890184841,361,0
TK,Turkish Airlines,ALG,IST,Turkey,Asia,321,Airbus A321,1994,30,narrowbody,0,185,2256.522890184841,361,0
TK,Turkish Airlines,AMM,IST,Turkey,Asia,321,Airbus A321,1994,30,narrowbody,0,185,1242.769695946363,361,0
TK,Turkish Airlines,AMM,IST,Turkey,Asia,320,Airbus A320,1988,36,narrowbody,0,150,1242.769695946363,361,0
TK,Turkish Airlines,AMS,IST,Turkey,Asia,343,Airbus A340-300,1993,31,widebody,1,277,2183.7578098809613,361,0
TK,Turkish Airlines,AMS,IST,Turkey,Asia,321,Airbus A321,1994,30,narrowbody,0,185,2183.7578098809613,361,0
TK,Turkish Airlines,AMS,IST,Turkey,Asia,320,Airbus A320,1988,36,narrowbody,0,150,2183.7578098809613,361,0
TK,Turkish Airlines,AMS,IST,Turkey,Asia,330,Airbus A330,1994,30,widebody,1,277,2183.7578098809613,361,0
TK,Turkish Airlines,AMS,SAW,Turkey,Asia,738,Boeing 737-800,1998,26,narrowbody,0,162,2246.4877079364587,145,0
TK,Turkish Airlines,AOE,BRU,Belgium,Europe,738,Boeing 737-800,1998,26,narrowbody,0,162,2360.182059323556,315,0
TK,Turkish Airlines,AQJ,IST,Turkey,Asia,319,Airbus A319,1996,28,narrowbody,0,124,1414.69462522381,361,0
TK,Turkish Airlines,ARN,IST,Turkey,Asia,738,Boeing 737-800,1998,26,narrowbody,0,162,2176.0016916644513,361,0
TK,Turkish Airlines,ARN,IST,Turkey,Asia,321,Airbus A321,1994,30,narrowbody,0,185,2176.0016916644513,361,0
TK,Turkish Airlines,ASB,IST,Turkey,Asia,321,Airbus A321,1994,30,narrowbody,0,185,2549.326011787946,361,0
TK,Turkish Airlines,ASF,SAW,Turkey,Asia,738,Boeing 737-800,1998,26,narrowbody,0,162,1615.5852481370728,145,0
TK,Turkish Airlines,ASR,IST,Turkey,Asia,321,Airbus A321,1994,30,narrowbody,0,185,637.952072006734,361,0
TK,Turkish Airlines,ASR,IST,Turkey,Asia,738,Boeing 737-800,1998,26,narrowbody,0,162,637.952072006734,361,0
TK,Turkish Airlines,ASR,IST,Turkey,Asia,320,Airbus A320,1988,36,narrowbody,0,150,637.952072006734,361,0
TK,Turkish Airlines,ASR,IST,Turkey,Asia,739,Boeing 737-900,2001,23,narrowbody,0,177,637.952072006734,361,0
TK,Turkish Airlines,ASR,IST,Turkey,Asia,319,Airbus A319,1996,28,narrowbody,0,124,637.952072006734,361,0
TK,Turkish Airlines,ASR,IST,Turkey,Asia,73W,Boeing 737-700 (winglets),1998,26,narrowbody,0,143,637.952072006734,361,0
TK,Turkish Airlines,ASR,SAW,Turkey,Asia,73W,Boeing 737-700 (winglets),1998,26,narrowbody,0,143,578.6222973821696,145,0
TK,Turkish Airlines,ATH,IST,Turkey,Asia,321,Airbus A321,1994,30,narrowbody,0,185,554.323654701386,361,0
TK,Turkish Airlines,ATH,IST,Turkey,Asia,738,Boeing 737-800,1998,26,narrowbody,0,162,554.323654701386,361,0
TK,Turkish Airlines,ATH,IST,Turkey,Asia,320,Airbus A320,1988,36,narrowbody,0,150,554.323654701386,361,0
TK,Turkish Airlines,AUH,IST,Turkey,Asia,321,Airbus A321,1994,30,narrowbody,0,185,3038.8687220918555,361,0
TK,Turkish Airlines,AUH,IST,Turkey,Asia,738,Boeing 737-800,1998,26,narrowbody,0,162,3038.8687220918555,361,0
TK,Turkish Airlines,AYT,BGW,Iraq,Asia,738,Boeing 737-800,1998,26,narrowbody,0,162,1286.2118727519296,14,0
TK,Turkish Airlines,AYT,EBL,Iraq,Asia,738,Boeing 737-800,1998,26,narrowbody,0,162,1176.8692458400615,30,0
TK,Turkish Airlines,AYT,ESB,Turkey,Asia,738,Boeing 737-800,1998,26,narrowbody,0,162,406.6659200019612,53,0
TK,Turkish Airlines,AYT,HAM,Germany,Europe,320,Airbus A320,1988,36,narrowbody,0,150,2454.153749989482,160,0
TK,Turkish Airlines,AYT,IST,Turkey,Asia,738,Boeing 737-800,1998,26,narrowbody,0,162,517.7311880342583,361,0
TK,Turkish Airlines,AYT,IST,Turkey,Asia,321,Airbus A321,1994,30,narrowbody,0,185,517.7311880342583,361,0
TK,Turkish Airlines,AYT,IST,Turkey,Asia,319,Airbus A319,1996,28,narrowbody,0,124,517.7311880342583,361,0
TK,Turkish Airlines,AYT,IST,Turkey,Asia,320,Airbus A320,1988,36,narrowbody,0,150,517.7311880342583,361,0
TK,Turkish Airlines,AYT,IST,Turkey,Asia,739,Boeing 737-900,2001,23,narrowbody,0,177,517.7311880342583,361,0
TK,Turkish Airlines,AYT,SAW,Turkey,Asia,738,Boeing 737-800,1998,26,narrowbody,0,162,463.091682819905,145,0
TK,Turkish Airlines,AYT,VKO,Russia,Europe,321,Airbus A321,1994,30,narrowbody,0,185,2134.864505113542,85,0
TK,Turkish Airlines,BAH,IST,Turkey,Asia,321,Airbus A321,1994,30,narrowbody,0,185,2608.3927411877003,361,0
TK,Turkish Airlines,BAH,MCT,Oman,Asia,321,Airbus A321,1994,30,narrowbody,0,185,826.7031748977271,104,0
TK,Turkish Airlines,BAL,ESB,Turkey,Asia,73W,Boeing 737-700 (winglets),1998,26,narrowbody,0,143,742.588286572025,53,0
TK,Turkish Airlines,BAL,IST,Turkey,Asia,320,Airbus A320,1988,36,narrowbody,0,150,1121.5592157838496,361,0
TK,Turkish Airlines,BAL,IST,Turkey,Asia,319,Airbus A319,1996,28,narrowbody,0,124,1121.5592157838496,361,0
TK,Turkish Airlines,BCN,IST,Turkey,Asia,320,Airbus A320,1988,36,narrowbody,0,150,2219.829939637271,361,0
TK,Turkish Airlines,BCN,IST,Turkey,Asia,332,Airbus A330-200,1998,26,widebody,1,247,2219.829939637271,361,0
TK,Turkish Airlines,BCN,IST,Turkey,Asia,321,Airbus A321,1994,30,narrowbody,0,185,2219.829939637271,361,0
TK,Turkish Airlines,BCN,IST,Turkey,Asia,738,Boeing 737-800,1998,26,narrowbody,0,162,2219.829939637271,361,0
TK,Turkish Airlines,BCN,IST,Turkey,Asia,330,Airbus A330,1994,30,widebody,1,277,2219.829939637271,361,0
TK,Turkish Airlines,BEG,IST,Turkey,Asia,738,Boeing 737-800,1998,26,narrowbody,0,162,790.5526647845994,361,0
TK,Turkish Airlines,BEG,IST,Turkey,Asia,319,Airbus A319,1996,28,narrowbody,0,124,790.5526647845994,361,0
TK,Turkish Airlines,BEG,IST,Turkey,Asia,321,Airbus A321,1994,30,narrowbody,0,185,790.5526647845994,361,0
TK,Turkish Airlines,BEN,IST,Turkey,Asia,738,Boeing 737-800,1998,26,narrowbody,0,162,1268.8929537179365,361,0
TK,Turkish Airlines,BEN,IST,Turkey,Asia,739,Boeing 737-900,2001,23,narrowbody,0,177,1268.8929537179365,361,0
TK,Turkish Airlines,BEY,IST,Turkey,Asia,321,Airbus A321,1994,30,narrowbody,0,185,1018.9336543771389,361,0
TK,Turkish Airlines,BEY,IST,Turkey,Asia,739,Boeing 737-900,2001,23,narrowbody,0,177,1018.9336543771389,361,0
TK,Turkish Airlines,BEY,IST,Turkey,Asia,738,Boeing 737-800,1998,26,narrowbody,0,162,1018.9336543771389,361,0
TK,Turkish Airlines,BGG,ESB,Turkey,Asia,738,Boeing 737-800,1998,26,narrowbody,0,162,667.0759797975135,53,0
TK,Turkish Airlines,BGG,IST,Turkey,Asia,319,Airbus A319,1996,28,narrowbody,0,124,1042.1259411213425,361,0
TK,Turkish Airlines,BGW,AYT,Turkey,Asia,738,Boeing 737-800,1998,26,narrowbody,0,162,1286.2118727519296,126,0
TK,Turkish Airlines,BGW,ESB,Turkey,Asia,738,Boeing 737-800,1998,26,narrowbody,0,162,1258.0368572934854,53,0
TK,Turkish Airlines,BGW,IST,Turkey,Asia,738,Boeing 737-800,1998,26,narrowbody,0,162,1630.424882619033,361,0
TK,Turkish Airlines,BHX,IST,Turkey,Asia,739,Boeing 737-900,2001,23,narrowbody,0,177,2603.563554974207,361,0
TK,Turkish Airlines,BHX,IST,Turkey,Asia,738,Boeing 737-800,1998,26,narrowbody,0,162,2603.563554974207,361,0
TK,Turkish Airlines,BIO,IST,Turkey,Asia,320,Airbus A320,1988,36,narrowbody,0,150,2598.5950706437065,361,0
TK,Turkish Airlines,BIO,SCQ,Spain,Europe,320,Airbus A320,1988,36,narrowbody,0,150,449.1018848574186,34,0
TK,Turkish Airlines,BJV,ESB,Turkey,Asia,73G,Boeing 737-700,1998,26,narrowbody,0,143,562.3636674819546,53,0
TK,Turkish Airlines,BJV,IST,Turkey,Asia,738,Boeing 737-800,1998,26,narrowbody,0,162,457.20322066049727,361,0
TK,Turkish Airlines,BJV,IST,Turkey,Asia,321,Airbus A321,1994,30,narrowbody,0,185,457.20322066049727,361,0
TK,Turkish Airlines,BJV,IST,Turkey,Asia,320,Airbus A320,1988,36,narrowbody,0,150,457.20322066049727,361,0
TK,Turkish Airlines,BJV,SAW,Turkey,Asia,738,Boeing 737-800,1998,26,narrowbody,0,162,429.7494852094187,145,0
TK,Turkish Airlines,BKK,AKL,New Zealand,Oceania,777,Boeing 777-200,1995,29,widebody,1,314,9555.37914526676,117,0
TK,Turkish Airlines,BKK,BNE,Australia,Oceania,773,Boeing 777-300,1998,26,widebody,1,368,7260.290226933803,144,0
TK,Turkish Airlines,BKK,HKG,Hong Kong,Asia,747,Boeing 747-400,1989,35,widebody,1,416,1689.3911501352184,355,0
TK,Turkish Airlines,BKK,IST,Turkey,Asia,77W,Boeing 777-300ER,2004,20,widebody,1,365,7512.180688029346,361,0
TK,Turkish Airlines,BKK,IST,Turkey,Asia,330,Airbus A330,1994,30,widebody,1,277,7512.180688029346,361,0
TK,Turkish Airlines,BKK,KUL,Malaysia,Asia,330,Airbus A330,1994,30,widebody,1,277,1220.569348054856,257,0
TK,Turkish Airlines,BKK,MEL,Australia,Oceania,777,Boeing 777-200,1995,29,widebody,1,314,7331.7025239379145,132,0
TK,Turkish Airlines,BKK,PER,Australia,Oceania,330,Airbus A330,1994,30,widebody,1,277,5325.810979712548,90,0
TK,Turkish Airlines,BKK,SGN,Vietnam,Asia,77W,Boeing 777-300ER,2004,20,widebody,1,365,716.1744739165025,109,0
TK,Turkish Airlines,BKK,SYD,Australia,Oceania,747,Boeing 747-400,1989,35,widebody,1,416,7514.638226417631,202,0
TK,Turkish Airlines,BLL,AAL,Denmark,Europe,319,Airbus A319,1996,28,narrowbody,0,124,156.3835421013169,21,0
TK,Turkish Airlines,BLL,AAL,Denmark,Europe,738,Boeing 737-800,1998,26,narrowbody,0,162,156.3835421013169,21,0
TK,Turkish Airlines,BLL,IST,Turkey,Asia,319,Airbus A319,1996,28,narrowbody,0,124,2146.359058728518,361,0
TK,Turkish Airlines,BLL,IST,Turkey,Asia,738,Boeing 737-800,1998,26,narrowbody,0,162,2146.359058728518,361,0
TK,Turkish Airlines,BLQ,IST,Turkey,Asia,320,Airbus A320,1988,36,narrowbody,0,150,1464.6628646896436,361,0
TK,Turkish Airlines,BLQ,IST,Turkey,Asia,321,Airbus A321,1994,30,narrowbody,0,185,1464.6628646896436,361,0
TK,Turkish Airlines,BNE,BKK,Thailand,Asia,773,Boeing 777-300,1998,26,widebody,1,368,7260.290226933803,330,0
TK,Turkish Airlines,BOM,IST,Turkey,Asia,77W,Boeing 777-300ER,2004,20,widebody,1,365,4834.6311069090625,361,0
TK,Turkish Airlines,BRE,IST,Turkey,Asia,320,Airbus A320,1988,36,narrowbody,0,150,1985.8451549645285,361,0
TK,Turkish Airlines,BRU,AOE,Turkey,Asia,738,Boeing 737-800,1998,26,narrowbody,0,162,2360.182059323556,1,0
TK,Turkish Airlines,BRU,IST,Turkey,Asia,738,Boeing 737-800,1998,26,narrowbody,0,162,2141.4819857278685,361,0
TK,Turkish Airlines,BRU,IST,Turkey,Asia,321,Airbus A321,1994,30,narrowbody,0,185,2141.4819857278685,361,0
TK,Turkish Airlines,BRU,IST,Turkey,Asia,343,Airbus A340-300,1993,31,widebody,1,277,2141.4819857278685,361,0
TK,Turkish Airlines,BRU,IST,Turkey,Asia,320,Airbus A320,1988,36,narrowbody,0,150,2141.4819857278685,361,0
TK,Turkish Airlines,BRU,IST,Turkey,Asia,330,Airbus A330,1994,30,widebody,1,277,2141.4819857278685,361,0
TK,Turkish Airlines,BRU,SAW,Turkey,Asia,738,Boeing 737-800,1998,26,narrowbody,0,162,2204.101336320499,145,0
TK,Turkish Airlines,BSL,IST,Turkey,Asia,738,Boeing 737-800,1998,26,narrowbody,0,162,1818.1067179700651,361,0
TK,Turkish Airlines,BSR,IST,Turkey,Asia,738,Boeing 737-800,1998,26,narrowbody,0,162,2071.675512947047,361,0
TK,Turkish Airlines,BUD,IST,Turkey,Asia,321,Airbus A321,1994,30,narrowbody,0,185,1017.3621020642482,361,0
TK,Turkish Airlines,BUD,IST,Turkey,Asia,738,Boeing 737-800,1998,26,narrowbody,0,162,1017.3621020642482,361,0
TK,Turkish Airlines,BUD,IST,Turkey,Asia,320,Airbus A320,1988,36,narrowbody,0,150,1017.3621020642482,361,0
TK,Turkish Airlines,BUD,IST,Turkey,Asia,319,Airbus A319,1996,28,narrowbody,0,124,1017.3621020642482,361,0
TK,Turkish Airlines,BUD,IST,Turkey,Asia,739,Boeing 737-900,2001,23,narrowbody,0,177,1017.3621020642482,361,0
TK,Turkish Airlines,BUS,IST,Turkey,Asia,738,Boeing 737-800,1998,26,narrowbody,0,162,1070.5647368300874,361,0
TK,Turkish Airlines,BUS,IST,Turkey,Asia,73W,Boeing 737-700 (winglets),1998,26,narrowbody,0,143,1070.5647368300874,361,0
TK,Turkish Airlines,BUS,IST,Turkey,Asia,319,Airbus A319,1996,28,narrowbody,0,124,1070.5647368300874,361,0
TK,Turkish Airlines,CAI,IST,Turkey,Asia,320,Airbus A320,1988,36,narrowbody,0,150,1262.9522981678347,361,0
TK,Turkish Airlines,CAI,IST,Turkey,Asia,738,Boeing 737-800,1998,26,narrowbody,0,162,1262.9522981678347,361,0
TK,Turkish Airlines,CAI,IST,Turkey,Asia,321,Airbus A321,1994,30,narrowbody,0,185,1262.9522981678347,361,0
TK,Turkish Airlines,CAI,IST,Turkey,Asia,739,Boeing 737-900,2001,23,narrowbody,0,177,1262.9522981678347,361,0
TK,Turkish Airlines,CAI,IST,Turkey,Asia,319,Airbus A319,1996,28,narrowbody,0,124,1262.9522981678347,361,0
TK,Turkish Airlines,CAI,JUB,South Sudan,Africa,320,Airbus A320,1988,36,narrowbody,0,150,2807.7346339171268,12,1
TK,Turkish Airlines,CAN,IST,Turkey,Asia,330,Airbus A330,1994,30,widebody,1,277,7882.105170696843,361,0
TK,Turkish Airlines,CAN,IST,Turkey,Asia,343,Airbus A340-300,1993,31,widebody,1,277,7882.105170696843,361,0
TK,Turkish Airlines,CDG,IST,Turkey,Asia,320,Airbus A320,1988,36,narrowbody,0,150,2213.622594336838,361,0
TK,Turkish Airlines,CDG,IST,Turkey,Asia,330,Airbus A330,1994,30,widebody,1,277,2213.622594336838,361,0
TK,Turkish Airlines,CDG,IST,Turkey,Asia,321,Airbus A321,1994,30,narrowbody,0,185,2213.622594336838,361,0
TK,Turkish Airlines,CDG,IST,Turkey,Asia,332,Airbus A330-200,1998,26,widebody,1,247,2213.622594336838,361,0
TK,Turkish Airlines,CDG,IST,Turkey,Asia,77W,Boeing 777-300ER,2004,20,widebody,1,365,2213.622594336838,361,0
TK,Turkish Airlines,CDG,IST,Turkey,Asia,738,Boeing 737-800,1998,26,narrowbody,0,162,2213.622594336838,361,0
TK,Turkish Airlines,CDG,SAW,Turkey,Asia,738,Boeing 737-800,1998,26,narrowbody,0,162,2275.433462447204,145,0
TK,Turkish Airlines,CGK,SIN,Singapore,Asia,330,Airbus A330,1994,30,widebody,1,277,882.2377506730388,412,0
TK,Turkish Airlines,CGN,IST,Turkey,Asia,320,Airbus A320,1988,36,narrowbody,0,150,1967.6342735182257,361,0
TK,Turkish Airlines,CGN,IST,Turkey,Asia,321,Airbus A321,1994,30,narrowbody,0,185,1967.6342735182257,361,0
TK,Turkish Airlines,CKZ,ESB,Turkey,Asia,73G,Boeing 737-700,1998,26,narrowbody,0,143,558.2727702206648,53,0
TK,Turkish Airlines,CMB,MLE,Maldives,Asia,330,Airbus A330,1994,30,widebody,1,277,777.677530689703,41,0
TK,Turkish Airlines,CMN,IST,Turkey,Asia,330,Airbus A330,1994,30,widebody,1,277,3305.373925539541,361,0
TK,Turkish Airlines,CMN,IST,Turkey,Asia,332,Airbus A330-200,1998,26,widebody,1,247,3305.373925539541,361,0
TK,Turkish Airlines,CMN,IST,Turkey,Asia,343,Airbus A340-300,1993,31,widebody,1,277,3305.373925539541,361,0
TK,Turkish Airlines,CND,IST,Turkey,Asia,738,Boeing 737-800,1998,26,narrowbody,0,162,343.92256660958355,361,0
TK,Turkish Airlines,CND,IST,Turkey,Asia,319,Airbus A319,1996,28,narrowbody,0,124,343.92256660958355,361,0
TK,Turkish Airlines,CPH,IST,Turkey,Asia,738,Boeing 737-800,1998,26,narrowbody,0,162,1977.913049382376,361,0
TK,Turkish Airlines,CPH,IST,Turkey,Asia,321,Airbus A321,1994,30,narrowbody,0,185,1977.913049382376,361,0
TK,Turkish Airlines,CPT,JNB,South Africa,Africa,330,Airbus A330,1994,30,widebody,1,277,1271.0680698639783,162,1
TK,Turkish Airlines,DAC,IST,Turkey,Asia,332,Airbus A330-200,1998,26,widebody,1,247,5962.334855728908,361,0
TK,Turkish Airlines,DAR,IST,Turkey,Asia,739,Boeing 737-900,2001,23,narrowbody,0,177,5459.497655923398,361,0
TK,Turkish Airlines,DEL,IST,Turkey,Asia,330,Airbus A330,1994,30,widebody,1,277,4564.971794143512,361,0
TK,Turkish Airlines,DIY,ESB,Turkey,Asia,738,Boeing 737-800,1998,26,narrowbody,0,162,670.0740966423157,53,0
TK,Turkish Airlines,DIY,IST,Turkey,Asia,319,Airbus A319,1996,28,narrowbody,0,124,1049.691209281224,361,0
TK,Turkish Airlines,DIY,IST,Turkey,Asia,738,Boeing 737-800,1998,26,narrowbody,0,162,1049.691209281224,361,0
TK,Turkish Airlines,DIY,IST,Turkey,Asia,321,Airbus A321,1994,30,narrowbody,0,185,1049.691209281224,361,0
TK,Turkish Airlines,DIY,IST,Turkey,Asia,320,Airbus A320,1988,36,narrowbody,0,150,1049.691209281224,361,0
TK,Turkish Airlines,DIY,IST,Turkey,Asia,73W,Boeing 737-700 (winglets),1998,26,narrowbody,0,143,1049.691209281224,361,0
TK,Turkish Airlines,DIY,SAW,Turkey,Asia,738,Boeing 737-800,1998,26,narrowbody,0,162,992.9242248335934,145,0
TK,Turkish Airlines,DKR,IST,Turkey,Asia,739,Boeing 737-900,2001,23,narrowbody,0,177,5325.472372901198,361,0
TK,Turkish Airlines,DLA,ADD,Ethiopia,Africa,763,Boeing 767-300,1986,38,widebody,1,218,3258.5291118329715,109,1
TK,Turkish Airlines,DLA,IST,Turkey,Asia,739,Boeing 737-900,2001,23,narrowbody,0,177,4557.9650185420605,361,0
TK,Turkish Airlines,DLA,LBV,Gabon,Africa,739,Boeing 737-900,2001,23,narrowbody,0,177,395.9353496814633,24,1
TK,Turkish Airlines,DLA,SSG,Equatorial Guinea,Africa,763,Boeing 767-300,1986,38,widebody,1,218,115.54960968348738,14,1
TK,Turkish Airlines,DLM,IST,Turkey,Asia,320,Airbus A320,1988,36,narrowbody,0,150,507.30308838723727,361,0
TK,Turkish Airlines,DLM,IST,Turkey,Asia,321,Airbus A321,1994,30,narrowbody,0,185,507.30308838723727,361,0
TK,Turkish Airlines,DLM,IST,Turkey,Asia,738,Boeing 737-800,1998,26,narrowbody,0,162,507.30308838723727,361,0
TK,Turkish Airlines,DMM,IST,Turkey,Asia,321,Airbus A321,1994,30,narrowbody,0,185,2534.186170055546,361,0
TK,Turkish Airlines,DNK,IST,Turkey,Asia,319,Airbus A319,1996,28,narrowbody,0,124,932.4668446975317,361,0
TK,Turkish Airlines,DNZ,IST,Turkey,Asia,738,Boeing 737-800,1998,26,narrowbody,0,162,396.4766658663916,361,0
TK,Turkish Airlines,DNZ,IST,Turkey,Asia,73W,Boeing 737-700 (winglets),1998,26,narrowbody,0,143,396.4766658663916,361,0
TK,Turkish Airlines,DNZ,IST,Turkey,Asia,320,Airbus A320,1988,36,narrowbody,0,150,396.4766658663916,361,0
TK,Turkish Airlines,DNZ,IST,Turkey,Asia,319,Airbus A319,1996,28,narrowbody,0,124,396.4766658663916,361,0
TK,Turkish Airlines,DOH,IST,Turkey,Asia,321,Airbus A321,1994,30,narrowbody,0,185,2755.9252851486194,361,0
TK,Turkish Airlines,DOH,IST,Turkey,Asia,738,Boeing 737-800,1998,26,narrowbody,0,162,2755.9252851486194,361,0
TK,Turkish Airlines,DOK,IST,Turkey,Asia,319,Airbus A319,1996,28,narrowbody,0,124,1036.179312537877,361,0
TK,Turkish Airlines,DOK,IST,Turkey,Asia,73W,Boeing 737-700 (winglets),1998,26,narrowbody,0,143,1036.179312537877,361,0
TK,Turkish Airlines,DOK,IST,Turkey,Asia,738,Boeing 737-800,1998,26,narrowbody,0,162,1036.179312537877,361,0
TK,Turkish Airlines,DUB,IST,Turkey,Asia,738,Boeing 737-800,1998,26,narrowbody,0,162,2923.945986026803,361,0
TK,Turkish Airlines,DUS,IST,Turkey,Asia,738,Boeing 737-800,1998,26,narrowbody,0,162,2011.1860414840687,361,0
TK,Turkish Airlines,DUS,IST,Turkey,Asia,330,Airbus A330,1994,30,widebody,1,277,2011.1860414840687,361,0
TK,Turkish Airlines,DUS,IST,Turkey,Asia,321,Airbus A321,1994,30,narrowbody,0,185,2011.1860414840687,361,0
TK,Turkish Airlines,DUS,IST,Turkey,Asia,332,Airbus A330-200,1998,26,widebody,1,247,2011.1860414840687,361,0
TK,Turkish Airlines,DUS,IST,Turkey,Asia,343,Airbus A340-300,1993,31,widebody,1,277,2011.1860414840687,361,0
TK,Turkish Airlines,DUS,SAW,Turkey,Asia,738,Boeing 737-800,1998,26,narrowbody,0,162,2073.915372252576,145,0
TK,Turkish Airlines,DXB,IST,Turkey,Asia,332,Airbus A330-200,1998,26,widebody,1,247,3028.33601126931,361,0
TK,Turkish Airlines,DXB,IST,Turkey,Asia,343,Airbus A340-300,1993,31,widebody,1,277,3028.33601126931,361,0
TK,Turkish Airlines,DXB,IST,Turkey,Asia,77W,Boeing 777-300ER,2004,20,widebody,1,365,3028.33601126931,361,0
TK,Turkish Airlines,DXB,IST,Turkey,Asia,321,Airbus A321,1994,30,narrowbody,0,185,3028.33601126931,361,0
TK,Turkish Airlines,DYU,IST,Turkey,Asia,321,Airbus A321,1994,30,narrowbody,0,185,3401.1024795544677,361,0
TK,Turkish Airlines,EBB,IST,Turkey,Asia,739,Boeing 737-900,2001,23,narrowbody,0,177,4599.940894442365,361,0
TK,Turkish Airlines,EBL,AYT,Turkey,Asia,738,Boeing 737-800,1998,26,narrowbody,0,162,1176.8692458400615,126,0
TK,Turkish Airlines,EBL,IST,Turkey,Asia,321,Airbus A321,1994,30,narrowbody,0,185,1430.4572192916296,361,0
TK,Turkish Airlines,ECN,ESB,Turkey,Asia,738,Boeing 737-800,1998,26,narrowbody,0,162,554.770408853908,53,0
TK,Turkish Airlines,ECN,IST,Turkey,Asia,738,Boeing 737-800,1998,26,narrowbody,0,162,796.5358827624045,361,0
TK,Turkish Airlines,ECN,IST,Turkey,Asia,321,Airbus A321,1994,30,narrowbody,0,185,796.5358827624045,361,0
TK,Turkish Airlines,ECN,IST,Turkey,Asia,320,Airbus A320,1988,36,narrowbody,0,150,796.5358827624045,361,0
TK,Turkish Airlines,ECN,SAW,Turkey,Asia,738,Boeing 737-800,1998,26,narrowbody,0,162,736.2610011373189,145,0
TK,Turkish Airlines,EDI,IST,Turkey,Asia,738,Boeing 737-800,1998,26,narrowbody,0,162,2830.032658673231,361,0
TK,Turkish Airlines,EDI,IST,Turkey,Asia,739,Boeing 737-900,2001,23,narrowbody,0,177,2830.032658673231,361,0
TK,Turkish Airlines,ELQ,IST,Turkey,Asia,319,Airbus A319,1996,28,narrowbody,0,124,2160.976990145205,361,0
TK,Turkish Airlines,ELQ,IST,Turkey,Asia,73W,Boeing 737-700 (winglets),1998,26,narrowbody,0,143,2160.976990145205,361,0
TK,Turkish Airlines,ERC,ESB,Turkey,Asia,73W,Boeing 737-700 (winglets),1998,26,narrowbody,0,143,558.8544611430976,53,0
TK,Turkish Airlines,ERC,IST,Turkey,Asia,320,Airbus A320,1988,36,narrowbody,0,150,926.9896248495183,361,0
TK,Turkish Airlines,ERC,IST,Turkey,Asia,738,Boeing 737-800,1998,26,narrowbody,0,162,926.9896248495183,361,0
TK,Turkish Airlines,ERZ,ESB,Turkey,Asia,738,Boeing 737-800,1998,26,narrowbody,0,162,695.9419258976735,53,0
TK,Turkish Airlines,ERZ,IST,Turkey,Asia,321,Airbus A321,1994,30,narrowbody,0,185,1057.4594548982113,361,0
TK,Turkish Airlines,ERZ,IST,Turkey,Asia,738,Boeing 737-800,1998,26,narrowbody,0,162,1057.4594548982113,361,0
TK,Turkish Airlines,ERZ,IST,Turkey,Asia,320,Airbus A320,1988,36,narrowbody,0,150,1057.4594548982113,361,0
TK,Turkish Airlines,ERZ,SAW,Turkey,Asia,73W,Boeing 737-700 (winglets),1998,26,narrowbody,0,143,1008.6320264511776,145,0
TK,Turkish Airlines,ERZ,SAW,Turkey,Asia,738,Boeing 737-800,1998,26,narrowbody,0,162,1008.6320264511776,145,0
TK,Turkish Airlines,ESB,ADA,Turkey,Asia,738,Boeing 737-800,1998,26,narrowbody,0,162,402.273852222073,17,0
TK,Turkish Airlines,ESB,ADA,Turkey,Asia,73W,Boeing 737-700 (winglets),1998,26,narrowbody,0,143,402.273852222073,17,0
TK,Turkish Airlines,ESB,ADB,Turkey,Asia,738,Boeing 737-800,1998,26,narrowbody,0,162,542.6939654225985,67,0
TK,Turkish Airlines,ESB,ADB,Turkey,Asia,73G,Boeing 737-700,1998,26,narrowbody,0,143,542.6939654225985,67,0
TK,Turkish Airlines,ESB,ADF,Turkey,Asia,738,Boeing 737-800,1998,26,narrowbody,0,162,543.1830544694108,2,0
TK,Turkish Airlines,ESB,AJI,Turkey,Asia,73W,Boeing 737-700 (winglets),1998,26,narrowbody,0,143,856.9528512953121,2,0
TK,Turkish Airlines,ESB,AYT,Turkey,Asia,738,Boeing 737-800,1998,26,narrowbody,0,162,406.6659200019612,126,0
TK,Turkish Airlines,ESB,BAL,Turkey,Asia,73W,Boeing 737-700 (winglets),1998,26,narrowbody,0,143,742.588286572025,3,0
TK,Turkish Airlines,ESB,BGG,Turkey,Asia,738,Boeing 737-800,1998,26,narrowbody,0,162,667.0759797975135,2,0
TK,Turkish Airlines,ESB,BGW,Iraq,Asia,738,Boeing 737-800,1998,26,narrowbody,0,162,1258.0368572934854,14,0
TK,Turkish Airlines,ESB,BJV,Turkey,Asia,73G,Boeing 737-700,1998,26,narrowbody,0,143,562.3636674819546,32,0
TK,Turkish Airlines,ESB,CKZ,Turkey,Asia,73G,Boeing 737-700,1998,26,narrowbody,0,143,558.2727702206648,1,0
TK,Turkish Airlines,ESB,DIY,Turkey,Asia,738,Boeing 737-800,1998,26,narrowbody,0,162,670.0740966423157,7,0
TK,Turkish Airlines,ESB,ECN,Cyprus,Asia,738,Boeing 737-800,1998,26,narrowbody,0,162,554.770408853908,14,0
TK,Turkish Airlines,ESB,ERC,Turkey,Asia,73W,Boeing 737-700 (winglets),1998,26,narrowbody,0,143,558.8544611430976,3,0
TK,Turkish Airlines,ESB,ERZ,Turkey,Asia,738,Boeing 737-800,1998,26,narrowbody,0,162,695.9419258976735,5,0
TK,Turkish Airlines,ESB,EZS,Turkey,Asia,738,Boeing 737-800,1998,26,narrowbody,0,162,566.9205786691266,6,0
TK,Turkish Airlines,ESB,FRA,Germany,Europe,738,Boeing 737-800,1998,26,narrowbody,0,162,2196.778261571037,493,0
TK,Turkish Airlines,ESB,GNY,Turkey,Asia,73W,Boeing 737-700 (winglets),1998,26,narrowbody,0,143,591.8513957864848,5,0
TK,Turkish Airlines,ESB,GNY,Turkey,Asia,738,Boeing 737-800,1998,26,narrowbody,0,162,591.8513957864848,5,0
TK,Turkish Airlines,ESB,GZP,Turkey,Asia,73G,Boeing 737-700,1998,26,narrowbody,0,143,430.04986175461534,6,0
TK,Turkish Airlines,ESB,GZT,Turkey,Asia,73W,Boeing 737-700 (winglets),1998,26,narrowbody,0,143,526.3413979291436,9,0
TK,Turkish Airlines,ESB,GZT,Turkey,Asia,738,Boeing 737-800,1998,26,narrowbody,0,162,526.3413979291436,9,0
TK,Turkish Airlines,ESB,GZT,Turkey,Asia,73G,Boeing 737-700,1998,26,narrowbody,0,143,526.3413979291436,9,0
TK,Turkish Airlines,ESB,HTY,Turkey,Asia,738,Boeing 737-800,1998,26,narrowbody,0,162,507.5501106100636,9,0
TK,Turkish Airlines,ESB,IGD,Turkey,Asia,738,Boeing 737-800,1998,26,narrowbody,0,162,925.7569051442648,2,0
TK,Turkish Airlines,ESB,IST,Turkey,Asia,738,Boeing 737-800,1998,26,narrowbody,0,162,379.70563126123216,361,0
TK,Turkish Airlines,ESB,IST,Turkey,Asia,320,Airbus A320,1988,36,narrowbody,0,150,379.70563126123216,361,0
TK,Turkish Airlines,ESB,IST,Turkey,Asia,739,Boeing 737-900,2001,23,narrowbody,0,177,379.70563126123216,361,0
TK,Turkish Airlines,ESB,IST,Turkey,Asia,330,Airbus A330,1994,30,widebody,1,277,379.70563126123216,361,0
TK,Turkish Airlines,ESB,IST,Turkey,Asia,321,Airbus A321,1994,30,narrowbody,0,185,379.70563126123216,361,0
TK,Turkish Airlines,ESB,IST,Turkey,Asia,319,Airbus A319,1996,28,narrowbody,0,124,379.70563126123216,361,0
TK,Turkish Airlines,ESB,IST,Turkey,Asia,343,Airbus A340-300,1993,31,widebody,1,277,379.70563126123216,361,0
TK,Turkish Airlines,ESB,KCM,Turkey,Asia,738,Boeing 737-800,1998,26,narrowbody,0,162,447.6348003744574,3,0
TK,Turkish Airlines,ESB,KCO,Turkey,Asia,73W,Boeing 737-700 (winglets),1998,26,narrowbody,0,143,255.5111804838214,1,0
TK,Turkish Airlines,ESB,KSY,Turkey,Asia,738,Boeing 737-800,1998,26,narrowbody,0,162,858.5266040435425,3,0
TK,Turkish Airlines,ESB,MLX,Turkey,Asia,73W,Boeing 737-700 (winglets),1998,26,narrowbody,0,143,477.1895438781942,4,0
TK,Turkish Airlines,ESB,MQM,Turkey,Asia,738,Boeing 737-800,1998,26,narrowbody,0,162,737.0707137440787,5,0
TK,Turkish Airlines,ESB,MSR,Turkey,Asia,738,Boeing 737-800,1998,26,narrowbody,0,162,759.5490486837682,3,0
TK,Turkish Airlines,ESB,SAW,Turkey,Asia,738,Boeing 737-800,1998,26,narrowbody,0,162,323.1277759211857,145,0
TK,Turkish Airlines,ESB,TEQ,Turkey,Asia,73W,Boeing 737-700 (winglets),1998,26,narrowbody,0,143,442.74561443626607,1,0
TK,Turkish Airlines,ESB,TZX,Turkey,Asia,738,Boeing 737-800,1998,26,narrowbody,0,162,581.8602440392094,10,0
TK,Turkish Airlines,ESB,VAN,Turkey,Asia,738,Boeing 737-800,1998,26,narrowbody,0,162,907.8907455444179,5,0
TK,Turkish Airlines,ESB,VIE,Austria,Europe,738,Boeing 737-800,1998,26,narrowbody,0,162,1578.1705546556304,308,0
TK,Turkish Airlines,ESB,VKO,Russia,Europe,738,Boeing 737-800,1998,26,narrowbody,0,162,1747.83265072243,85,0
TK,Turkish Airlines,EZE,GRU,Brazil,South America,343,Airbus A340-300,1993,31,widebody,1,277,1722.1992250300852,194,0
TK,Turkish Airlines,EZS,ESB,Turkey,Asia,738,Boeing 737-800,1998,26,narrowbody,0,162,566.9205786691266,53,0
TK,Turkish Airlines,EZS,IST,Turkey,Asia,320,Airbus A320,1988,36,narrowbody,0,150,945.5137596718054,361,0
TK,Turkish Airlines,EZS,SAW,Turkey,Asia,73W,Boeing 737-700 (winglets),1998,26,narrowbody,0,143,890.0011000346326,145,0
TK,Turkish Airlines,FCO,IST,Turkey,Asia,320,Airbus A320,1988,36,narrowbody,0,150,1373.530495406658,361,0
TK,Turkish Airlines,FCO,IST,Turkey,Asia,321,Airbus A321,1994,30,narrowbody,0,185,1373.530495406658,361,0
TK,Turkish Airlines,FCO,IST,Turkey,Asia,319,Airbus A319,1996,28,narrowbody,0,124,1373.530495406658,361,0
TK,Turkish Airlines,FDH,IST,Turkey,Asia,738,Boeing 737-800,1998,26,narrowbody,0,162,1678.1778780112675,361,0
TK,Turkish Airlines,FIH,IST,Turkey,Asia,739,Boeing 737-900,2001,23,narrowbody,0,177,5254.127548858037,361,0
TK,Turkish Airlines,FRA,ESB,Turkey,Asia,738,Boeing 737-800,1998,26,narrowbody,0,162,2196.778261571037,53,0
TK,Turkish Airlines,FRA,IST,Turkey,Asia,320,Airbus A320,1988,36,narrowbody,0,150,1837.3628964355316,361,0
TK,Turkish Airlines,FRA,IST,Turkey,Asia,330,Airbus A330,1994,30,widebody,1,277,1837.3628964355316,361,0
TK,Turkish Airlines,FRA,IST,Turkey,Asia,321,Airbus A321,1994,30,narrowbody,0,185,1837.3628964355316,361,0
TK,Turkish Airlines,FRA,IST,Turkey,Asia,343,Airbus A340-300,1993,31,widebody,1,277,1837.3628964355316,361,0
TK,Turkish Airlines,FRA,IST,Turkey,Asia,332,Airbus A330-200,1998,26,widebody,1,247,1837.3628964355316,361,0
TK,Turkish Airlines,FRA,SAW,Turkey,Asia,738,Boeing 737-800,1998,26,narrowbody,0,162,1900.019102831377,145,0
TK,Turkish Airlines,FRU,IST,Turkey,Asia,738,Boeing 737-800,1998,26,narrowbody,0,162,3726.733556768057,361,0
TK,Turkish Airlines,FRU,ULN,Mongolia,Asia,738,Boeing 737-800,1998,26,narrowbody,0,162,2554.474603938023,20,0
TK,Turkish Airlines,FUK,ICN,South Korea,Asia,321,Airbus A321,1994,30,narrowbody,0,185,563.319033405752,370,0
TK,Turkish Airlines,FUK,ICN,South Korea,Asia,763,Boeing 767-300,1986,38,widebody,1,218,563.319033405752,370,0
TK,Turkish Airlines,GNY,ESB,Turkey,Asia,73W,Boeing 737-700 (winglets),1998,26,narrowbody,0,143,591.8513957864848,53,0
TK,Turkish Airlines,GNY,ESB,Turkey,Asia,738,Boeing 737-800,1998,26,narrowbody,0,162,591.8513957864848,53,0
TK,Turkish Airlines,GNY,IST,Turkey,Asia,320,Airbus A320,1988,36,narrowbody,0,150,969.6379503240382,361,0
TK,Turkish Airlines,GOA,IST,Turkey,Asia,738,Boeing 737-800,1998,26,narrowbody,0,162,1656.2409264347698,361,0
TK,Turkish Airlines,GOA,IST,Turkey,Asia,739,Boeing 737-900,2001,23,narrowbody,0,177,1656.2409264347698,361,0
TK,Turkish Airlines,GOA,IST,Turkey,Asia,330,Airbus A330,1994,30,widebody,1,277,1656.2409264347698,361,0
TK,Turkish Airlines,GOT,IST,Turkey,Asia,739,Boeing 737-900,2001,23,narrowbody,0,177,2163.8157477092145,361,0
TK,Turkish Airlines,GOT,IST,Turkey,Asia,738,Boeing 737-800,1998,26,narrowbody,0,162,2163.8157477092145,361,0
TK,Turkish Airlines,GRU,EZE,Argentina,South America,343,Airbus A340-300,1993,31,widebody,1,277,1722.1992250300852,74,0
TK,Turkish Airlines,GRU,IST,Turkey,Asia,343,Airbus A340-300,1993,31,widebody,1,277,10559.407182669735,361,0
TK,Turkish Airlines,GVA,IST,Turkey,Asia,320,Airbus A320,1988,36,narrowbody,0,150,1892.9378442640143,361,0
TK,Turkish Airlines,GVA,IST,Turkey,Asia,738,Boeing 737-800,1998,26,narrowbody,0,162,1892.9378442640143,361,0
TK,Turkish Airlines,GVA,IST,Turkey,Asia,321,Airbus A321,1994,30,narrowbody,0,185,1892.9378442640143,361,0
TK,Turkish Airlines,GYD,IST,Turkey,Asia,321,Airbus A321,1994,30,narrowbody,0,185,1788.3001856867832,361,0
TK,Turkish Airlines,GYD,IST,Turkey,Asia,738,Boeing 737-800,1998,26,narrowbody,0,162,1788.3001856867832,361,0
TK,Turkish Airlines,GYD,IST,Turkey,Asia,320,Airbus A320,1988,36,narrowbody,0,150,1788.3001856867832,361,0
TK,Turkish Airlines,GZP,ESB,Turkey,Asia,73G,Boeing 737-700,1998,26,narrowbody,0,143,430.04986175461534,53,0
TK,Turkish Airlines,GZT,ESB,Turkey,Asia,73G,Boeing 737-700,1998,26,narrowbody,0,143,526.3413979291436,53,0
TK,Turkish Airlines,GZT,ESB,Turkey,Asia,73W,Boeing 737-700 (winglets),1998,26,narrowbody,0,143,526.3413979291436,53,0
TK,Turkish Airlines,GZT,ESB,Turkey,Asia,738,Boeing 737-800,1998,26,narrowbody,0,162,526.3413979291436,53,0
TK,Turkish Airlines,GZT,IST,Turkey,Asia,320,Airbus A320,1988,36,narrowbody,0,150,892.9042891239604,361,0
TK,Turkish Airlines,GZT,IST,Turkey,Asia,738,Boeing 737-800,1998,26,narrowbody,0,162,892.9042891239604,361,0
TK,Turkish Airlines,GZT,IST,Turkey,Asia,319,Airbus A319,1996,28,narrowbody,0,124,892.9042891239604,361,0
TK,Turkish Airlines,GZT,IST,Turkey,Asia,321,Airbus A321,1994,30,narrowbody,0,185,892.9042891239604,361,0
TK,Turkish Airlines,GZT,IST,Turkey,Asia,73W,Boeing 737-700 (winglets),1998,26,narrowbody,0,143,892.9042891239604,361,0
TK,Turkish Airlines,GZT,SAW,Turkey,Asia,73G,Boeing 737-700,1998,26,narrowbody,0,143,831.6267991322222,145,0
TK,Turkish Airlines,HAJ,IST,Turkey,Asia,321,Airbus A321,1994,30,narrowbody,0,185,1899.5292233098319,361,0
TK,Turkish Airlines,HAJ,IST,Turkey,Asia,739,Boeing 737-900,2001,23,narrowbody,0,177,1899.5292233098319,361,0
TK,Turkish Airlines,HAJ,IST,Turkey,Asia,738,Boeing 737-800,1998,26,narrowbody,0,162,1899.5292233098319,361,0
TK,Turkish Airlines,HAM,ADB,Turkey,Asia,320,Airbus A320,1988,36,narrowbody,0,150,2149.103941098579,67,0
TK,Turkish Airlines,HAM,AYT,Turkey,Asia,320,Airbus A320,1988,36,narrowbody,0,150,2454.153749989482,126,0
TK,Turkish Airlines,HAM,IST,Turkey,Asia,320,Airbus A320,1988,36,narrowbody,0,150,1957.7898952569096,361,0
TK,Turkish Airlines,HAM,IST,Turkey,Asia,321,Airbus A321,1994,30,narrowbody,0,185,1957.7898952569096,361,0
TK,Turkish Airlines,HAM,IST,Turkey,Asia,738,Boeing 737-800,1998,26,narrowbody,0,162,1957.7898952569096,361,0
TK,Turkish Airlines,HBE,IST,Turkey,Asia,73W,Boeing 737-700 (winglets),1998,26,narrowbody,0,143,1154.8099734612804,361,0
TK,Turkish Airlines,HBE,IST,Turkey,Asia,319,Airbus A319,1996,28,narrowbody,0,124,1154.8099734612804,361,0
TK,Turkish Airlines,HEL,IST,Turkey,Asia,321,Airbus A321,1994,30,narrowbody,0,185,2133.190474043613,361,0
TK,Turkish Airlines,HIJ,ICN,South Korea,Asia,321,Airbus A321,1994,30,narrowbody,0,185,672.5860515618012,370,0
TK,Turkish Airlines,HKG,BKK,Thailand,Asia,330,Airbus A330,1994,30,widebody,1,277,1689.3911501352184,330,0
TK,Turkish Airlines,HKG,IST,Turkey,Asia,77W,Boeing 777-300ER,2004,20,widebody,1,365,8005.873365117917,361,0
TK,Turkish Airlines,HRE,LUN,Zambia,Africa,788,Boeing 787-8,2011,13,widebody,1,242,403.4300993732306,33,1
TK,Turkish Airlines,HRG,IST,Turkey,Asia,738,Boeing 737-800,1998,26,narrowbody,0,162,1633.9498895019997,361,0
TK,Turkish Airlines,HRG,IST,Turkey,Asia,320,Airbus A320,1988,36,narrowbody,0,150,1633.9498895019997,361,0
TK,Turkish Airlines,HTY,ESB,Turkey,Asia,738,Boeing 737-800,1998,26,narrowbody,0,162,507.5501106100636,53,0
TK,Turkish Airlines,HTY,IST,Turkey,Asia,73W,Boeing 737-700 (winglets),1998,26,narrowbody,0,143,850.2853709942001,361,0
TK,Turkish Airlines,HTY,IST,Turkey,Asia,738,Boeing 737-800,1998,26,narrowbody,0,162,850.2853709942001,361,0
TK,Turkish Airlines,HTY,IST,Turkey,Asia,320,Airbus A320,1988,36,narrowbody,0,150,850.2853709942001,361,0
TK,Turkish Airlines,HTY,IST,Turkey,Asia,321,Airbus A321,1994,30,narrowbody,0,185,850.2853709942001,361,0
TK,Turkish Airlines,HTY,SAW,Turkey,Asia,73W,Boeing 737-700 (winglets),1998,26,narrowbody,0,143,787.7319458903048,145,0
TK,Turkish Airlines,IAD,IST,Turkey,Asia,330,Airbus A330,1994,30,widebody,1,277,8387.848094560271,361,0
TK,Turkish Airlines,IAH,IST,Turkey,Asia,77W,Boeing 777-300ER,2004,20,widebody,1,365,10231.908081071097,361,0
TK,Turkish Airlines,IAH,MSY,United States,North America,320,Airbus A320,1988,36,narrowbody,0,150,489.5347076781417,125,0
TK,Turkish Airlines,ICN,FUK,Japan,Asia,333,Airbus A330-300,1994,30,widebody,1,277,563.319033405752,85,0
TK,Turkish Airlines,ICN,FUK,Japan,Asia,77L,Boeing 777-200LR,2006,18,widebody,1,317,563.319033405752,85,0
TK,Turkish Airlines,ICN,HIJ,Japan,Asia,321,Airbus A321,1994,30,narrowbody,0,185,672.5860515618012,17,0
TK,Turkish Airlines,ICN,IST,Turkey,Asia,343,Airbus A340-300,1993,31,widebody,1,277,7922.956613048466,361,0
TK,Turkish Airlines,ICN,IST,Turkey,Asia,330,Airbus A330,1994,30,widebody,1,277,7922.956613048466,361,0
TK,Turkish Airlines,ICN,NGO,Japan,Asia,321,Airbus A321,1994,30,narrowbody,0,185,973.1496110768024,85,0
TK,Turkish Airlines,ICN,NGO,Japan,Asia,763,Boeing 767-300,1986,38,widebody,1,218,973.1496110768024,85,0
TK,Turkish Airlines,ICN,SYD,Australia,Oceania,772,Boeing 777-200,1995,29,widebody,1,314,8342.753253633262,202,0
TK,Turkish Airlines,ICN,VVO,Russia,Europe,321,Airbus A321,1994,30,narrowbody,0,185,816.4098808716832,26,0
TK,Turkish Airlines,IFN,IST,Turkey,Asia,738,Boeing 737-800,1998,26,narrowbody,0,162,2250.926618779077,361,0
TK,Turkish Airlines,IGD,ESB,Turkey,Asia,738,Boeing 737-800,1998,26,narrowbody,0,162,925.7569051442648,53,0
TK,Turkish Airlines,IGD,IST,Turkey,Asia,320,Airbus A320,1988,36,narrowbody,0,150,1282.9273081121084,361,0
TK,Turkish Airlines,IKA,IST,Turkey,Asia,332,Airbus A330-200,1998,26,widebody,1,247,2052.350054213294,361,0
TK,Turkish Airlines,IKA,IST,Turkey,Asia,321,Airbus A321,1994,30,narrowbody,0,185,2052.350054213294,361,0
TK,Turkish Airlines,IKA,IST,Turkey,Asia,738,Boeing 737-800,1998,26,narrowbody,0,162,2052.350054213294,361,0
TK,Turkish Airlines,IKA,IST,Turkey,Asia,739,Boeing 737-900,2001,23,narrowbody,0,177,2052.350054213294,361,0
TK,Turkish Airlines,IKA,SAW,Turkey,Asia,738,Boeing 737-800,1998,26,narrowbody,0,162,1998.541333332827,145,0
TK,Turkish Airlines,ISB,IST,Turkey,Asia,738,Boeing 737-800,1998,26,narrowbody,0,162,3944.0374923553577,361,0
TK,Turkish Airlines,ISE,IST,Turkey,Asia,738,Boeing 737-800,1998,26,narrowbody,0,162,404.7089535178576,361,0
TK,Turkish Airlines,ISE,IST,Turkey,Asia,73W,Boeing 737-700 (winglets),1998,26,narrowbody,0,143,404.7089535178576,361,0
TK,Turkish Airlines,ISE,IST,Turkey,Asia,319,Airbus A319,1996,28,narrowbody,0,124,404.7089535178576,361,0
TK,Turkish Airlines,IST,AAL,Denmark,Europe,319,Airbus A319,1996,28,narrowbody,0,124,2216.013648028987,21,0
TK,Turkish Airlines,IST,AAL,Denmark,Europe,738,Boeing 737-800,1998,26,narrowbody,0,162,2216.013648028987,21,0
TK,Turkish Airlines,IST,ACC,Ghana,Africa,739,Boeing 737-900,2001,23,narrowbody,0,177,4894.565872277203,53,1
TK,Turkish Airlines,IST,ADA,Turkey,Asia,319,Airbus A319,1996,28,narrowbody,0,124,737.8429891369112,17,0
TK,Turkish Airlines,IST,ADA,Turkey,Asia,320,Airbus A320,1988,36,narrowbody,0,150,737.8429891369112,17,0
TK,Turkish Airlines,IST,ADA,Turkey,Asia,738,Boeing 737-800,1998,26,narrowbody,0,162,737.8429891369112,17,0
TK,Turkish Airlines,IST,ADA,Turkey,Asia,321,Airbus A321,1994,30,narrowbody,0,185,737.8429891369112,17,0
TK,Turkish Airlines,IST,ADA,Turkey,Asia,73W,Boeing 737-700 (winglets),1998,26,narrowbody,0,143,737.8429891369112,17,0
TK,Turkish Airlines,IST,ADA,Turkey,Asia,739,Boeing 737-900,2001,23,narrowbody,0,177,737.8429891369112,17,0
TK,Turkish Airlines,IST,ADB,Turkey,Asia,320,Airbus A320,1988,36,narrowbody,0,150,358.5706261265074,67,0
TK,Turkish Airlines,IST,ADB,Turkey,Asia,738,Boeing 737-800,1998,26,narrowbody,0,162,358.5706261265074,67,0
TK,Turkish Airlines,IST,ADB,Turkey,Asia,330,Airbus A330,1994,30,widebody,1,277,358.5706261265074,67,0
TK,Turkish Airlines,IST,ADB,Turkey,Asia,319,Airbus A319,1996,28,narrowbody,0,124,358.5706261265074,67,0
TK,Turkish Airlines,IST,ADB,Turkey,Asia,739,Boeing 737-900,2001,23,narrowbody,0,177,358.5706261265074,67,0
TK,Turkish Airlines,IST,ADB,Turkey,Asia,321,Airbus A321,1994,30,narrowbody,0,185,358.5706261265074,67,0
TK,Turkish Airlines,IST,ADB,Turkey,Asia,343,Airbus A340-300,1993,31,widebody,1,277,358.5706261265074,67,0
TK,Turkish Airlines,IST,ADB,Turkey,Asia,73W,Boeing 737-700 (winglets),1998,26,narrowbody,0,143,358.5706261265074,67,0
TK,Turkish Airlines,IST,ADB,Turkey,Asia,77W,Boeing 777-300ER,2004,20,widebody,1,365,358.5706261265074,67,0
TK,Turkish Airlines,IST,ADD,Ethiopia,Africa,738,Boeing 737-800,1998,26,narrowbody,0,162,3724.8483307893653,109,1
TK,Turkish Airlines,IST,ADF,Turkey,Asia,738,Boeing 737-800,1998,26,narrowbody,0,162,921.3908754793013,2,0
TK,Turkish Airlines,IST,ADF,Turkey,Asia,320,Airbus A320,1988,36,narrowbody,0,150,921.3908754793013,2,0
TK,Turkish Airlines,IST,AER,Russia,Europe,321,Airbus A321,1994,30,narrowbody,0,185,950.9857571341273,26,0
TK,Turkish Airlines,IST,AGP,Spain,Europe,738,Boeing 737-800,1998,26,narrowbody,0,162,2901.277193946394,204,0
TK,Turkish Airlines,IST,AJI,Turkey,Asia,738,Boeing 737-800,1998,26,narrowbody,0,162,1219.4896224469321,2,0
TK,Turkish Airlines,IST,ALA,Kazakhstan,Asia,738,Boeing 737-800,1998,26,narrowbody,0,162,3921.436165544772,67,0
TK,Turkish Airlines,IST,ALA,Kazakhstan,Asia,320,Airbus A320,1988,36,narrowbody,0,150,3921.436165544772,67,0
TK,Turkish Airlines,IST,ALG,Algeria,Africa,321,Airbus A321,1994,30,narrowbody,0,185,2256.522890184841,88,1
TK,Turkish Airlines,IST,ALG,Algeria,Africa,738,Boeing 737-800,1998,26,narrowbody,0,162,2256.522890184841,88,1
TK,Turkish Airlines,IST,AMM,Jordan,Asia,321,Airbus A321,1994,30,narrowbody,0,185,1242.769695946363,112,0
TK,Turkish Airlines,IST,AMM,Jordan,Asia,320,Airbus A320,1988,36,narrowbody,0,150,1242.769695946363,112,0
TK,Turkish Airlines,IST,AMS,Netherlands,Europe,343,Airbus A340-300,1993,31,widebody,1,277,2183.7578098809613,450,0
TK,Turkish Airlines,IST,AMS,Netherlands,Europe,321,Airbus A321,1994,30,narrowbody,0,185,2183.7578098809613,450,0
TK,Turkish Airlines,IST,AMS,Netherlands,Europe,320,Airbus A320,1988,36,narrowbody,0,150,2183.7578098809613,450,0
TK,Turkish Airlines,IST,AMS,Netherlands,Europe,330,Airbus A330,1994,30,widebody,1,277,2183.7578098809613,450,0
TK,Turkish Airlines,IST,AQJ,Jordan,Asia,319,Airbus A319,1996,28,narrowbody,0,124,1414.69462522381,2,0
TK,Turkish Airlines,IST,ARN,Sweden,Europe,321,Airbus A321,1994,30,narrowbody,0,185,2176.0016916644513,220,0
TK,Turkish Airlines,IST,ARN,Sweden,Europe,738,Boeing 737-800,1998,26,narrowbody,0,162,2176.0016916644513,220,0
TK,Turkish Airlines,IST,ASB,Turkmenistan,Asia,321,Airbus A321,1994,30,narrowbody,0,185,2549.326011787946,15,0
TK,Turkish Airlines,IST,ASR,Turkey,Asia,321,Airbus A321,1994,30,narrowbody,0,185,637.952072006734,8,0
TK,Turkish Airlines,IST,ASR,Turkey,Asia,738,Boeing 737-800,1998,26,narrowbody,0,162,637.952072006734,8,0
TK,Turkish Airlines,IST,ASR,Turkey,Asia,320,Airbus A320,1988,36,narrowbody,0,150,637.952072006734,8,0
TK,Turkish Airlines,IST,ASR,Turkey,Asia,739,Boeing 737-900,2001,23,narrowbody,0,177,637.952072006734,8,0
TK,Turkish Airlines,IST,ASR,Turkey,Asia,319,Airbus A319,1996,28,narrowbody,0,124,637.952072006734,8,0
TK,Turkish Airlines,IST,ASR,Turkey,Asia,73W,Boeing 737-700 (winglets),1998,26,narrowbody,0,143,637.952072006734,8,0
TK,Turkish Airlines,IST,ATH,Greece,Europe,321,Airbus A321,1994,30,narrowbody,0,185,554.323654701386,206,0
TK,Turkish Airlines,IST,ATH,Greece,Europe,738,Boeing 737-800,1998,26,narrowbody,0,162,554.323654701386,206,0
TK,Turkish Airlines,IST,ATH,Greece,Europe,320,Airbus A320,1988,36,narrowbody,0,150,554.323654701386,206,0
TK,Turkish Airlines,IST,AUH,United Arab Emirates,Asia,738,Boeing 737-800,1998,26,narrowbody,0,162,3038.8687220918555,236,0
TK,Turkish Airlines,IST,AUH,United Arab Emirates,Asia,321,Airbus A321,1994,30,narrowbody,0,185,3038.8687220918555,236,0
TK,Turkish Airlines,IST,AYT,Turkey,Asia,738,Boeing 737-800,1998,26,narrowbody,0,162,517.7311880342583,126,0
TK,Turkish Airlines,IST,AYT,Turkey,Asia,319,Airbus A319,1996,28,narrowbody,0,124,517.7311880342583,126,0
TK,Turkish Airlines,IST,AYT,Turkey,Asia,321,Airbus A321,1994,30,narrowbody,0,185,517.7311880342583,126,0
TK,Turkish Airlines,IST,AYT,Turkey,Asia,320,Airbus A320,1988,36,narrowbody,0,150,517.7311880342583,126,0
TK,Turkish Airlines,IST,AYT,Turkey,Asia,739,Boeing 737-900,2001,23,narrowbody,0,177,517.7311880342583,126,0
TK,Turkish Airlines,IST,BAH,Bahrain,Asia,321,Airbus A321,1994,30,narrowbody,0,185,2608.3927411877003,86,0
TK,Turkish Airlines,IST,BAL,Turkey,Asia,320,Airbus A320,1988,36,narrowbody,0,150,1121.5592157838496,3,0
TK,Turkish Airlines,IST,BAL,Turkey,Asia,319,Airbus A319,1996,28,narrowbody,0,124,1121.5592157838496,3,0
TK,Turkish Airlines,IST,BCN,Spain,Europe,332,Airbus A330-200,1998,26,widebody,1,247,2219.829939637271,392,0
TK,Turkish Airlines,IST,BCN,Spain,Europe,321,Airbus A321,1994,30,narrowbody,0,185,2219.829939637271,392,0
TK,Turkish Airlines,IST,BCN,Spain,Europe,738,Boeing 737-800,1998,26,narrowbody,0,162,2219.829939637271,392,0
TK,Turkish Airlines,IST,BCN,Spain,Europe,320,Airbus A320,1988,36,narrowbody,0,150,2219.829939637271,392,0
TK,Turkish Airlines,IST,BCN,Spain,Europe,330,Airbus A330,1994,30,widebody,1,277,2219.829939637271,392,0
TK,Turkish Airlines,IST,BEG,Serbia,Europe,738,Boeing 737-800,1998,26,narrowbody,0,162,790.5526647845994,85,0
TK,Turkish Airlines,IST,BEG,Serbia,Europe,319,Airbus A319,1996,28,narrowbody,0,124,790.5526647845994,85,0
TK,Turkish Airlines,IST,BEG,Serbia,Europe,321,Airbus A321,1994,30,narrowbody,0,185,790.5526647845994,85,0
TK,Turkish Airlines,IST,BEN,Libya,Africa,738,Boeing 737-800,1998,26,narrowbody,0,162,1268.8929537179365,25,1
TK,Turkish Airlines,IST,BEN,Libya,Africa,739,Boeing 737-900,2001,23,narrowbody,0,177,1268.8929537179365,25,1
TK,Turkish Airlines,IST,BEY,Lebanon,Asia,321,Airbus A321,1994,30,narrowbody,0,185,1018.9336543771389,66,0
TK,Turkish Airlines,IST,BEY,Lebanon,Asia,739,Boeing 737-900,2001,23,narrowbody,0,177,1018.9336543771389,66,0
TK,Turkish Airlines,IST,BEY,Lebanon,Asia,738,Boeing 737-800,1998,26,narrowbody,0,162,1018.9336543771389,66,0
TK,Turkish Airlines,IST,BGG,Turkey,Asia,319,Airbus A319,1996,28,narrowbody,0,124,1042.1259411213425,2,0
TK,Turkish Airlines,IST,BGW,Iraq,Asia,738,Boeing 737-800,1998,26,narrowbody,0,162,1630.424882619033,14,0
TK,Turkish Airlines,IST,BHX,United Kingdom,Europe,739,Boeing 737-900,2001,23,narrowbody,0,177,2603.563554974207,131,0
TK,Turkish Airlines,IST,BHX,United Kingdom,Europe,738,Boeing 737-800,1998,26,narrowbody,0,162,2603.563554974207,131,0
TK,Turkish Airlines,IST,BIO,Spain,Europe,320,Airbus A320,1988,36,narrowbody,0,150,2598.5950706437065,63,0
TK,Turkish Airlines,IST,BJV,Turkey,Asia,738,Boeing 737-800,1998,26,narrowbody,0,162,457.20322066049727,32,0
TK,Turkish Airlines,IST,BJV,Turkey,Asia,321,Airbus A321,1994,30,narrowbody,0,185,457.20322066049727,32,0
TK,Turkish Airlines,IST,BJV,Turkey,Asia,320,Airbus A320,1988,36,narrowbody,0,150,457.20322066049727,32,0
TK,Turkish Airlines,IST,BKK,Thailand,Asia,77W,Boeing 777-300ER,2004,20,widebody,1,365,7512.180688029346,330,0
TK,Turkish Airlines,IST,BKK,Thailand,Asia,330,Airbus A330,1994,30,widebody,1,277,7512.180688029346,330,0
TK,Turkish Airlines,IST,BLL,Denmark,Europe,319,Airbus A319,1996,28,narrowbody,0,124,2146.359058728518,47,0
TK,Turkish Airlines,IST,BLL,Denmark,Europe,738,Boeing 737-800,1998,26,narrowbody,0,162,2146.359058728518,47,0
TK,Turkish Airlines,IST,BLQ,Italy,Europe,320,Airbus A320,1988,36,narrowbody,0,150,1464.6628646896436,88,0
TK,Turkish Airlines,IST,BLQ,Italy,Europe,321,Airbus A321,1994,30,narrowbody,0,185,1464.6628646896436,88,0
TK,Turkish Airlines,IST,BOM,India,Asia,77W,Boeing 777-300ER,2004,20,widebody,1,365,4834.6311069090625,225,0
TK,Turkish Airlines,IST,BRE,Germany,Europe,320,Airbus A320,1988,36,narrowbody,0,150,1985.8451549645285,50,0
TK,Turkish Airlines,IST,BRU,Belgium,Europe,738,Boeing 737-800,1998,26,narrowbody,0,162,2141.4819857278685,315,0
TK,Turkish Airlines,IST,BRU,Belgium,Europe,321,Airbus A321,1994,30,narrowbody,0,185,2141.4819857278685,315,0
TK,Turkish Airlines,IST,BRU,Belgium,Europe,343,Airbus A340-300,1993,31,widebody,1,277,2141.4819857278685,315,0
TK,Turkish Airlines,IST,BRU,Belgium,Europe,320,Airbus A320,1988,36,narrowbody,0,150,2141.4819857278685,315,0
TK,Turkish Airlines,IST,BRU,Belgium,Europe,330,Airbus A330,1994,30,widebody,1,277,2141.4819857278685,315,0
TK,Turkish Airlines,IST,BSL,France,Europe,738,Boeing 737-800,1998,26,narrowbody,0,162,1818.1067179700651,94,0
TK,Turkish Airlines,IST,BSR,Iraq,Asia,738,Boeing 737-800,1998,26,narrowbody,0,162,2071.675512947047,8,0
TK,Turkish Airlines,IST,BUD,Hungary,Europe,321,Airbus A321,1994,30,narrowbody,0,185,1017.3621020642482,97,0
TK,Turkish Airlines,IST,BUD,Hungary,Europe,738,Boeing 737-800,1998,26,narrowbody,0,162,1017.3621020642482,97,0
TK,Turkish Airlines,IST,BUD,Hungary,Europe,320,Airbus A320,1988,36,narrowbody,0,150,1017.3621020642482,97,0
TK,Turkish Airlines,IST,BUD,Hungary,Europe,319,Airbus A319,1996,28,narrowbody,0,124,1017.3621020642482,97,0
TK,Turkish Airlines,IST,BUD,Hungary,Europe,739,Boeing 737-900,2001,23,narrowbody,0,177,1017.3621020642482,97,0
TK,Turkish Airlines,IST,BUS,Georgia,Asia,738,Boeing 737-800,1998,26,narrowbody,0,162,1070.5647368300874,6,0
TK,Turkish Airlines,IST,BUS,Georgia,Asia,73W,Boeing 737-700 (winglets),1998,26,narrowbody,0,143,1070.5647368300874,6,0
TK,Turkish Airlines,IST,BUS,Georgia,Asia,319,Airbus A319,1996,28,narrowbody,0,124,1070.5647368300874,6,0
TK,Turkish Airlines,IST,CAI,Egypt,Africa,320,Airbus A320,1988,36,narrowbody,0,150,1262.9522981678347,152,1
TK,Turkish Airlines,IST,CAI,Egypt,Africa,738,Boeing 737-800,1998,26,narrowbody,0,162,1262.9522981678347,152,1
TK,Turkish Airlines,IST,CAI,Egypt,Africa,321,Airbus A321,1994,30,narrowbody,0,185,1262.9522981678347,152,1
TK,Turkish Airlines,IST,CAI,Egypt,Africa,739,Boeing 737-900,2001,23,narrowbody,0,177,1262.9522981678347,152,1
TK,Turkish Airlines,IST,CAI,Egypt,Africa,319,Airbus A319,1996,28,narrowbody,0,124,1262.9522981678347,152,1
TK,Turkish Airlines,IST,CAN,China,Asia,330,Airbus A330,1994,30,widebody,1,277,7882.105170696843,336,0
TK,Turkish Airlines,IST,CAN,China,Asia,343,Airbus A340-300,1993,31,widebody,1,277,7882.105170696843,336,0
TK,Turkish Airlines,IST,CDG,France,Europe,330,Airbus A330,1994,30,widebody,1,277,2213.622594336838,517,0
TK,Turkish Airlines,IST,CDG,France,Europe,321,Airbus A321,1994,30,narrowbody,0,185,2213.622594336838,517,0
TK,Turkish Airlines,IST,CDG,France,Europe,320,Airbus A320,1988,36,narrowbody,0,150,2213.622594336838,517,0
TK,Turkish Airlines,IST,CDG,France,Europe,332,Airbus A330-200,1998,26,widebody,1,247,2213.622594336838,517,0
TK,Turkish Airlines,IST,CDG,France,Europe,77W,Boeing 777-300ER,2004,20,widebody,1,365,2213.622594336838,517,0
TK,Turkish Airlines,IST,CDG,France,Europe,738,Boeing 737-800,1998,26,narrowbody,0,162,2213.622594336838,517,0
TK,Turkish Airlines,IST,CGN,Germany,Europe,320,Airbus A320,1988,36,narrowbody,0,150,1967.6342735182257,131,0
TK,Turkish Airlines,IST,CGN,Germany,Europe,321,Airbus A321,1994,30,narrowbody,0,185,1967.6342735182257,131,0
TK,Turkish Airlines,IST,CMN,Morocco,Africa,330,Airbus A330,1994,30,widebody,1,277,3305.373925539541,125,1
TK,Turkish Airlines,IST,CMN,Morocco,Africa,332,Airbus A330-200,1998,26,widebody,1,247,3305.373925539541,125,1
TK,Turkish Airlines,IST,CMN,Morocco,Africa,343,Airbus A340-300,1993,31,widebody,1,277,3305.373925539541,125,1
TK,Turkish Airlines,IST,CND,Romania,Europe,738,Boeing 737-800,1998,26,narrowbody,0,162,343.92256660958355,1,0
TK,Turkish Airlines,IST,CND,Romania,Europe,319,Airbus A319,1996,28,narrowbody,0,124,343.92256660958355,1,0
TK,Turkish Airlines,IST,CPH,Denmark,Europe,321,Airbus A321,1994,30,narrowbody,0,185,1977.913049382376,228,0
TK,Turkish Airlines,IST,CPH,Denmark,Europe,738,Boeing 737-800,1998,26,narrowbody,0,162,1977.913049382376,228,0
TK,Turkish Airlines,IST,DAC,Bangladesh,Asia,332,Airbus A330-200,1998,26,widebody,1,247,5962.334855728908,74,0
TK,Turkish Airlines,IST,DAR,Tanzania,Africa,739,Boeing 737-900,2001,23,narrowbody,0,177,5459.497655923398,32,1
TK,Turkish Airlines,IST,DEL,India,Asia,330,Airbus A330,1994,30,widebody,1,277,4564.971794143512,263,0
TK,Turkish Airlines,IST,DIY,Turkey,Asia,319,Airbus A319,1996,28,narrowbody,0,124,1049.691209281224,7,0
TK,Turkish Airlines,IST,DIY,Turkey,Asia,738,Boeing 737-800,1998,26,narrowbody,0,162,1049.691209281224,7,0
TK,Turkish Airlines,IST,DIY,Turkey,Asia,321,Airbus A321,1994,30,narrowbody,0,185,1049.691209281224,7,0
TK,Turkish Airlines,IST,DIY,Turkey,Asia,320,Airbus A320,1988,36,narrowbody,0,150,1049.691209281224,7,0
TK,Turkish Airlines,IST,DIY,Turkey,Asia,73W,Boeing 737-700 (winglets),1998,26,narrowbody,0,143,1049.691209281224,7,0
TK,Turkish Airlines,IST,DLA,Cameroon,Africa,739,Boeing 737-900,2001,23,narrowbody,0,177,4557.9650185420605,47,1
TK,Turkish Airlines,IST,DLM,Turkey,Asia,320,Airbus A320,1988,36,narrowbody,0,150,507.30308838723727,59,0
TK,Turkish Airlines,IST,DLM,Turkey,Asia,321,Airbus A321,1994,30,narrowbody,0,185,507.30308838723727,59,0
TK,Turkish Airlines,IST,DLM,Turkey,Asia,738,Boeing 737-800,1998,26,narrowbody,0,162,507.30308838723727,59,0
TK,Turkish Airlines,IST,DMM,Saudi Arabia,Asia,321,Airbus A321,1994,30,narrowbody,0,185,2534.186170055546,82,0
TK,Turkish Airlines,IST,DNK,Ukraine,Europe,319,Airbus A319,1996,28,narrowbody,0,124,932.4668446975317,14,0
TK,Turkish Airlines,IST,DNZ,Turkey,Asia,738,Boeing 737-800,1998,26,narrowbody,0,162,396.4766658663916,2,0
TK,Turkish Airlines,IST,DNZ,Turkey,Asia,73W,Boeing 737-700 (winglets),1998,26,narrowbody,0,143,396.4766658663916,2,0
TK,Turkish Airlines,IST,DNZ,Turkey,Asia,320,Airbus A320,1988,36,narrowbody,0,150,396.4766658663916,2,0
TK,Turkish Airlines,IST,DNZ,Turkey,Asia,319,Airbus A319,1996,28,narrowbody,0,124,396.4766658663916,2,0
TK,Turkish Airlines,IST,DOH,Qatar,Asia,738,Boeing 737-800,1998,26,narrowbody,0,162,2755.9252851486194,188,0
TK,Turkish Airlines,IST,DOH,Qatar,Asia,321,Airbus A321,1994,30,narrowbody,0,185,2755.9252851486194,188,0
TK,Turkish Airlines,IST,DOK,Ukraine,Europe,319,Airbus A319,1996,28,narrowbody,0,124,1036.179312537877,15,0
TK,Turkish Airlines,IST,DOK,Ukraine,Europe,73W,Boeing 737-700 (winglets),1998,26,narrowbody,0,143,1036.179312537877,15,0
TK,Turkish Airlines,IST,DOK,Ukraine,Europe,738,Boeing 737-800,1998,26,narrowbody,0,162,1036.179312537877,15,0
TK,Turkish Airlines,IST,DUB,Ireland,Europe,738,Boeing 737-800,1998,26,narrowbody,0,162,2923.945986026803,207,0
TK,Turkish Airlines,IST,DUS,Germany,Europe,330,Airbus A330,1994,30,widebody,1,277,2011.1860414840687,285,0
TK,Turkish Airlines,IST,DUS,Germany,Europe,321,Airbus A321,1994,30,narrowbody,0,185,2011.1860414840687,285,0
TK,Turkish Airlines,IST,DUS,Germany,Europe,332,Airbus A330-200,1998,26,widebody,1,247,2011.1860414840687,285,0
TK,Turkish Airlines,IST,DUS,Germany,Europe,738,Boeing 737-800,1998,26,narrowbody,0,162,2011.1860414840687,285,0
TK,Turkish Airlines,IST,DUS,Germany,Europe,343,Airbus A340-300,1993,31,widebody,1,277,2011.1860414840687,285,0
TK,Turkish Airlines,IST,DXB,United Arab Emirates,Asia,77W,Boeing 777-300ER,2004,20,widebody,1,365,3028.33601126931,354,0
TK,Turkish Airlines,IST,DXB,United Arab Emirates,Asia,321,Airbus A321,1994,30,narrowbody,0,185,3028.33601126931,354,0
TK,Turkish Airlines,IST,DXB,United Arab Emirates,Asia,343,Airbus A340-300,1993,31,widebody,1,277,3028.33601126931,354,0
TK,Turkish Airlines,IST,DXB,United Arab Emirates,Asia,332,Airbus A330-200,1998,26,widebody,1,247,3028.33601126931,354,0
TK,Turkish Airlines,IST,DXB,United Arab Emirates,Asia,330,Airbus A330,1994,30,widebody,1,277,3028.33601126931,354,0
TK,Turkish Airlines,IST,DYU,Tajikistan,Asia,321,Airbus A321,1994,30,narrowbody,0,185,3401.1024795544677,54,0
TK,Turkish Airlines,IST,EBL,Iraq,Asia,321,Airbus A321,1994,30,narrowbody,0,185,1430.4572192916296,30,0
TK,Turkish Airlines,IST,ECN,Cyprus,Asia,321,Airbus A321,1994,30,narrowbody,0,185,796.5358827624045,14,0
TK,Turkish Airlines,IST,ECN,Cyprus,Asia,738,Boeing 737-800,1998,26,narrowbody,0,162,796.5358827624045,14,0
TK,Turkish Airlines,IST,ECN,Cyprus,Asia,320,Airbus A320,1988,36,narrowbody,0,150,796.5358827624045,14,0
TK,Turkish Airlines,IST,EDI,United Kingdom,Europe,738,Boeing 737-800,1998,26,narrowbody,0,162,2830.032658673231,118,0
TK,Turkish Airlines,IST,EDI,United Kingdom,Europe,739,Boeing 737-900,2001,23,narrowbody,0,177,2830.032658673231,118,0
TK,Turkish Airlines,IST,ELQ,Saudi Arabia,Asia,319,Airbus A319,1996,28,narrowbody,0,124,2160.976990145205,13,0
TK,Turkish Airlines,IST,ELQ,Saudi Arabia,Asia,73W,Boeing 737-700 (winglets),1998,26,narrowbody,0,143,2160.976990145205,13,0
TK,Turkish Airlines,IST,ERC,Turkey,Asia,320,Airbus A320,1988,36,narrowbody,0,150,926.9896248495183,3,0
TK,Turkish Airlines,IST,ERC,Turkey,Asia,738,Boeing 737-800,1998,26,narrowbody,0,162,926.9896248495183,3,0
TK,Turkish Airlines,IST,ERZ,Turkey,Asia,321,Airbus A321,1994,30,narrowbody,0,185,1057.4594548982113,5,0
TK,Turkish Airlines,IST,ERZ,Turkey,Asia,738,Boeing 737-800,1998,26,narrowbody,0,162,1057.4594548982113,5,0
TK,Turkish Airlines,IST,ERZ,Turkey,Asia,320,Airbus A320,1988,36,narrowbody,0,150,1057.4594548982113,5,0
TK,Turkish Airlines,IST,ESB,Turkey,Asia,738,Boeing 737-800,1998,26,narrowbody,0,162,379.70563126123216,53,0
TK,Turkish Airlines,IST,ESB,Turkey,Asia,320,Airbus A320,1988,36,narrowbody,0,150,379.70563126123216,53,0
TK,Turkish Airlines,IST,ESB,Turkey,Asia,330,Airbus A330,1994,30,widebody,1,277,379.70563126123216,53,0
TK,Turkish Airlines,IST,ESB,Turkey,Asia,739,Boeing 737-900,2001,23,narrowbody,0,177,379.70563126123216,53,0
TK,Turkish Airlines,IST,ESB,Turkey,Asia,321,Airbus A321,1994,30,narrowbody,0,185,379.70563126123216,53,0
TK,Turkish Airlines,IST,ESB,Turkey,Asia,319,Airbus A319,1996,28,narrowbody,0,124,379.70563126123216,53,0
TK,Turkish Airlines,IST,ESB,Turkey,Asia,343,Airbus A340-300,1993,31,widebody,1,277,379.70563126123216,53,0
TK,Turkish Airlines,IST,EZS,Turkey,Asia,320,Airbus A320,1988,36,narrowbody,0,150,945.5137596718054,6,0
TK,Turkish Airlines,IST,FCO,Italy,Europe,321,Airbus A321,1994,30,narrowbody,0,185,1373.530495406658,331,0
TK,Turkish Airlines,IST,FCO,Italy,Europe,320,Airbus A320,1988,36,narrowbody,0,150,1373.530495406658,331,0
TK,Turkish Airlines,IST,FCO,Italy,Europe,319,Airbus A319,1996,28,narrowbody,0,124,1373.530495406658,331,0
TK,Turkish Airlines,IST,FDH,Germany,Europe,738,Boeing 737-800,1998,26,narrowbody,0,162,1678.1778780112675,13,0
TK,Turkish Airlines,IST,FIH,Congo (Kinshasa),Africa,739,Boeing 737-900,2001,23,narrowbody,0,177,5254.127548858037,28,1
TK,Turkish Airlines,IST,FRA,Germany,Europe,320,Airbus A320,1988,36,narrowbody,0,150,1837.3628964355316,493,0
TK,Turkish Airlines,IST,FRA,Germany,Europe,330,Airbus A330,1994,30,widebody,1,277,1837.3628964355316,493,0
TK,Turkish Airlines,IST,FRA,Germany,Europe,321,Airbus A321,1994,30,narrowbody,0,185,1837.3628964355316,493,0
TK,Turkish Airlines,IST,FRA,Germany,Europe,343,Airbus A340-300,1993,31,widebody,1,277,1837.3628964355316,493,0
TK,Turkish Airlines,IST,FRA,Germany,Europe,332,Airbus A330-200,1998,26,widebody,1,247,1837.3628964355316,493,0
TK,Turkish Airlines,IST,FRU,Kyrgyzstan,Asia,738,Boeing 737-800,1998,26,narrowbody,0,162,3726.733556768057,45,0
TK,Turkish Airlines,IST,GNY,Turkey,Asia,320,Airbus A320,1988,36,narrowbody,0,150,969.6379503240382,5,0
TK,Turkish Airlines,IST,GOA,Italy,Europe,738,Boeing 737-800,1998,26,narrowbody,0,162,1656.2409264347698,20,0
TK,Turkish Airlines,IST,GOA,Italy,Europe,739,Boeing 737-900,2001,23,narrowbody,0,177,1656.2409264347698,20,0
TK,Turkish Airlines,IST,GOA,Italy,Europe,330,Airbus A330,1994,30,widebody,1,277,1656.2409264347698,20,0
TK,Turkish Airlines,IST,GOT,Sweden,Europe,739,Boeing 737-900,2001,23,narrowbody,0,177,2163.8157477092145,54,0
TK,Turkish Airlines,IST,GOT,Sweden,Europe,738,Boeing 737-800,1998,26,narrowbody,0,162,2163.8157477092145,54,0
TK,Turkish Airlines,IST,GRU,Brazil,South America,343,Airbus A340-300,1993,31,widebody,1,277,10559.407182669735,194,0
TK,Turkish Airlines,IST,GVA,Switzerland,Europe,738,Boeing 737-800,1998,26,narrowbody,0,162,1892.9378442640143,163,0
TK,Turkish Airlines,IST,GVA,Switzerland,Europe,321,Airbus A321,1994,30,narrowbody,0,185,1892.9378442640143,163,0
TK,Turkish Airlines,IST,GVA,Switzerland,Europe,320,Airbus A320,1988,36,narrowbody,0,150,1892.9378442640143,163,0
TK,Turkish Airlines,IST,GYD,Azerbaijan,Asia,321,Airbus A321,1994,30,narrowbody,0,185,1788.3001856867832,64,0
TK,Turkish Airlines,IST,GYD,Azerbaijan,Asia,738,Boeing 737-800,1998,26,narrowbody,0,162,1788.3001856867832,64,0
TK,Turkish Airlines,IST,GYD,Azerbaijan,Asia,320,Airbus A320,1988,36,narrowbody,0,150,1788.3001856867832,64,0
TK,Turkish Airlines,IST,GZT,Turkey,Asia,320,Airbus A320,1988,36,narrowbody,0,150,892.9042891239604,9,0
TK,Turkish Airlines,IST,GZT,Turkey,Asia,738,Boeing 737-800,1998,26,narrowbody,0,162,892.9042891239604,9,0
TK,Turkish Airlines,IST,GZT,Turkey,Asia,319,Airbus A319,1996,28,narrowbody,0,124,892.9042891239604,9,0
TK,Turkish Airlines,IST,GZT,Turkey,Asia,321,Airbus A321,1994,30,narrowbody,0,185,892.9042891239604,9,0
TK,Turkish Airlines,IST,GZT,Turkey,Asia,73W,Boeing 737-700 (winglets),1998,26,narrowbody,0,143,892.9042891239604,9,0
TK,Turkish Airlines,IST,HAJ,Germany,Europe,321,Airbus A321,1994,30,narrowbody,0,185,1899.5292233098319,76,0
TK,Turkish Airlines,IST,HAJ,Germany,Europe,739,Boeing 737-900,2001,23,narrowbody,0,177,1899.5292233098319,76,0
TK,Turkish Airlines,IST,HAJ,Germany,Europe,738,Boeing 737-800,1998,26,narrowbody,0,162,1899.5292233098319,76,0
TK,Turkish Airlines,IST,HAM,Germany,Europe,321,Airbus A321,1994,30,narrowbody,0,185,1957.7898952569096,160,0
TK,Turkish Airlines,IST,HAM,Germany,Europe,320,Airbus A320,1988,36,narrowbody,0,150,1957.7898952569096,160,0
TK,Turkish Airlines,IST,HAM,Germany,Europe,738,Boeing 737-800,1998,26,narrowbody,0,162,1957.7898952569096,160,0
TK,Turkish Airlines,IST,HBE,Egypt,Africa,73W,Boeing 737-700 (winglets),1998,26,narrowbody,0,143,1154.8099734612804,39,1
TK,Turkish Airlines,IST,HBE,Egypt,Africa,319,Airbus A319,1996,28,narrowbody,0,124,1154.8099734612804,39,1
TK,Turkish Airlines,IST,HEL,Finland,Europe,321,Airbus A321,1994,30,narrowbody,0,185,2133.190474043613,161,0
TK,Turkish Airlines,IST,HKG,Hong Kong,Asia,77W,Boeing 777-300ER,2004,20,widebody,1,365,8005.873365117917,355,0
TK,Turkish Airlines,IST,HRG,Egypt,Africa,738,Boeing 737-800,1998,26,narrowbody,0,162,1633.9498895019997,39,1
TK,Turkish Airlines,IST,HRG,Egypt,Africa,320,Airbus A320,1988,36,narrowbody,0,150,1633.9498895019997,39,1
TK,Turkish Airlines,IST,HTY,Turkey,Asia,73W,Boeing 737-700 (winglets),1998,26,narrowbody,0,143,850.2853709942001,9,0
TK,Turkish Airlines,IST,HTY,Turkey,Asia,738,Boeing 737-800,1998,26,narrowbody,0,162,850.2853709942001,9,0
TK,Turkish Airlines,IST,HTY,Turkey,Asia,320,Airbus A320,1988,36,narrowbody,0,150,850.2853709942001,9,0
TK,Turkish Airlines,IST,HTY,Turkey,Asia,321,Airbus A321,1994,30,narrowbody,0,185,850.2853709942001,9,0
TK,Turkish Airlines,IST,IAD,United States,North America,330,Airbus A330,1994,30,widebody,1,277,8387.848094560271,190,0
TK,Turkish Airlines,IST,IAH,United States,North America,77W,Boeing 777-300ER,2004,20,widebody,1,365,10231.908081071097,242,0
TK,Turkish Airlines,IST,ICN,South Korea,Asia,343,Airbus A340-300,1993,31,widebody,1,277,7922.956613048466,370,0
TK,Turkish Airlines,IST,ICN,South Korea,Asia,330,Airbus A330,1994,30,widebody,1,277,7922.956613048466,370,0
TK,Turkish Airlines,IST,IFN,Iran,Asia,738,Boeing 737-800,1998,26,narrowbody,0,162,2250.926618779077,20,0
TK,Turkish Airlines,IST,IGD,Turkey,Asia,320,Airbus A320,1988,36,narrowbody,0,150,1282.9273081121084,2,0
TK,Turkish Airlines,IST,IKA,Iran,Asia,321,Airbus A321,1994,30,narrowbody,0,185,2052.350054213294,62,0
TK,Turkish Airlines,IST,IKA,Iran,Asia,738,Boeing 737-800,1998,26,narrowbody,0,162,2052.350054213294,62,0
TK,Turkish Airlines,IST,IKA,Iran,Asia,332,Airbus A330-200,1998,26,widebody,1,247,2052.350054213294,62,0
TK,Turkish Airlines,IST,IKA,Iran,Asia,739,Boeing 737-900,2001,23,narrowbody,0,177,2052.350054213294,62,0
TK,Turkish Airlines,IST,IKA,Iran,Asia,343,Airbus A340-300,1993,31,widebody,1,277,2052.350054213294,62,0
TK,Turkish Airlines,IST,ISB,Pakistan,Asia,738,Boeing 737-800,1998,26,narrowbody,0,162,3944.0374923553577,59,0
TK,Turkish Airlines,IST,ISE,Turkey,Asia,738,Boeing 737-800,1998,26,narrowbody,0,162,404.7089535178576,1,0
TK,Turkish Airlines,IST,ISE,Turkey,Asia,73W,Boeing 737-700 (winglets),1998,26,narrowbody,0,143,404.7089535178576,1,0
TK,Turkish Airlines,IST,ISE,Turkey,Asia,319,Airbus A319,1996,28,narrowbody,0,124,404.7089535178576,1,0
TK,Turkish Airlines,IST,ISU,Iraq,Asia,321,Airbus A321,1994,30,narrowbody,0,185,1573.4176959618028,10,0
TK,Turkish Airlines,IST,ISU,Iraq,Asia,738,Boeing 737-800,1998,26,narrowbody,0,162,1573.4176959618028,10,0
TK,Turkish Airlines,IST,ISU,Iraq,Asia,739,Boeing 737-900,2001,23,narrowbody,0,177,1573.4176959618028,10,0
TK,Turkish Airlines,IST,JED,Saudi Arabia,Asia,321,Airbus A321,1994,30,narrowbody,0,185,2387.5307882132865,183,0
TK,Turkish Airlines,IST,JED,Saudi Arabia,Asia,330,Airbus A330,1994,30,widebody,1,277,2387.5307882132865,183,0
TK,Turkish Airlines,IST,JED,Saudi Arabia,Asia,332,Airbus A330-200,1998,26,widebody,1,247,2387.5307882132865,183,0
TK,Turkish Airlines,IST,JFK,United States,North America,330,Airbus A330,1994,30,widebody,1,277,8026.7972925872755,455,0
TK,Turkish Airlines,IST,JFK,United States,North America,77W,Boeing 777-300ER,2004,20,widebody,1,365,8026.7972925872755,455,0
TK,Turkish Airlines,IST,JIB,Djibouti,Africa,320,Airbus A320,1988,36,narrowbody,0,150,3591.952644415088,17,1
TK,Turkish Airlines,IST,JNB,South Africa,Africa,330,Airbus A330,1994,30,widebody,1,277,7496.329440231668,162,1
TK,Turkish Airlines,IST,JRO,Tanzania,Africa,739,Boeing 737-900,2001,23,narrowbody,0,177,5042.087232003775,21,1
TK,Turkish Airlines,IST,KAN,Nigeria,Africa,738,Boeing 737-800,1998,26,narrowbody,0,162,3799.7227168927466,7,1
TK,Turkish Airlines,IST,KAN,Nigeria,Africa,739,Boeing 737-900,2001,23,narrowbody,0,177,3799.7227168927466,7,1
TK,Turkish Airlines,IST,KBL,Afghanistan,Asia,332,Airbus A330-200,1998,26,widebody,1,247,3592.937686551312,26,0
TK,Turkish Airlines,IST,KBP,Ukraine,Europe,321,Airbus A321,1994,30,narrowbody,0,185,1021.9718440923865,100,0
TK,Turkish Airlines,IST,KCM,Turkey,Asia,319,Airbus A319,1996,28,narrowbody,0,124,817.4743314983756,3,0
TK,Turkish Airlines,IST,KFS,Turkey,Asia,319,Airbus A319,1996,28,narrowbody,0,124,421.34423185259124,1,0
TK,Turkish Airlines,IST,KFS,Turkey,Asia,738,Boeing 737-800,1998,26,narrowbody,0,162,421.34423185259124,1,0
TK,Turkish Airlines,IST,KGL,Rwanda,Africa,739,Boeing 737-900,2001,23,narrowbody,0,177,4810.550948408935,38,1
TK,Turkish Airlines,IST,KHI,Pakistan,Asia,738,Boeing 737-800,1998,26,narrowbody,0,162,3971.0457829603515,63,0
TK,Turkish Airlines,IST,KIV,Moldova,Europe,319,Airbus A319,1996,28,narrowbody,0,124,628.6827506550777,34,0
TK,Turkish Airlines,IST,KIV,Moldova,Europe,73W,Boeing 737-700 (winglets),1998,26,narrowbody,0,143,628.6827506550777,34,0
TK,Turkish Airlines,IST,KIX,Japan,Asia,330,Airbus A330,1994,30,widebody,1,277,8744.365238748309,152,0
TK,Turkish Airlines,IST,KRT,Sudan,Africa,738,Boeing 737-800,1998,26,narrowbody,0,162,2879.448411654701,40,1
TK,Turkish Airlines,IST,KSH,Iran,Asia,319,Airbus A319,1996,28,narrowbody,0,124,1786.2761814161854,6,0
TK,Turkish Airlines,IST,KSH,Iran,Asia,320,Airbus A320,1988,36,narrowbody,0,150,1786.2761814161854,6,0
TK,Turkish Airlines,IST,KSY,Turkey,Asia,319,Airbus A319,1996,28,narrowbody,0,124,1208.0503772605678,3,0
TK,Turkish Airlines,IST,KSY,Turkey,Asia,738,Boeing 737-800,1998,26,narrowbody,0,162,1208.0503772605678,3,0
TK,Turkish Airlines,IST,KTM,Nepal,Asia,332,Airbus A330-200,1998,26,widebody,1,247,5305.378968759547,44,0
TK,Turkish Airlines,IST,KTM,Nepal,Asia,330,Airbus A330,1994,30,widebody,1,277,5305.378968759547,44,0
TK,Turkish Airlines,IST,KUL,Malaysia,Asia,330,Airbus A330,1994,30,widebody,1,277,8387.160160622389,257,0
TK,Turkish Airlines,IST,KVD,Azerbaijan,Asia,738,Boeing 737-800,1998,26,narrowbody,0,162,1472.6612496261102,5,0
TK,Turkish Airlines,IST,KVD,Azerbaijan,Asia,319,Airbus A319,1996,28,narrowbody,0,124,1472.6612496261102,5,0
TK,Turkish Airlines,IST,KWI,Kuwait,Asia,332,Airbus A330-200,1998,26,widebody,1,247,2191.406291261131,119,0
TK,Turkish Airlines,IST,KWI,Kuwait,Asia,321,Airbus A321,1994,30,narrowbody,0,185,2191.406291261131,119,0
TK,Turkish Airlines,IST,KWI,Kuwait,Asia,343,Airbus A340-300,1993,31,widebody,1,277,2191.406291261131,119,0
TK,Turkish Airlines,IST,KYA,Turkey,Asia,319,Airbus A319,1996,28,narrowbody,0,124,490.62068637222126,4,0
TK,Turkish Airlines,IST,KYA,Turkey,Asia,320,Airbus A320,1988,36,narrowbody,0,150,490.62068637222126,4,0
TK,Turkish Airlines,IST,KYA,Turkey,Asia,738,Boeing 737-800,1998,26,narrowbody,0,162,490.62068637222126,4,0
TK,Turkish Airlines,IST,KZN,Russia,Europe,738,Boeing 737-800,1998,26,narrowbody,0,162,2181.876904962619,28,0
TK,Turkish Airlines,IST,KZN,Russia,Europe,319,Airbus A319,1996,28,narrowbody,0,124,2181.876904962619,28,0
TK,Turkish Airlines,IST,KZR,Turkey,Asia,319,Airbus A319,1996,28,narrowbody,0,124,267.3236627037957,1,0
TK,Turkish Airlines,IST,KZR,Turkey,Asia,738,Boeing 737-800,1998,26,narrowbody,0,162,267.3236627037957,1,0
TK,Turkish Airlines,IST,LAX,United States,North America,77W,Boeing 777-300ER,2004,20,widebody,1,365,11002.305020255764,498,0
TK,Turkish Airlines,IST,LED,Russia,Europe,321,Airbus A321,1994,30,narrowbody,0,185,2062.521276304965,184,0
TK,Turkish Airlines,IST,LED,Russia,Europe,738,Boeing 737-800,1998,26,narrowbody,0,162,2062.521276304965,184,0
TK,Turkish Airlines,IST,LEJ,Germany,Europe,320,Airbus A320,1988,36,narrowbody,0,150,1690.0889129621187,39,0
TK,Turkish Airlines,IST,LGW,United Kingdom,Europe,739,Boeing 737-900,2001,23,narrowbody,0,177,2461.10688596063,352,0
TK,Turkish Airlines,IST,LGW,United Kingdom,Europe,321,Airbus A321,1994,30,narrowbody,0,185,2461.10688596063,352,0
TK,Turkish Airlines,IST,LGW,United Kingdom,Europe,738,Boeing 737-800,1998,26,narrowbody,0,162,2461.10688596063,352,0
TK,Turkish Airlines,IST,LHE,Pakistan,Asia,738,Boeing 737-800,1998,26,narrowbody,0,162,4176.424731232103,55,0
TK,Turkish Airlines,IST,LHR,United Kingdom,Europe,77W,Boeing 777-300ER,2004,20,widebody,1,365,2488.8112395444864,524,0
TK,Turkish Airlines,IST,LHR,United Kingdom,Europe,321,Airbus A321,1994,30,narrowbody,0,185,2488.8112395444864,524,0
TK,Turkish Airlines,IST,LIS,Portugal,Europe,321,Airbus A321,1994,30,narrowbody,0,185,3212.262254387099,221,0
TK,Turkish Airlines,IST,LIS,Portugal,Europe,738,Boeing 737-800,1998,26,narrowbody,0,162,3212.262254387099,221,0
TK,Turkish Airlines,IST,LJU,Slovenia,Europe,CR9,Bombardier CRJ-900,2003,21,regional_jet,0,90,1270.718320283075,33,0
TK,Turkish Airlines,IST,LJU,Slovenia,Europe,319,Airbus A319,1996,28,narrowbody,0,124,1270.718320283075,33,0
TK,Turkish Airlines,IST,LOS,Nigeria,Africa,739,Boeing 737-900,2001,23,narrowbody,0,177,4606.248496796407,59,1
TK,Turkish Airlines,IST,LUX,Luxembourg,Europe,73W,Boeing 737-700 (winglets),1998,26,narrowbody,0,143,1978.0125788910048,70,0
TK,Turkish Airlines,IST,LUX,Luxembourg,Europe,739,Boeing 737-900,2001,23,narrowbody,0,177,1978.0125788910048,70,0
TK,Turkish Airlines,IST,LUX,Luxembourg,Europe,738,Boeing 737-800,1998,26,narrowbody,0,162,1978.0125788910048,70,0
TK,Turkish Airlines,IST,LWO,Ukraine,Europe,738,Boeing 737-800,1998,26,narrowbody,0,162,1019.5823166354826,17,0
TK,Turkish Airlines,IST,LWO,Ukraine,Europe,739,Boeing 737-900,2001,23,narrowbody,0,177,1019.5823166354826,17,0
TK,Turkish Airlines,IST,LYS,France,Europe,738,Boeing 737-800,1998,26,narrowbody,0,162,1964.3126232988388,140,0
TK,Turkish Airlines,IST,LYS,France,Europe,321,Airbus A321,1994,30,narrowbody,0,185,1964.3126232988388,140,0
TK,Turkish Airlines,IST,LYS,France,Europe,330,Airbus A330,1994,30,widebody,1,277,1964.3126232988388,140,0
TK,Turkish Airlines,IST,MAD,Spain,Europe,332,Airbus A330-200,1998,26,widebody,1,247,2702.7558542051543,331,0
TK,Turkish Airlines,IST,MAD,Spain,Europe,738,Boeing 737-800,1998,26,narrowbody,0,162,2702.7558542051543,331,0
TK,Turkish Airlines,IST,MAD,Spain,Europe,739,Boeing 737-900,2001,23,narrowbody,0,177,2702.7558542051543,331,0
TK,Turkish Airlines,IST,MAD,Spain,Europe,321,Airbus A321,1994,30,narrowbody,0,185,2702.7558542051543,331,0
TK,Turkish Airlines,IST,MAN,United Kingdom,Europe,321,Airbus A321,1994,30,narrowbody,0,185,2666.5418006541936,311,0
TK,Turkish Airlines,IST,MCT,Oman,Asia,739,Boeing 737-900,2001,23,narrowbody,0,177,3370.7234626260997,104,0
TK,Turkish Airlines,IST,MCT,Oman,Asia,738,Boeing 737-800,1998,26,narrowbody,0,162,3370.7234626260997,104,0
TK,Turkish Airlines,IST,MED,Saudi Arabia,Asia,321,Airbus A321,1994,30,narrowbody,0,185,2117.764700273276,59,0
TK,Turkish Airlines,IST,MED,Saudi Arabia,Asia,343,Airbus A340-300,1993,31,widebody,1,277,2117.764700273276,59,0
TK,Turkish Airlines,IST,MED,Saudi Arabia,Asia,330,Airbus A330,1994,30,widebody,1,277,2117.764700273276,59,0
TK,Turkish Airlines,IST,MED,Saudi Arabia,Asia,332,Airbus A330-200,1998,26,widebody,1,247,2117.764700273276,59,0
TK,Turkish Airlines,IST,MHD,Iran,Asia,319,Airbus A319,1996,28,narrowbody,0,124,2721.3397434855215,63,0
TK,Turkish Airlines,IST,MHD,Iran,Asia,73W,Boeing 737-700 (winglets),1998,26,narrowbody,0,143,2721.3397434855215,63,0
TK,Turkish Airlines,IST,MLA,Malta,Europe,319,Airbus A319,1996,28,narrowbody,0,124,1377.1969894743054,113,0
TK,Turkish Airlines,IST,MLA,Malta,Europe,738,Boeing 737-800,1998,26,narrowbody,0,162,1377.1969894743054,113,0
TK,Turkish Airlines,IST,MLE,Maldives,Asia,330,Airbus A330,1994,30,widebody,1,277,6063.4263642537,41,0
TK,Turkish Airlines,IST,MLX,Turkey,Asia,738,Boeing 737-800,1998,26,narrowbody,0,162,856.8837167910309,4,0
TK,Turkish Airlines,IST,MLX,Turkey,Asia,320,Airbus A320,1988,36,narrowbody,0,150,856.8837167910309,4,0
TK,Turkish Airlines,IST,MLX,Turkey,Asia,319,Airbus A319,1996,28,narrowbody,0,124,856.8837167910309,4,0
TK,Turkish Airlines,IST,MQM,Turkey,Asia,320,Airbus A320,1988,36,narrowbody,0,150,1116.52773445633,5,0
TK,Turkish Airlines,IST,MRS,France,Europe,738,Boeing 737-800,1998,26,narrowbody,0,162,1941.8093771228648,129,0
TK,Turkish Airlines,IST,MRS,France,Europe,321,Airbus A321,1994,30,narrowbody,0,185,1941.8093771228648,129,0
TK,Turkish Airlines,IST,MRS,France,Europe,319,Airbus A319,1996,28,narrowbody,0,124,1941.8093771228648,129,0
TK,Turkish Airlines,IST,MSQ,Belarus,Europe,320,Airbus A320,1988,36,narrowbody,0,150,1402.8832017915906,54,0
TK,Turkish Airlines,IST,MSR,Turkey,Asia,320,Airbus A320,1988,36,narrowbody,0,150,1133.577509386662,3,0
TK,Turkish Airlines,IST,MUC,Germany,Europe,321,Airbus A321,1994,30,narrowbody,0,185,1547.5671340097276,360,0
TK,Turkish Airlines,IST,MUC,Germany,Europe,320,Airbus A320,1988,36,narrowbody,0,150,1547.5671340097276,360,0
TK,Turkish Airlines,IST,MUC,Germany,Europe,738,Boeing 737-800,1998,26,narrowbody,0,162,1547.5671340097276,360,0
TK,Turkish Airlines,IST,MXP,Italy,Europe,321,Airbus A321,1994,30,narrowbody,0,185,1682.2044782078021,194,0
TK,Turkish Airlines,IST,MXP,Italy,Europe,739,Boeing 737-900,2001,23,narrowbody,0,177,1682.2044782078021,194,0
TK,Turkish Airlines,IST,MXP,Italy,Europe,320,Airbus A320,1988,36,narrowbody,0,150,1682.2044782078021,194,0
TK,Turkish Airlines,IST,MZH,Turkey,Asia,320,Airbus A320,1988,36,narrowbody,0,150,569.7050237598509,2,0
TK,Turkish Airlines,IST,MZR,Afghanistan,Asia,320,Airbus A320,1988,36,narrowbody,0,150,3334.685818471531,4,0
TK,Turkish Airlines,IST,MZR,Afghanistan,Asia,738,Boeing 737-800,1998,26,narrowbody,0,162,3334.685818471531,4,0
TK,Turkish Airlines,IST,NAJ,Azerbaijan,Asia,319,Airbus A319,1996,28,narrowbody,0,124,1434.7428396971084,1,0
TK,Turkish Airlines,IST,NAP,Italy,Europe,738,Boeing 737-800,1998,26,narrowbody,0,162,1211.4635439441854,79,0
TK,Turkish Airlines,IST,NAV,Turkey,Asia,738,Boeing 737-800,1998,26,narrowbody,0,162,565.4448669724162,2,0
TK,Turkish Airlines,IST,NAV,Turkey,Asia,320,Airbus A320,1988,36,narrowbody,0,150,565.4448669724162,2,0
TK,Turkish Airlines,IST,NAV,Turkey,Asia,319,Airbus A319,1996,28,narrowbody,0,124,565.4448669724162,2,0
TK,Turkish Airlines,IST,NBO,Kenya,Africa,738,Boeing 737-800,1998,26,narrowbody,0,162,4807.745264003867,128,1
TK,Turkish Airlines,IST,NCE,France,Europe,320,Airbus A320,1988,36,narrowbody,0,150,1781.0971367596721,134,0
TK,Turkish Airlines,IST,NCE,France,Europe,738,Boeing 737-800,1998,26,narrowbody,0,162,1781.0971367596721,134,0
TK,Turkish Airlines,IST,NCE,France,Europe,321,Airbus A321,1994,30,narrowbody,0,185,1781.0971367596721,134,0
TK,Turkish Airlines,IST,NIM,Niger,Africa,739,Boeing 737-900,2001,23,narrowbody,0,177,4019.9056662057287,17,1
TK,Turkish Airlines,IST,NIM,Niger,Africa,738,Boeing 737-800,1998,26,narrowbody,0,162,4019.9056662057287,17,1
TK,Turkish Airlines,IST,NJF,Iraq,Asia,738,Boeing 737-800,1998,26,narrowbody,0,162,1732.3564381678436,10,0
TK,Turkish Airlines,IST,NOP,Turkey,Asia,319,Airbus A319,1996,28,narrowbody,0,124,530.9786644307133,1,0
TK,Turkish Airlines,IST,NOP,Turkey,Asia,320,Airbus A320,1988,36,narrowbody,0,150,530.9786644307133,1,0
TK,Turkish Airlines,IST,NRT,Japan,Asia,330,Airbus A330,1994,30,widebody,1,277,8979.102309858928,289,0
TK,Turkish Airlines,IST,NRT,Japan,Asia,77W,Boeing 777-300ER,2004,20,widebody,1,365,8979.102309858928,289,0
TK,Turkish Airlines,IST,NSI,Cameroon,Africa,739,Boeing 737-900,2001,23,narrowbody,0,177,4514.638939004899,21,1
TK,Turkish Airlines,IST,NUE,Germany,Europe,320,Airbus A320,1988,36,narrowbody,0,150,1649.2756132797986,47,0
TK,Turkish Airlines,IST,NUE,Germany,Europe,738,Boeing 737-800,1998,26,narrowbody,0,162,1649.2756132797986,47,0
TK,Turkish Airlines,IST,ODS,Ukraine,Europe,738,Boeing 737-800,1998,26,narrowbody,0,162,593.1956029367182,19,0
TK,Turkish Airlines,IST,ODS,Ukraine,Europe,739,Boeing 737-900,2001,23,narrowbody,0,177,593.1956029367182,19,0
TK,Turkish Airlines,IST,ORD,United States,North America,330,Airbus A330,1994,30,widebody,1,277,8785.945354642878,550,0
TK,Turkish Airlines,IST,ORN,Algeria,Africa,738,Boeing 737-800,1998,26,narrowbody,0,162,2620.353227119945,34,1
TK,Turkish Airlines,IST,OSL,Norway,Europe,321,Airbus A321,1994,30,narrowbody,0,185,2420.9766821770145,183,0
TK,Turkish Airlines,IST,OSL,Norway,Europe,738,Boeing 737-800,1998,26,narrowbody,0,162,2420.9766821770145,183,0
TK,Turkish Airlines,IST,OSM,Iraq,Asia,73W,Boeing 737-700 (winglets),1998,26,narrowbody,0,143,1362.3109821390021,3,0
TK,Turkish Airlines,IST,OSS,Kyrgyzstan,Asia,319,Airbus A319,1996,28,narrowbody,0,124,3659.545099130729,29,0
TK,Turkish Airlines,IST,OTP,Romania,Europe,738,Boeing 737-800,1998,26,narrowbody,0,162,425.9258539316589,115,0
TK,Turkish Airlines,IST,OTP,Romania,Europe,319,Airbus A319,1996,28,narrowbody,0,124,425.9258539316589,115,0
TK,Turkish Airlines,IST,OTP,Romania,Europe,320,Airbus A320,1988,36,narrowbody,0,150,425.9258539316589,115,0
TK,Turkish Airlines,IST,OTP,Romania,Europe,321,Airbus A321,1994,30,narrowbody,0,185,425.9258539316589,115,0
TK,Turkish Airlines,IST,OVB,Russia,Europe,738,Boeing 737-800,1998,26,narrowbody,0,162,4159.133282783224,90,0
TK,Turkish Airlines,IST,PEK,China,Asia,77W,Boeing 777-300ER,2004,20,widebody,1,365,7058.856558336586,534,0
TK,Turkish Airlines,IST,PRG,Czech Republic,Europe,738,Boeing 737-800,1998,26,narrowbody,0,162,1488.744893951189,181,0
TK,Turkish Airlines,IST,PRG,Czech Republic,Europe,321,Airbus A321,1994,30,narrowbody,0,185,1488.744893951189,181,0
TK,Turkish Airlines,IST,PRG,Czech Republic,Europe,320,Airbus A320,1988,36,narrowbody,0,150,1488.744893951189,181,0
TK,Turkish Airlines,IST,PRN,Serbia,Europe,320,Airbus A320,1988,36,narrowbody,0,150,654.220982924547,21,0
TK,Turkish Airlines,IST,PRN,Serbia,Europe,73W,Boeing 737-700 (winglets),1998,26,narrowbody,0,143,654.220982924547,21,0
TK,Turkish Airlines,IST,PRN,Serbia,Europe,319,Airbus A319,1996,28,narrowbody,0,124,654.220982924547,21,0
TK,Turkish Airlines,IST,PRN,Serbia,Europe,738,Boeing 737-800,1998,26,narrowbody,0,162,654.220982924547,21,0
TK,Turkish Airlines,IST,PVG,China,Asia,77W,Boeing 777-300ER,2004,20,widebody,1,365,8020.116174229456,414,0
TK,Turkish Airlines,IST,RIX,Latvia,Europe,320,Airbus A320,1988,36,narrowbody,0,150,1773.4081273093702,101,0
TK,Turkish Airlines,IST,ROV,Russia,Europe,319,Airbus A319,1996,28,narrowbody,0,124,1123.4857064532691,28,0
TK,Turkish Airlines,IST,RTM,Netherlands,Europe,320,Airbus A320,1988,36,narrowbody,0,150,2188.278046762619,33,0
TK,Turkish Airlines,IST,RUH,Saudi Arabia,Asia,321,Airbus A321,1994,30,narrowbody,0,185,2456.7906372631332,139,0
TK,Turkish Airlines,IST,RUH,Saudi Arabia,Asia,332,Airbus A330-200,1998,26,widebody,1,247,2456.7906372631332,139,0
TK,Turkish Airlines,IST,SAH,Yemen,Asia,738,Boeing 737-800,1998,26,narrowbody,0,162,3231.5683211545584,38,0
TK,Turkish Airlines,IST,SIN,Singapore,Asia,330,Airbus A330,1994,30,widebody,1,277,8679.549456487874,412,0
TK,Turkish Airlines,IST,SJJ,Bosnia and Herzegovina,Europe,320,Airbus A320,1988,36,narrowbody,0,150,898.6919944438096,16,0
TK,Turkish Airlines,IST,SJJ,Bosnia and Herzegovina,Europe,738,Boeing 737-800,1998,26,narrowbody,0,162,898.6919944438096,16,0
TK,Turkish Airlines,IST,SJJ,Bosnia and Herzegovina,Europe,321,Airbus A321,1994,30,narrowbody,0,185,898.6919944438096,16,0
TK,Turkish Airlines,IST,SKG,Greece,Europe,738,Boeing 737-800,1998,26,narrowbody,0,162,493.010060845521,87,0
TK,Turkish Airlines,IST,SKP,Macedonia,Europe,319,Airbus A319,1996,28,narrowbody,0,124,597.4581405588904,24,0
TK,Turkish Airlines,IST,SOF,Bulgaria,Europe,738,Boeing 737-800,1998,26,narrowbody,0,162,468.74461297398165,66,0
TK,Turkish Airlines,IST,SOF,Bulgaria,Europe,320,Airbus A320,1988,36,narrowbody,0,150,468.74461297398165,66,0
TK,Turkish Airlines,IST,SSH,Egypt,Africa,738,Boeing 737-800,1998,26,narrowbody,0,162,1565.2714770027333,39,1
TK,Turkish Airlines,IST,SSH,Egypt,Africa,319,Airbus A319,1996,28,narrowbody,0,124,1565.2714770027333,39,1
TK,Turkish Airlines,IST,STR,Germany,Europe,320,Airbus A320,1988,36,narrowbody,0,150,1736.2490169588866,136,0
TK,Turkish Airlines,IST,STR,Germany,Europe,321,Airbus A321,1994,30,narrowbody,0,185,1736.2490169588866,136,0
TK,Turkish Airlines,IST,SVX,Russia,Europe,321,Airbus A321,1994,30,narrowbody,0,185,2859.419741877585,101,0
TK,Turkish Airlines,IST,SYZ,Iran,Asia,320,Airbus A320,1988,36,narrowbody,0,150,2511.253496854355,39,0
TK,Turkish Airlines,IST,SYZ,Iran,Asia,319,Airbus A319,1996,28,narrowbody,0,124,2511.253496854355,39,0
TK,Turkish Airlines,IST,SZG,Austria,Europe,320,Airbus A320,1988,36,narrowbody,0,150,1439.415998610646,35,0
TK,Turkish Airlines,IST,TAS,Uzbekistan,Asia,321,Airbus A321,1994,30,narrowbody,0,185,3355.8965003574945,79,0
TK,Turkish Airlines,IST,TBS,Georgia,Asia,319,Airbus A319,1996,28,narrowbody,0,124,1348.666806148897,35,0
TK,Turkish Airlines,IST,TBS,Georgia,Asia,73W,Boeing 737-700 (winglets),1998,26,narrowbody,0,143,1348.666806148897,35,0
TK,Turkish Airlines,IST,TBS,Georgia,Asia,738,Boeing 737-800,1998,26,narrowbody,0,162,1348.666806148897,35,0
TK,Turkish Airlines,IST,TBS,Georgia,Asia,320,Airbus A320,1988,36,narrowbody,0,150,1348.666806148897,35,0
TK,Turkish Airlines,IST,TBZ,Iran,Asia,738,Boeing 737-800,1998,26,narrowbody,0,162,1533.0043880527373,15,0
TK,Turkish Airlines,IST,TBZ,Iran,Asia,319,Airbus A319,1996,28,narrowbody,0,124,1533.0043880527373,15,0
TK,Turkish Airlines,IST,TGD,Montenegro,Europe,319,Airbus A319,1996,28,narrowbody,0,124,796.0149694209049,16,0
TK,Turkish Airlines,IST,TIA,Albania,Europe,319,Airbus A319,1996,28,narrowbody,0,124,753.7463423727569,36,0
TK,Turkish Airlines,IST,TIF,Saudi Arabia,Asia,319,Airbus A319,1996,28,narrowbody,0,124,2463.4934605394733,13,0
TK,Turkish Airlines,IST,TIP,Libya,Africa,320,Airbus A320,1988,36,narrowbody,0,150,1679.8481606266046,47,1
TK,Turkish Airlines,IST,TIP,Libya,Africa,738,Boeing 737-800,1998,26,narrowbody,0,162,1679.8481606266046,47,1
TK,Turkish Airlines,IST,TLL,Estonia,Europe,319,Airbus A319,1996,28,narrowbody,0,124,2035.0783525166205,38,0
TK,Turkish Airlines,IST,TLS,France,Europe,320,Airbus A320,1988,36,narrowbody,0,150,2251.884963181631,83,0
TK,Turkish Airlines,IST,TLS,France,Europe,321,Airbus A321,1994,30,narrowbody,0,185,2251.884963181631,83,0
TK,Turkish Airlines,IST,TLV,Israel,Asia,321,Airbus A321,1994,30,narrowbody,0,185,1165.6911323760473,135,0
TK,Turkish Airlines,IST,TLV,Israel,Asia,738,Boeing 737-800,1998,26,narrowbody,0,162,1165.6911323760473,135,0
TK,Turkish Airlines,IST,TLV,Israel,Asia,320,Airbus A320,1988,36,narrowbody,0,150,1165.6911323760473,135,0
TK,Turkish Airlines,IST,TLV,Israel,Asia,330,Airbus A330,1994,30,widebody,1,277,1165.6911323760473,135,0
TK,Turkish Airlines,IST,TLV,Israel,Asia,332,Airbus A330-200,1998,26,widebody,1,247,1165.6911323760473,135,0
TK,Turkish Airlines,IST,TLV,Israel,Asia,739,Boeing 737-900,2001,23,narrowbody,0,177,1165.6911323760473,135,0
TK,Turkish Airlines,IST,TLV,Israel,Asia,319,Airbus A319,1996,28,narrowbody,0,124,1165.6911323760473,135,0
TK,Turkish Airlines,IST,TRN,Italy,Europe,73W,Boeing 737-700 (winglets),1998,26,narrowbody,0,143,1758.678520412414,42,0
TK,Turkish Airlines,IST,TRN,Italy,Europe,738,Boeing 737-800,1998,26,narrowbody,0,162,1758.678520412414,42,0
TK,Turkish Airlines,IST,TRN,Italy,Europe,319,Airbus A319,1996,28,narrowbody,0,124,1758.678520412414,42,0
TK,Turkish Airlines,IST,TRN,Italy,Europe,320,Airbus A320,1988,36,narrowbody,0,150,1758.678520412414,42,0
TK,Turkish Airlines,IST,TSE,Kazakhstan,Asia,738,Boeing 737-800,1998,26,narrowbody,0,162,3409.775794297896,52,0
TK,Turkish Airlines,IST,TSE,Kazakhstan,Asia,320,Airbus A320,1988,36,narrowbody,0,150,3409.775794297896,52,0
TK,Turkish Airlines,IST,TUN,Tunisia,Africa,739,Boeing 737-900,2001,23,narrowbody,0,177,1669.5392712148398,88,1
TK,Turkish Airlines,IST,TUN,Tunisia,Africa,321,Airbus A321,1994,30,narrowbody,0,185,1669.5392712148398,88,1
TK,Turkish Airlines,IST,TUN,Tunisia,Africa,738,Boeing 737-800,1998,26,narrowbody,0,162,1669.5392712148398,88,1
TK,Turkish Airlines,IST,TXL,Germany,Europe,738,Boeing 737-800,1998,26,narrowbody,0,162,1711.6427690715236,210,0
TK,Turkish Airlines,IST,TXL,Germany,Europe,320,Airbus A320,1988,36,narrowbody,0,150,1711.6427690715236,210,0
TK,Turkish Airlines,IST,TXL,Germany,Europe,321,Airbus A321,1994,30,narrowbody,0,185,1711.6427690715236,210,0
TK,Turkish Airlines,IST,TZX,Turkey,Asia,320,Airbus A320,1988,36,narrowbody,0,150,924.2870502140548,10,0
TK,Turkish Airlines,IST,TZX,Turkey,Asia,321,Airbus A321,1994,30,narrowbody,0,185,924.2870502140548,10,0
TK,Turkish Airlines,IST,TZX,Turkey,Asia,319,Airbus A319,1996,28,narrowbody,0,124,924.2870502140548,10,0
TK,Turkish Airlines,IST,TZX,Turkey,Asia,738,Boeing 737-800,1998,26,narrowbody,0,162,924.2870502140548,10,0
TK,Turkish Airlines,IST,TZX,Turkey,Asia,73W,Boeing 737-700 (winglets),1998,26,narrowbody,0,143,924.2870502140548,10,0
TK,Turkish Airlines,IST,UFA,Russia,Europe,319,Airbus A319,1996,28,narrowbody,0,124,2477.698057479595,23,0
TK,Turkish Airlines,IST,VAN,Turkey,Asia,320,Airbus A320,1988,36,narrowbody,0,150,1281.1236068859564,5,0
TK,Turkish Airlines,IST,VAN,Turkey,Asia,319,Airbus A319,1996,28,narrowbody,0,124,1281.1236068859564,5,0
TK,Turkish Airlines,IST,VAN,Turkey,Asia,73W,Boeing 737-700 (winglets),1998,26,narrowbody,0,143,1281.1236068859564,5,0
TK,Turkish Airlines,IST,VAS,Turkey,Asia,320,Airbus A320,1988,36,narrowbody,0,150,707.3970178222595,4,0
TK,Turkish Airlines,IST,VAS,Turkey,Asia,319,Airbus A319,1996,28,narrowbody,0,124,707.3970178222595,4,0
TK,Turkish Airlines,IST,VCE,Italy,Europe,321,Airbus A321,1994,30,narrowbody,0,185,1403.1273105645694,123,0
TK,Turkish Airlines,IST,VCE,Italy,Europe,739,Boeing 737-900,2001,23,narrowbody,0,177,1403.1273105645694,123,0
TK,Turkish Airlines,IST,VCE,Italy,Europe,738,Boeing 737-800,1998,26,narrowbody,0,162,1403.1273105645694,123,0
TK,Turkish Airlines,IST,VCE,Italy,Europe,320,Airbus A320,1988,36,narrowbody,0,150,1403.1273105645694,123,0
TK,Turkish Airlines,IST,VCE,Italy,Europe,319,Airbus A319,1996,28,narrowbody,0,124,1403.1273105645694,123,0
TK,Turkish Airlines,IST,VIE,Austria,Europe,321,Airbus A321,1994,30,narrowbody,0,185,1224.288298900429,308,0
TK,Turkish Airlines,IST,VIE,Austria,Europe,738,Boeing 737-800,1998,26,narrowbody,0,162,1224.288298900429,308,0
TK,Turkish Airlines,IST,VIE,Austria,Europe,330,Airbus A330,1994,30,widebody,1,277,1224.288298900429,308,0
TK,Turkish Airlines,IST,VIE,Austria,Europe,320,Airbus A320,1988,36,narrowbody,0,150,1224.288298900429,308,0
TK,Turkish Airlines,IST,VKO,Russia,Europe,321,Airbus A321,1994,30,narrowbody,0,185,1708.198286224965,85,0
TK,Turkish Airlines,IST,VKO,Russia,Europe,738,Boeing 737-800,1998,26,narrowbody,0,162,1708.198286224965,85,0
TK,Turkish Airlines,IST,VLC,Spain,Europe,738,Boeing 737-800,1998,26,narrowbody,0,162,2472.365471975562,81,0
TK,Turkish Airlines,IST,VNO,Lithuania,Europe,319,Airbus A319,1996,28,narrowbody,0,124,1507.218437375811,58,0
TK,Turkish Airlines,IST,WAW,Poland,Europe,321,Airbus A321,1994,30,narrowbody,0,185,1346.719271413523,120,0
TK,Turkish Airlines,IST,YNB,Saudi Arabia,Asia,320,Airbus A320,1988,36,narrowbody,0,150,2091.5010513826173,10,0
TK,Turkish Airlines,IST,YNB,Saudi Arabia,Asia,321,Airbus A321,1994,30,narrowbody,0,185,2091.5010513826173,10,0
TK,Turkish Airlines,IST,YYZ,Canada,North America,763,Boeing 767-300,1986,38,widebody,1,218,8171.897118134893,317,0
TK,Turkish Airlines,IST,YYZ,Canada,North America,77W,Boeing 777-300ER,2004,20,widebody,1,365,8171.897118134893,317,0
TK,Turkish Airlines,IST,ZAG,Croatia,Europe,739,Boeing 737-900,2001,23,narrowbody,0,177,1135.3422271084073,43,0
TK,Turkish Airlines,IST,ZAG,Croatia,Europe,319,Airbus A319,1996,28,narrowbody,0,124,1135.3422271084073,43,0
TK,Turkish Airlines,IST,ZAG,Croatia,Europe,320,Airbus A320,1988,36,narrowbody,0,150,1135.3422271084073,43,0
TK,Turkish Airlines,IST,ZAG,Croatia,Europe,738,Boeing 737-800,1998,26,narrowbody,0,162,1135.3422271084073,43,0
TK,Turkish Airlines,IST,ZRH,Switzerland,Europe,321,Airbus A321,1994,30,narrowbody,0,185,1740.5693568961544,247,0
TK,Turkish Airlines,IST,ZRH,Switzerland,Europe,320,Airbus A320,1988,36,narrowbody,0,150,1740.5693568961544,247,0
TK,Turkish Airlines,IST,ZRH,Switzerland,Europe,738,Boeing 737-800,1998,26,narrowbody,0,162,1740.5693568961544,247,0
TK,Turkish Airlines,ISU,IST,Turkey,Asia,321,Airbus A321,1994,30,narrowbody,0,185,1573.4176959618028,361,0
TK,Turkish Airlines,ISU,IST,Turkey,Asia,738,Boeing 737-800,1998,26,narrowbody,0,162,1573.4176959618028,361,0
TK,Turkish Airlines,ISU,IST,Turkey,Asia,739,Boeing 737-900,2001,23,narrowbody,0,177,1573.4176959618028,361,0
TK,Turkish Airlines,JED,IST,Turkey,Asia,321,Airbus A321,1994,30,narrowbody,0,185,2387.5307882132865,361,0
TK,Turkish Airlines,JED,IST,Turkey,Asia,330,Airbus A330,1994,30,widebody,1,277,2387.5307882132865,361,0
TK,Turkish Airlines,JED,IST,Turkey,Asia,332,Airbus A330-200,1998,26,widebody,1,247,2387.5307882132865,361,0
TK,Turkish Airlines,JFK,IST,Turkey,Asia,330,Airbus A330,1994,30,widebody,1,277,8026.7972925872755,361,0
TK,Turkish Airlines,JFK,IST,Turkey,Asia,77W,Boeing 777-300ER,2004,20,widebody,1,365,8026.7972925872755,361,0
TK,Turkish Airlines,JIB,IST,Turkey,Asia,320,Airbus A320,1988,36,narrowbody,0,150,3591.952644415088,361,0
TK,Turkish Airlines,JIB,MGQ,Somalia,Africa,320,Airbus A320,1988,36,narrowbody,0,150,1086.086007934484,14,1
TK,Turkish Airlines,JNB,CPT,South Africa,Africa,330,Airbus A330,1994,30,widebody,1,277,1271.0680698639783,42,1
TK,Turkish Airlines,JNB,IST,Turkey,Asia,330,Airbus A330,1994,30,widebody,1,277,7496.329440231668,361,0
TK,Turkish Airlines,JRO,MBA,Kenya,Africa,739,Boeing 737-900,2001,23,narrowbody,0,177,287.57281205008354,12,1
TK,Turkish Airlines,JUB,ADD,Ethiopia,Africa,73W,Boeing 737-700 (winglets),1998,26,narrowbody,0,143,916.2307679589946,109,1
TK,Turkish Airlines,JUB,ADD,Ethiopia,Africa,DH8,Bombardier Dash 8,1984,40,turboprop,0,50,916.2307679589946,109,1
TK,Turkish Airlines,JUB,CAI,Egypt,Africa,320,Airbus A320,1988,36,narrowbody,0,150,2807.7346339171268,152,1
TK,Turkish Airlines,KAN,NDJ,Chad,Africa,738,Boeing 737-800,1998,26,narrowbody,0,162,707.8020220395533,10,1
TK,Turkish Airlines,KBL,IST,Turkey,Asia,332,Airbus A330-200,1998,26,widebody,1,247,3592.937686551312,361,0
TK,Turkish Airlines,KBP,IST,Turkey,Asia,321,Airbus A321,1994,30,narrowbody,0,185,1021.9718440923865,361,0
TK,Turkish Airlines,KBP,SAW,Turkey,Asia,738,Boeing 737-800,1998,26,narrowbody,0,162,1057.5363494119365,145,0
TK,Turkish Airlines,KCM,ESB,Turkey,Asia,738,Boeing 737-800,1998,26,narrowbody,0,162,447.6348003744574,53,0
TK,Turkish Airlines,KCM,IST,Turkey,Asia,319,Airbus A319,1996,28,narrowbody,0,124,817.4743314983756,361,0
TK,Turkish Airlines,KCO,ESB,Turkey,Asia,73W,Boeing 737-700 (winglets),1998,26,narrowbody,0,143,255.5111804838214,53,0
TK,Turkish Airlines,KFS,IST,Turkey,Asia,319,Airbus A319,1996,28,narrowbody,0,124,421.34423185259124,361,0
TK,Turkish Airlines,KFS,IST,Turkey,Asia,738,Boeing 737-800,1998,26,narrowbody,0,162,421.34423185259124,361,0
TK,Turkish Airlines,KGL,EBB,Uganda,Africa,739,Boeing 737-900,2001,23,narrowbody,0,177,340.0194792797979,33,1
TK,Turkish Airlines,KHI,IST,Turkey,Asia,738,Boeing 737-800,1998,26,narrowbody,0,162,3971.0457829603515,361,0
TK,Turkish Airlines,KIV,IST,Turkey,Asia,319,Airbus A319,1996,28,narrowbody,0,124,628.6827506550777,361,0
TK,Turkish Airlines,KIV,IST,Turkey,Asia,73W,Boeing 737-700 (winglets),1998,26,narrowbody,0,143,628.6827506550777,361,0
TK,Turkish Airlines,KIX,IST,Turkey,Asia,330,Airbus A330,1994,30,widebody,1,277,8744.365238748309,361,0
TK,Turkish Airlines,KRT,IST,Turkey,Asia,738,Boeing 737-800,1998,26,narrowbody,0,162,2879.448411654701,361,0
TK,Turkish Airlines,KSH,IST,Turkey,Asia,320,Airbus A320,1988,36,narrowbody,0,150,1786.2761814161854,361,0
TK,Turkish Airlines,KSH,IST,Turkey,Asia,319,Airbus A319,1996,28,narrowbody,0,124,1786.2761814161854,361,0
TK,Turkish Airlines,KSY,ESB,Turkey,Asia,738,Boeing 737-800,1998,26,narrowbody,0,162,858.5266040435425,53,0
TK,Turkish Airlines,KSY,IST,Turkey,Asia,319,Airbus A319,1996,28,narrowbody,0,124,1208.0503772605678,361,0
TK,Turkish Airlines,KSY,IST,Turkey,Asia,738,Boeing 737-800,1998,26,narrowbody,0,162,1208.0503772605678,361,0
TK,Turkish Airlines,KSY,SAW,Turkey,Asia,738,Boeing 737-800,1998,26,narrowbody,0,162,1162.7019658155143,145,0
TK,Turkish Airlines,KTM,IST,Turkey,Asia,330,Airbus A330,1994,30,widebody,1,277,5305.378968759547,361,0
TK,Turkish Airlines,KTM,IST,Turkey,Asia,332,Airbus A330-200,1998,26,widebody,1,247,5305.378968759547,361,0
TK,Turkish Airlines,KUL,BKK,Thailand,Asia,330,Airbus A330,1994,30,widebody,1,277,1220.569348054856,330,0
TK,Turkish Airlines,KUL,IST,Turkey,Asia,330,Airbus A330,1994,30,widebody,1,277,8387.160160622389,361,0
TK,Turkish Airlines,KVD,IST,Turkey,Asia,319,Airbus A319,1996,28,narrowbody,0,124,1472.6612496261102,361,0
TK,Turkish Airlines,KVD,IST,Turkey,Asia,738,Boeing 737-800,1998,26,narrowbody,0,162,1472.6612496261102,361,0
TK,Turkish Airlines,KWI,IST,Turkey,Asia,321,Airbus A321,1994,30,narrowbody,0,185,2191.406291261131,361,0
TK,Turkish Airlines,KWI,IST,Turkey,Asia,332,Airbus A330-200,1998,26,widebody,1,247,2191.406291261131,361,0
TK,Turkish Airlines,KWI,IST,Turkey,Asia,343,Airbus A340-300,1993,31,widebody,1,277,2191.406291261131,361,0
TK,Turkish Airlines,KWI,SAW,Turkey,Asia,738,Boeing 737-800,1998,26,narrowbody,0,162,2129.6745181311517,145,0
TK,Turkish Airlines,KYA,IST,Turkey,Asia,319,Airbus A319,1996,28,narrowbody,0,124,490.62068637222126,361,0
TK,Turkish Airlines,KYA,IST,Turkey,Asia,320,Airbus A320,1988,36,narrowbody,0,150,490.62068637222126,361,0
TK,Turkish Airlines,KYA,IST,Turkey,Asia,738,Boeing 737-800,1998,26,narrowbody,0,162,490.62068637222126,361,0
TK,Turkish Airlines,KYA,SAW,Turkey,Asia,73W,Boeing 737-700 (winglets),1998,26,narrowbody,0,143,428.20527693876977,145,0
TK,Turkish Airlines,KZN,IST,Turkey,Asia,319,Airbus A319,1996,28,narrowbody,0,124,2181.876904962619,361,0
TK,Turkish Airlines,KZN,IST,Turkey,Asia,738,Boeing 737-800,1998,26,narrowbody,0,162,2181.876904962619,361,0
TK,Turkish Airlines,KZR,IST,Turkey,Asia,319,Airbus A319,1996,28,narrowbody,0,124,267.3236627037957,361,0
TK,Turkish Airlines,KZR,IST,Turkey,Asia,738,Boeing 737-800,1998,26,narrowbody,0,162,267.3236627037957,361,0
TK,Turkish Airlines,LAX,IST,Turkey,Asia,77W,Boeing 777-300ER,2004,20,widebody,1,365,11002.305020255764,361,0
TK,Turkish Airlines,LBV,IST,Turkey,Asia,739,Boeing 737-900,2001,23,narrowbody,0,177,4937.737240427773,361,0
TK,Turkish Airlines,LED,IST,Turkey,Asia,321,Airbus A321,1994,30,narrowbody,0,185,2062.521276304965,361,0
TK,Turkish Airlines,LED,IST,Turkey,Asia,738,Boeing 737-800,1998,26,narrowbody,0,162,2062.521276304965,361,0
TK,Turkish Airlines,LEJ,IST,Turkey,Asia,320,Airbus A320,1988,36,narrowbody,0,150,1690.0889129621187,361,0
TK,Turkish Airlines,LGW,IST,Turkey,Asia,739,Boeing 737-900,2001,23,narrowbody,0,177,2461.10688596063,361,0
TK,Turkish Airlines,LGW,IST,Turkey,Asia,321,Airbus A321,1994,30,narrowbody,0,185,2461.10688596063,361,0
TK,Turkish Airlines,LGW,IST,Turkey,Asia,738,Boeing 737-800,1998,26,narrowbody,0,162,2461.10688596063,361,0
TK,Turkish Airlines,LGW,SAW,Turkey,Asia,738,Boeing 737-800,1998,26,narrowbody,0,162,2523.569814149168,145,0
TK,Turkish Airlines,LHE,IST,Turkey,Asia,738,Boeing 737-800,1998,26,narrowbody,0,162,4176.424731232103,361,0
TK,Turkish Airlines,LHR,IST,Turkey,Asia,321,Airbus A321,1994,30,narrowbody,0,185,2488.8112395444864,361,0
TK,Turkish Airlines,LHR,IST,Turkey,Asia,77W,Boeing 777-300ER,2004,20,widebody,1,365,2488.8112395444864,361,0
TK,Turkish Airlines,LIS,IST,Turkey,Asia,321,Airbus A321,1994,30,narrowbody,0,185,3212.262254387099,361,0
TK,Turkish Airlines,LIS,IST,Turkey,Asia,738,Boeing 737-800,1998,26,narrowbody,0,162,3212.262254387099,361,0
TK,Turkish Airlines,LJU,IST,Turkey,Asia,319,Airbus A319,1996,28,narrowbody,0,124,1270.718320283075,361,0
TK,Turkish Airlines,LJU,IST,Turkey,Asia,CR9,Bombardier CRJ-900,2003,21,regional_jet,0,90,1270.718320283075,361,0
TK,Turkish Airlines,LOS,IST,Turkey,Asia,739,Boeing 737-900,2001,23,narrowbody,0,177,4606.248496796407,361,0
TK,Turkish Airlines,LUX,IST,Turkey,Asia,73W,Boeing 737-700 (winglets),1998,26,narrowbody,0,143,1978.0125788910048,361,0
TK,Turkish Airlines,LUX,IST,Turkey,Asia,739,Boeing 737-900,2001,23,narrowbody,0,177,1978.0125788910048,361,0
TK,Turkish Airlines,LUX,IST,Turkey,Asia,738,Boeing 737-800,1998,26,narrowbody,0,162,1978.0125788910048,361,0
TK,Turkish Airlines,LWO,IST,Turkey,Asia,738,Boeing 737-800,1998,26,narrowbody,0,162,1019.5823166354826,361,0
TK,Turkish Airlines,LWO,IST,Turkey,Asia,739,Boeing 737-900,2001,23,narrowbody,0,177,1019.5823166354826,361,0
TK,Turkish Airlines,LYS,IST,Turkey,Asia,738,Boeing 737-800,1998,26,narrowbody,0,162,1964.3126232988388,361,0
TK,Turkish Airlines,LYS,IST,Turkey,Asia,321,Airbus A321,1994,30,narrowbody,0,185,1964.3126232988388,361,0
TK,Turkish Airlines,LYS,IST,Turkey,Asia,330,Airbus A330,1994,30,widebody,1,277,1964.3126232988388,361,0
TK,Turkish Airlines,MAD,IST,Turkey,Asia,332,Airbus A330-200,1998,26,widebody,1,247,2702.7558542051543,361,0
TK,Turkish Airlines,MAD,IST,Turkey,Asia,738,Boeing 737-800,1998,26,narrowbody,0,162,2702.7558542051543,361,0
TK,Turkish Airlines,MAD,IST,Turkey,Asia,739,Boeing 737-900,2001,23,narrowbody,0,177,2702.7558542051543,361,0
TK,Turkish Airlines,MAD,IST,Turkey,Asia,321,Airbus A321,1994,30,narrowbody,0,185,2702.7558542051543,361,0
TK,Turkish Airlines,MAN,IST,Turkey,Asia,321,Airbus A321,1994,30,narrowbody,0,185,2666.5418006541936,361,0
TK,Turkish Airlines,MBA,IST,Turkey,Asia,739,Boeing 737-900,2001,23,narrowbody,0,177,5157.095708346205,361,0
TK,Turkish Airlines,MCT,BAH,Bahrain,Asia,321,Airbus A321,1994,30,narrowbody,0,185,826.7031748977271,86,0
TK,Turkish Airlines,MCT,IST,Turkey,Asia,739,Boeing 737-900,2001,23,narrowbody,0,177,3370.7234626260997,361,0
TK,Turkish Airlines,MCT,IST,Turkey,Asia,738,Boeing 737-800,1998,26,narrowbody,0,162,3370.7234626260997,361,0
TK,Turkish Airlines,MED,IST,Turkey,Asia,321,Airbus A321,1994,30,narrowbody,0,185,2117.764700273276,361,0
TK,Turkish Airlines,MED,IST,Turkey,Asia,343,Airbus A340-300,1993,31,widebody,1,277,2117.764700273276,361,0
TK,Turkish Airlines,MED,IST,Turkey,Asia,330,Airbus A330,1994,30,widebody,1,277,2117.764700273276,361,0
TK,Turkish Airlines,MED,IST,Turkey,Asia,332,Airbus A330-200,1998,26,widebody,1,247,2117.764700273276,361,0
TK,Turkish Airlines,MEL,BKK,Thailand,Asia,773,Boeing 777-300,1998,26,widebody,1,368,7331.7025239379145,330,0
TK,Turkish Airlines,MEL,BKK,Thailand,Asia,777,Boeing 777-200,1995,29,widebody,1,314,7331.7025239379145,330,0
TK,Turkish Airlines,MGQ,JIB,Djibouti,Africa,320,Airbus A320,1988,36,narrowbody,0,150,1086.086007934484,17,1
TK,Turkish Airlines,MHD,IST,Turkey,Asia,319,Airbus A319,1996,28,narrowbody,0,124,2721.3397434855215,361,0
TK,Turkish Airlines,MHD,IST,Turkey,Asia,73W,Boeing 737-700 (winglets),1998,26,narrowbody,0,143,2721.3397434855215,361,0
TK,Turkish Airlines,MLA,IST,Turkey,Asia,319,Airbus A319,1996,28,narrowbody,0,124,1377.1969894743054,361,0
TK,Turkish Airlines,MLA,IST,Turkey,Asia,738,Boeing 737-800,1998,26,narrowbody,0,162,1377.1969894743054,361,0
TK,Turkish Airlines,MLA,SAW,Turkey,Asia,320,Airbus A320,1988,36,narrowbody,0,150,1406.768486283362,145,0
TK,Turkish Airlines,MLE,CMB,Sri Lanka,Asia,330,Airbus A330,1994,30,widebody,1,277,777.677530689703,102,0
TK,Turkish Airlines,MLE,IST,Turkey,Asia,330,Airbus A330,1994,30,widebody,1,277,6063.4263642537,361,0
TK,Turkish Airlines,MLX,ESB,Turkey,Asia,73W,Boeing 737-700 (winglets),1998,26,narrowbody,0,143,477.1895438781942,53,0
TK,Turkish Airlines,MLX,IST,Turkey,Asia,738,Boeing 737-800,1998,26,narrowbody,0,162,856.8837167910309,361,0
TK,Turkish Airlines,MLX,IST,Turkey,Asia,320,Airbus A320,1988,36,narrowbody,0,150,856.8837167910309,361,0
TK,Turkish Airlines,MLX,IST,Turkey,Asia,319,Airbus A319,1996,28,narrowbody,0,124,856.8837167910309,361,0
TK,Turkish Airlines,MQM,ESB,Turkey,Asia,738,Boeing 737-800,1998,26,narrowbody,0,162,737.0707137440787,53,0
TK,Turkish Airlines,MQM,IST,Turkey,Asia,320,Airbus A320,1988,36,narrowbody,0,150,1116.52773445633,361,0
TK,Turkish Airlines,MQM,SAW,Turkey,Asia,738,Boeing 737-800,1998,26,narrowbody,0,162,1058.5264010404144,145,0
TK,Turkish Airlines,MRS,IST,Turkey,Asia,738,Boeing 737-800,1998,26,narrowbody,0,162,1941.8093771228648,361,0
TK,Turkish Airlines,MRS,IST,Turkey,Asia,321,Airbus A321,1994,30,narrowbody,0,185,1941.8093771228648,361,0
TK,Turkish Airlines,MRS,IST,Turkey,Asia,319,Airbus A319,1996,28,narrowbody,0,124,1941.8093771228648,361,0
TK,Turkish Airlines,MSQ,IST,Turkey,Asia,320,Airbus A320,1988,36,narrowbody,0,150,1402.8832017915906,361,0
TK,Turkish Airlines,MSR,ESB,Turkey,Asia,738,Boeing 737-800,1998,26,narrowbody,0,162,759.5490486837682,53,0
TK,Turkish Airlines,MSR,IST,Turkey,Asia,320,Airbus A320,1988,36,narrowbody,0,150,1133.577509386662,361,0
TK,Turkish Airlines,MSY,IAH,United States,North America,73G,Boeing 737-700,1998,26,narrowbody,0,143,489.5347076781417,242,0
TK,Turkish Airlines,MSY,IAH,United States,North America,738,Boeing 737-800,1998,26,narrowbody,0,162,489.5347076781417,242,0
TK,Turkish Airlines,MUC,IST,Turkey,Asia,320,Airbus A320,1988,36,narrowbody,0,150,1547.5671340097276,361,0
TK,Turkish Airlines,MUC,IST,Turkey,Asia,321,Airbus A321,1994,30,narrowbody,0,185,1547.5671340097276,361,0
TK,Turkish Airlines,MUC,IST,Turkey,Asia,738,Boeing 737-800,1998,26,narrowbody,0,162,1547.5671340097276,361,0
TK,Turkish Airlines,MUC,SAW,Turkey,Asia,738,Boeing 737-800,1998,26,narrowbody,0,162,1610.0297390633293,145,0
TK,Turkish Airlines,MXP,IST,Turkey,Asia,320,Airbus A320,1988,36,narrowbody,0,150,1682.2044782078021,361,0
TK,Turkish Airlines,MXP,IST,Turkey,Asia,321,Airbus A321,1994,30,narrowbody,0,185,1682.2044782078021,361,0
TK,Turkish Airlines,MXP,IST,Turkey,Asia,739,Boeing 737-900,2001,23,narrowbody,0,177,1682.2044782078021,361,0
TK,Turkish Airlines,MXP,SAW,Turkey,Asia,738,Boeing 737-800,1998,26,narrowbody,0,162,1741.8869062656731,145,0
TK,Turkish Airlines,MZH,IST,Turkey,Asia,320,Airbus A320,1988,36,narrowbody,0,150,569.7050237598509,361,0
TK,Turkish Airlines,MZR,IST,Turkey,Asia,320,Airbus A320,1988,36,narrowbody,0,150,3334.685818471531,361,0
TK,Turkish Airlines,MZR,IST,Turkey,Asia,738,Boeing 737-800,1998,26,narrowbody,0,162,3334.685818471531,361,0
TK,Turkish Airlines,NAJ,KVD,Azerbaijan,Asia,319,Airbus A319,1996,28,narrowbody,0,124,187.1474185345494,5,0
TK,Turkish Airlines,NAP,IST,Turkey,Asia,738,Boeing 737-800,1998,26,narrowbody,0,162,1211.4635439441854,361,0
TK,Turkish Airlines,NAV,IST,Turkey,Asia,738,Boeing 737-800,1998,26,narrowbody,0,162,565.4448669724162,361,0
TK,Turkish Airlines,NAV,IST,Turkey,Asia,320,Airbus A320,1988,36,narrowbody,0,150,565.4448669724162,361,0
TK,Turkish Airlines,NAV,IST,Turkey,Asia,319,Airbus A319,1996,28,narrowbody,0,124,565.4448669724162,361,0
TK,Turkish Airlines,NBO,IST,Turkey,Asia,738,Boeing 737-800,1998,26,narrowbody,0,162,4807.745264003867,361,0
TK,Turkish Airlines,NCE,IST,Turkey,Asia,320,Airbus A320,1988,36,narrowbody,0,150,1781.0971367596721,361,0
TK,Turkish Airlines,NCE,IST,Turkey,Asia,738,Boeing 737-800,1998,26,narrowbody,0,162,1781.0971367596721,361,0
TK,Turkish Airlines,NCE,IST,Turkey,Asia,321,Airbus A321,1994,30,narrowbody,0,185,1781.0971367596721,361,0
TK,Turkish Airlines,NDJ,IST,Turkey,Asia,738,Boeing 737-800,1998,26,narrowbody,0,162,3504.836427273079,361,0
TK,Turkish Airlines,NDJ,IST,Turkey,Asia,739,Boeing 737-900,2001,23,narrowbody,0,177,3504.836427273079,361,0
TK,Turkish Airlines,NGO,ICN,South Korea,Asia,321,Airbus A321,1994,30,narrowbody,0,185,973.1496110768024,370,0
TK,Turkish Airlines,NIM,OUA,Burkina Faso,Africa,739,Boeing 737-900,2001,23,narrowbody,0,177,419.75653188291676,33,1
TK,Turkish Airlines,NJF,IST,Turkey,Asia,738,Boeing 737-800,1998,26,narrowbody,0,162,1732.3564381678436,361,0
TK,Turkish Airlines,NKC,DKR,Senegal,Africa,739,Boeing 737-900,2001,23,narrowbody,0,177,428.8000190442462,67,1
TK,Turkish Airlines,NOP,IST,Turkey,Asia,319,Airbus A319,1996,28,narrowbody,0,124,530.9786644307133,361,0
TK,Turkish Airlines,NOP,IST,Turkey,Asia,320,Airbus A320,1988,36,narrowbody,0,150,530.9786644307133,361,0
TK,Turkish Airlines,NRT,IST,Turkey,Asia,77W,Boeing 777-300ER,2004,20,widebody,1,365,8979.102309858928,361,0
TK,Turkish Airlines,NRT,IST,Turkey,Asia,330,Airbus A330,1994,30,widebody,1,277,8979.102309858928,361,0
TK,Turkish Airlines,NSI,DLA,Cameroon,Africa,739,Boeing 737-900,2001,23,narrowbody,0,177,205.87579071674435,47,1
TK,Turkish Airlines,NUE,IST,Turkey,Asia,320,Airbus A320,1988,36,narrowbody,0,150,1649.2756132797986,361,0
TK,Turkish Airlines,NUE,IST,Turkey,Asia,738,Boeing 737-800,1998,26,narrowbody,0,162,1649.2756132797986,361,0
TK,Turkish Airlines,ODS,IST,Turkey,Asia,738,Boeing 737-800,1998,26,narrowbody,0,162,593.1956029367182,361,0
TK,Turkish Airlines,ODS,IST,Turkey,Asia,739,Boeing 737-900,2001,23,narrowbody,0,177,593.1956029367182,361,0
TK,Turkish Airlines,ORD,IST,Turkey,Asia,330,Airbus A330,1994,30,widebody,1,277,8785.945354642878,361,0
TK,Turkish Airlines,ORN,IST,Turkey,Asia,738,Boeing 737-800,1998,26,narrowbody,0,162,2620.353227119945,361,0
TK,Turkish Airlines,OSL,IST,Turkey,Asia,321,Airbus A321,1994,30,narrowbody,0,185,2420.9766821770145,361,0
TK,Turkish Airlines,OSL,IST,Turkey,Asia,738,Boeing 737-800,1998,26,narrowbody,0,162,2420.9766821770145,361,0
TK,Turkish Airlines,OSM,IST,Turkey,Asia,73W,Boeing 737-700 (winglets),1998,26,narrowbody,0,143,1362.3109821390021,361,0
TK,Turkish Airlines,OSS,IST,Turkey,Asia,319,Airbus A319,1996,28,narrowbody,0,124,3659.545099130729,361,0
TK,Turkish Airlines,OTP,IST,Turkey,Asia,320,Airbus A320,1988,36,narrowbody,0,150,425.9258539316589,361,0
TK,Turkish Airlines,OTP,IST,Turkey,Asia,738,Boeing 737-800,1998,26,narrowbody,0,162,425.9258539316589,361,0
TK,Turkish Airlines,OTP,IST,Turkey,Asia,319,Airbus A319,1996,28,narrowbody,0,124,425.9258539316589,361,0
TK,Turkish Airlines,OTP,IST,Turkey,Asia,321,Airbus A321,1994,30,narrowbody,0,185,425.9258539316589,361,0
TK,Turkish Airlines,OUA,IST,Turkey,Asia,739,Boeing 737-900,2001,23,narrowbody,0,177,4356.057735419967,361,0
TK,Turkish Airlines,OUA,IST,Turkey,Asia,738,Boeing 737-800,1998,26,narrowbody,0,162,4356.057735419967,361,0
TK,Turkish Airlines,OVB,IST,Turkey,Asia,738,Boeing 737-800,1998,26,narrowbody,0,162,4159.133282783224,361,0
TK,Turkish Airlines,PEK,IST,Turkey,Asia,77W,Boeing 777-300ER,2004,20,widebody,1,365,7058.856558336586,361,0
TK,Turkish Airlines,PER,BKK,Thailand,Asia,330,Airbus A330,1994,30,widebody,1,277,5325.810979712548,330,0
TK,Turkish Airlines,PRG,IST,Turkey,Asia,738,Boeing 737-800,1998,26,narrowbody,0,162,1488.744893951189,361,0
TK,Turkish Airlines,PRG,IST,Turkey,Asia,321,Airbus A321,1994,30,narrowbody,0,185,1488.744893951189,361,0
TK,Turkish Airlines,PRG,IST,Turkey,Asia,320,Airbus A320,1988,36,narrowbody,0,150,1488.744893951189,361,0
TK,Turkish Airlines,PRN,IST,Turkey,Asia,320,Airbus A320,1988,36,narrowbody,0,150,654.220982924547,361,0
TK,Turkish Airlines,PRN,IST,Turkey,Asia,73W,Boeing 737-700 (winglets),1998,26,narrowbody,0,143,654.220982924547,361,0
TK,Turkish Airlines,PRN,IST,Turkey,Asia,319,Airbus A319,1996,28,narrowbody,0,124,654.220982924547,361,0
TK,Turkish Airlines,PRN,IST,Turkey,Asia,738,Boeing 737-800,1998,26,narrowbody,0,162,654.220982924547,361,0
TK,Turkish Airlines,PVG,IST,Turkey,Asia,77W,Boeing 777-300ER,2004,20,widebody,1,365,8020.116174229456,361,0
TK,Turkish Airlines,RIX,IST,Turkey,Asia,320,Airbus A320,1988,36,narrowbody,0,150,1773.4081273093702,361,0
TK,Turkish Airlines,ROV,IST,Turkey,Asia,319,Airbus A319,1996,28,narrowbody,0,124,1123.4857064532691,361,0
TK,Turkish Airlines,RTM,IST,Turkey,Asia,320,Airbus A320,1988,36,narrowbody,0,150,2188.278046762619,361,0
TK,Turkish Airlines,RUH,IST,Turkey,Asia,330,Airbus A330,1994,30,widebody,1,277,2456.7906372631332,361,0
TK,Turkish Airlines,RUH,IST,Turkey,Asia,321,Airbus A321,1994,30,narrowbody,0,185,2456.7906372631332,361,0
TK,Turkish Airlines,RUH,IST,Turkey,Asia,332,Airbus A330-200,1998,26,widebody,1,247,2456.7906372631332,361,0
TK,Turkish Airlines,SAH,ADE,Yemen,Asia,738,Boeing 737-800,1998,26,narrowbody,0,162,306.96498836954305,21,0
TK,Turkish Airlines,SAW,ADA,Turkey,Asia,738,Boeing 737-800,1998,26,narrowbody,0,162,675.2386275308921,17,0
TK,Turkish Airlines,SAW,ADB,Turkey,Asia,738,Boeing 737-800,1998,26,narrowbody,0,162,343.46488915585815,67,0
TK,Turkish Airlines,SAW,ADB,Turkey,Asia,320,Airbus A320,1988,36,narrowbody,0,150,343.46488915585815,67,0
TK,Turkish Airlines,SAW,AMS,Netherlands,Europe,738,Boeing 737-800,1998,26,narrowbody,0,162,2246.4877079364587,450,0
TK,Turkish Airlines,SAW,ASF,Russia,Europe,738,Boeing 737-800,1998,26,narrowbody,0,162,1615.5852481370728,8,0
TK,Turkish Airlines,SAW,ASR,Turkey,Asia,73W,Boeing 737-700 (winglets),1998,26,narrowbody,0,143,578.6222973821696,8,0
TK,Turkish Airlines,SAW,AYT,Turkey,Asia,738,Boeing 737-800,1998,26,narrowbody,0,162,463.091682819905,126,0
TK,Turkish Airlines,SAW,BJV,Turkey,Asia,738,Boeing 737-800,1998,26,narrowbody,0,162,429.7494852094187,32,0
TK,Turkish Airlines,SAW,BRU,Belgium,Europe,738,Boeing 737-800,1998,26,narrowbody,0,162,2204.101336320499,315,0
TK,Turkish Airlines,SAW,CDG,France,Europe,738,Boeing 737-800,1998,26,narrowbody,0,162,2275.433462447204,517,0
TK,Turkish Airlines,SAW,DIY,Turkey,Asia,738,Boeing 737-800,1998,26,narrowbody,0,162,992.9242248335934,7,0
TK,Turkish Airlines,SAW,DUS,Germany,Europe,738,Boeing 737-800,1998,26,narrowbody,0,162,2073.915372252576,285,0
TK,Turkish Airlines,SAW,ECN,Cyprus,Asia,738,Boeing 737-800,1998,26,narrowbody,0,162,736.2610011373189,14,0
TK,Turkish Airlines,SAW,ERZ,Turkey,Asia,73W,Boeing 737-700 (winglets),1998,26,narrowbody,0,143,1008.6320264511776,5,0
TK,Turkish Airlines,SAW,ERZ,Turkey,Asia,738,Boeing 737-800,1998,26,narrowbody,0,162,1008.6320264511776,5,0
TK,Turkish Airlines,SAW,ESB,Turkey,Asia,738,Boeing 737-800,1998,26,narrowbody,0,162,323.1277759211857,53,0
TK,Turkish Airlines,SAW,EZS,Turkey,Asia,73W,Boeing 737-700 (winglets),1998,26,narrowbody,0,143,890.0011000346326,6,0
TK,Turkish Airlines,SAW,FRA,Germany,Europe,738,Boeing 737-800,1998,26,narrowbody,0,162,1900.019102831377,493,0
TK,Turkish Airlines,SAW,GZT,Turkey,Asia,73G,Boeing 737-700,1998,26,narrowbody,0,143,831.6267991322222,9,0
TK,Turkish Airlines,SAW,HTY,Turkey,Asia,73W,Boeing 737-700 (winglets),1998,26,narrowbody,0,143,787.7319458903048,9,0
TK,Turkish Airlines,SAW,IKA,Iran,Asia,738,Boeing 737-800,1998,26,narrowbody,0,162,1998.541333332827,62,0
TK,Turkish Airlines,SAW,KBP,Ukraine,Europe,738,Boeing 737-800,1998,26,narrowbody,0,162,1057.5363494119365,100,0
TK,Turkish Airlines,SAW,KSY,Turkey,Asia,738,Boeing 737-800,1998,26,narrowbody,0,162,1162.7019658155143,3,0
TK,Turkish Airlines,SAW,KWI,Kuwait,Asia,738,Boeing 737-800,1998,26,narrowbody,0,162,2129.6745181311517,119,0
TK,Turkish Airlines,SAW,KYA,Turkey,Asia,73W,Boeing 737-700 (winglets),1998,26,narrowbody,0,143,428.20527693876977,4,0
TK,Turkish Airlines,SAW,LGW,United Kingdom,Europe,738,Boeing 737-800,1998,26,narrowbody,0,162,2523.569814149168,352,0
TK,Turkish Airlines,SAW,MLA,Malta,Europe,320,Airbus A320,1988,36,narrowbody,0,150,1406.768486283362,113,0
TK,Turkish Airlines,SAW,MQM,Turkey,Asia,738,Boeing 737-800,1998,26,narrowbody,0,162,1058.5264010404144,5,0
TK,Turkish Airlines,SAW,MUC,Germany,Europe,738,Boeing 737-800,1998,26,narrowbody,0,162,1610.0297390633293,360,0
TK,Turkish Airlines,SAW,MXP,Italy,Europe,738,Boeing 737-800,1998,26,narrowbody,0,162,1741.8869062656731,194,0
TK,Turkish Airlines,SAW,SJJ,Bosnia and Herzegovina,Europe,738,Boeing 737-800,1998,26,narrowbody,0,162,957.9326958439618,16,0
TK,Turkish Airlines,SAW,STW,Russia,Europe,320,Airbus A320,1988,36,narrowbody,0,150,1139.8932376502376,4,0
TK,Turkish Airlines,SAW,TBS,Georgia,Asia,738,Boeing 737-800,1998,26,narrowbody,0,162,1308.298461975304,35,0
TK,Turkish Airlines,SAW,TLV,Israel,Asia,738,Boeing 737-800,1998,26,narrowbody,0,162,1106.3500082039227,135,0
TK,Turkish Airlines,SAW,TZX,Turkey,Asia,738,Boeing 737-800,1998,26,narrowbody,0,162,879.7681836803936,10,0
TK,Turkish Airlines,SAW,VAN,Turkey,Asia,738,Boeing 737-800,1998,26,narrowbody,0,162,1228.6007958967095,5,0
TK,Turkish Airlines,SAW,VAS,Turkey,Asia,738,Boeing 737-800,1998,26,narrowbody,0,162,654.4811272830904,4,0
TK,Turkish Airlines,SAW,VIE,Austria,Europe,738,Boeing 737-800,1998,26,narrowbody,0,162,1287.0163526813892,308,0
TK,Turkish Airlines,SCQ,BIO,Spain,Europe,320,Airbus A320,1988,36,narrowbody,0,150,449.1018848574186,63,0
TK,Turkish Airlines,SGN,BKK,Thailand,Asia,77W,Boeing 777-300ER,2004,20,widebody,1,365,716.1744739165025,330,0
TK,Turkish Airlines,SIN,CGK,Indonesia,Asia,330,Airbus A330,1994,30,widebody,1,277,882.2377506730388,182,0
TK,Turkish Airlines,SIN,IST,Turkey,Asia,330,Airbus A330,1994,30,widebody,1,277,8679.549456487874,361,0
TK,Turkish Airlines,SJJ,IST,Turkey,Asia,320,Airbus A320,1988,36,narrowbody,0,150,898.6919944438096,361,0
TK,Turkish Airlines,SJJ,IST,Turkey,Asia,738,Boeing 737-800,1998,26,narrowbody,0,162,898.6919944438096,361,0
TK,Turkish Airlines,SJJ,IST,Turkey,Asia,321,Airbus A321,1994,30,narrowbody,0,185,898.6919944438096,361,0
TK,Turkish Airlines,SJJ,SAW,Turkey,Asia,738,Boeing 737-800,1998,26,narrowbody,0,162,957.9326958439618,145,0
TK,Turkish Airlines,SKG,IST,Turkey,Asia,738,Boeing 737-800,1998,26,narrowbody,0,162,493.010060845521,361,0
TK,Turkish Airlines,SKP,IST,Turkey,Asia,319,Airbus A319,1996,28,narrowbody,0,124,597.4581405588904,361,0
TK,Turkish Airlines,SOF,IST,Turkey,Asia,738,Boeing 737-800,1998,26,narrowbody,0,162,468.74461297398165,361,0
TK,Turkish Airlines,SOF,IST,Turkey,Asia,320,Airbus A320,1988,36,narrowbody,0,150,468.74461297398165,361,0
TK,Turkish Airlines,SSG,ADD,Ethiopia,Africa,763,Boeing 767-300,1986,38,widebody,1,218,3373.9547374324293,109,1
TK,Turkish Airlines,SSG,DLA,Cameroon,Africa,763,Boeing 767-300,1986,38,widebody,1,218,115.54960968348738,47,1
TK,Turkish Airlines,SSH,IST,Turkey,Asia,738,Boeing 737-800,1998,26,narrowbody,0,162,1565.2714770027333,361,0
TK,Turkish Airlines,SSH,IST,Turkey,Asia,319,Airbus A319,1996,28,narrowbody,0,124,1565.2714770027333,361,0
TK,Turkish Airlines,STR,IST,Turkey,Asia,320,Airbus A320,1988,36,narrowbody,0,150,1736.2490169588866,361,0
TK,Turkish Airlines,STR,IST,Turkey,Asia,321,Airbus A321,1994,30,narrowbody,0,185,1736.2490169588866,361,0
TK,Turkish Airlines,STW,SAW,Turkey,Asia,320,Airbus A320,1988,36,narrowbody,0,150,1139.8932376502376,145,0
TK,Turkish Airlines,SVX,IST,Turkey,Asia,321,Airbus A321,1994,30,narrowbody,0,185,2859.419741877585,361,0
TK,Turkish Airlines,SYD,BKK,Thailand,Asia,747,Boeing 747-400,1989,35,widebody,1,416,7514.638226417631,330,0
TK,Turkish Airlines,SYD,ICN,South Korea,Asia,772,Boeing 777-200,1995,29,widebody,1,314,8342.753253633262,370,0
TK,Turkish Airlines,SYZ,IST,Turkey,Asia,320,Airbus A320,1988,36,narrowbody,0,150,2511.253496854355,361,0
TK,Turkish Airlines,SYZ,IST,Turkey,Asia,319,Airbus A319,1996,28,narrowbody,0,124,2511.253496854355,361,0
TK,Turkish Airlines,SZG,IST,Turkey,Asia,320,Airbus A320,1988,36,narrowbody,0,150,1439.415998610646,361,0
TK,Turkish Airlines,TAS,IST,Turkey,Asia,321,Airbus A321,1994,30,narrowbody,0,185,3355.8965003574945,361,0
TK,Turkish Airlines,TBS,IST,Turkey,Asia,319,Airbus A319,1996,28,narrowbody,0,124,1348.666806148897,361,0
TK,Turkish Airlines,TBS,IST,Turkey,Asia,73W,Boeing 737-700 (winglets),1998,26,narrowbody,0,143,1348.666806148897,361,0
TK,Turkish Airlines,TBS,IST,Turkey,Asia,738,Boeing 737-800,1998,26,narrowbody,0,162,1348.666806148897,361,0
TK,Turkish Airlines,TBS,IST,Turkey,Asia,320,Airbus A320,1988,36,narrowbody,0,150,1348.666806148897,361,0
TK,Turkish Airlines,TBS,SAW,Turkey,Asia,738,Boeing 737-800,1998,26,narrowbody,0,162,1308.298461975304,145,0
TK,Turkish Airlines,TBZ,IST,Turkey,Asia,738,Boeing 737-800,1998,26,narrowbody,0,162,1533.0043880527373,361,0
TK,Turkish Airlines,TBZ,IST,Turkey,Asia,319,Airbus A319,1996,28,narrowbody,0,124,1533.0043880527373,361,0
TK,Turkish Airlines,TEQ,ESB,Turkey,Asia,73W,Boeing 737-700 (winglets),1998,26,narrowbody,0,143,442.74561443626607,53,0
TK,Turkish Airlines,TGD,IST,Turkey,Asia,319,Airbus A319,1996,28,narrowbody,0,124,796.0149694209049,361,0
TK,Turkish Airlines,TIA,IST,Turkey,Asia,319,Airbus A319,1996,28,narrowbody,0,124,753.7463423727569,361,0
TK,Turkish Airlines,TIF,IST,Turkey,Asia,319,Airbus A319,1996,28,narrowbody,0,124,2463.4934605394733,361,0
TK,Turkish Airlines,TIP,IST,Turkey,Asia,320,Airbus A320,1988,36,narrowbody,0,150,1679.8481606266046,361,0
TK,Turkish Airlines,TIP,IST,Turkey,Asia,738,Boeing 737-800,1998,26,narrowbody,0,162,1679.8481606266046,361,0
TK,Turkish Airlines,TLL,IST,Turkey,Asia,319,Airbus A319,1996,28,narrowbody,0,124,2035.0783525166205,361,0
TK,Turkish Airlines,TLL,VNO,Lithuania,Europe,319,Airbus A319,1996,28,narrowbody,0,124,532.1259529149634,58,0
TK,Turkish Airlines,TLS,IST,Turkey,Asia,320,Airbus A320,1988,36,narrowbody,0,150,2251.884963181631,361,0
TK,Turkish Airlines,TLS,IST,Turkey,Asia,321,Airbus A321,1994,30,narrowbody,0,185,2251.884963181631,361,0
TK,Turkish Airlines,TLV,IST,Turkey,Asia,738,Boeing 737-800,1998,26,narrowbody,0,162,1165.6911323760473,361,0
TK,Turkish Airlines,TLV,IST,Turkey,Asia,321,Airbus A321,1994,30,narrowbody,0,185,1165.6911323760473,361,0
TK,Turkish Airlines,TLV,IST,Turkey,Asia,320,Airbus A320,1988,36,narrowbody,0,150,1165.6911323760473,361,0
TK,Turkish Airlines,TLV,IST,Turkey,Asia,330,Airbus A330,1994,30,widebody,1,277,1165.6911323760473,361,0
TK,Turkish Airlines,TLV,IST,Turkey,Asia,332,Airbus A330-200,1998,26,widebody,1,247,1165.6911323760473,361,0
TK,Turkish Airlines,TLV,IST,Turkey,Asia,739,Boeing 737-900,2001,23,narrowbody,0,177,1165.6911323760473,361,0
TK,Turkish Airlines,TLV,IST,Turkey,Asia,319,Airbus A319,1996,28,narrowbody,0,124,1165.6911323760473,361,0
TK,Turkish Airlines,TLV,SAW,Turkey,Asia,738,Boeing 737-800,1998,26,narrowbody,0,162,1106.3500082039227,145,0
TK,Turkish Airlines,TRN,IST,Turkey,Asia,73W,Boeing 737-700 (winglets),1998,26,narrowbody,0,143,1758.678520412414,361,0
TK,Turkish Airlines,TRN,IST,Turkey,Asia,738,Boeing 737-800,1998,26,narrowbody,0,162,1758.678520412414,361,0
TK,Turkish Airlines,TRN,IST,Turkey,Asia,319,Airbus A319,1996,28,narrowbody,0,124,1758.678520412414,361,0
TK,Turkish Airlines,TRN,IST,Turkey,Asia,320,Airbus A320,1988,36,narrowbody,0,150,1758.678520412414,361,0
TK,Turkish Airlines,TSE,IST,Turkey,Asia,320,Airbus A320,1988,36,narrowbody,0,150,3409.775794297896,361,0
TK,Turkish Airlines,TSE,IST,Turkey,Asia,738,Boeing 737-800,1998,26,narrowbody,0,162,3409.775794297896,361,0
TK,Turkish Airlines,TUN,IST,Turkey,Asia,739,Boeing 737-900,2001,23,narrowbody,0,177,1669.5392712148398,361,0
TK,Turkish Airlines,TUN,IST,Turkey,Asia,321,Airbus A321,1994,30,narrowbody,0,185,1669.5392712148398,361,0
TK,Turkish Airlines,TUN,IST,Turkey,Asia,738,Boeing 737-800,1998,26,narrowbody,0,162,1669.5392712148398,361,0
TK,Turkish Airlines,TXL,IST,Turkey,Asia,320,Airbus A320,1988,36,narrowbody,0,150,1711.6427690715236,361,0
TK,Turkish Airlines,TXL,IST,Turkey,Asia,738,Boeing 737-800,1998,26,narrowbody,0,162,1711.6427690715236,361,0
TK,Turkish Airlines,TXL,IST,Turkey,Asia,321,Airbus A321,1994,30,narrowbody,0,185,1711.6427690715236,361,0
TK,Turkish Airlines,TZX,ESB,Turkey,Asia,738,Boeing 737-800,1998,26,narrowbody,0,162,581.8602440392094,53,0
TK,Turkish Airlines,TZX,IST,Turkey,Asia,73W,Boeing 737-700 (winglets),1998,26,narrowbody,0,143,924.2870502140548,361,0
TK,Turkish Airlines,TZX,IST,Turkey,Asia,320,Airbus A320,1988,36,narrowbody,0,150,924.2870502140548,361,0
TK,Turkish Airlines,TZX,IST,Turkey,Asia,321,Airbus A321,1994,30,narrowbody,0,185,924.2870502140548,361,0
TK,Turkish Airlines,TZX,IST,Turkey,Asia,319,Airbus A319,1996,28,narrowbody,0,124,924.2870502140548,361,0
TK,Turkish Airlines,TZX,IST,Turkey,Asia,738,Boeing 737-800,1998,26,narrowbody,0,162,924.2870502140548,361,0
TK,Turkish Airlines,TZX,SAW,Turkey,Asia,738,Boeing 737-800,1998,26,narrowbody,0,162,879.7681836803936,145,0
TK,Turkish Airlines,UFA,IST,Turkey,Asia,319,Airbus A319,1996,28,narrowbody,0,124,2477.698057479595,361,0
TK,Turkish Airlines,ULN,FRU,Kyrgyzstan,Asia,738,Boeing 737-800,1998,26,narrowbody,0,162,2554.474603938023,45,0
TK,Turkish Airlines,VAN,ESB,Turkey,Asia,738,Boeing 737-800,1998,26,narrowbody,0,162,907.8907455444179,53,0
TK,Turkish Airlines,VAN,IST,Turkey,Asia,320,Airbus A320,1988,36,narrowbody,0,150,1281.1236068859564,361,0
TK,Turkish Airlines,VAN,IST,Turkey,Asia,319,Airbus A319,1996,28,narrowbody,0,124,1281.1236068859564,361,0
TK,Turkish Airlines,VAN,IST,Turkey,Asia,73W,Boeing 737-700 (winglets),1998,26,narrowbody,0,143,1281.1236068859564,361,0
TK,Turkish Airlines,VAN,SAW,Turkey,Asia,738,Boeing 737-800,1998,26,narrowbody,0,162,1228.6007958967095,145,0
TK,Turkish Airlines,VAS,IST,Turkey,Asia,320,Airbus A320,1988,36,narrowbody,0,150,707.3970178222595,361,0
TK,Turkish Airlines,VAS,IST,Turkey,Asia,319,Airbus A319,1996,28,narrowbody,0,124,707.3970178222595,361,0
TK,Turkish Airlines,VAS,SAW,Turkey,Asia,738,Boeing 737-800,1998,26,narrowbody,0,162,654.4811272830904,145,0
TK,Turkish Airlines,VCE,IST,Turkey,Asia,321,Airbus A321,1994,30,narrowbody,0,185,1403.1273105645694,361,0
TK,Turkish Airlines,VCE,IST,Turkey,Asia,739,Boeing 737-900,2001,23,narrowbody,0,177,1403.1273105645694,361,0
TK,Turkish Airlines,VCE,IST,Turkey,Asia,738,Boeing 737-800,1998,26,narrowbody,0,162,1403.1273105645694,361,0
TK,Turkish Airlines,VCE,IST,Turkey,Asia,320,Airbus A320,1988,36,narrowbody,0,150,1403.1273105645694,361,0
TK,Turkish Airlines,VCE,IST,Turkey,Asia,319,Airbus A319,1996,28,narrowbody,0,124,1403.1273105645694,361,0
TK,Turkish Airlines,VIE,ESB,Turkey,Asia,738,Boeing 737-800,1998,26,narrowbody,0,162,1578.1705546556304,53,0
TK,Turkish Airlines,VIE,IST,Turkey,Asia,738,Boeing 737-800,1998,26,narrowbody,0,162,1224.288298900429,361,0
TK,Turkish Airlines,VIE,IST,Turkey,Asia,321,Airbus A321,1994,30,narrowbody,0,185,1224.288298900429,361,0
TK,Turkish Airlines,VIE,IST,Turkey,Asia,330,Airbus A330,1994,30,widebody,1,277,1224.288298900429,361,0
TK,Turkish Airlines,VIE,IST,Turkey,Asia,320,Airbus A320,1988,36,narrowbody,0,150,1224.288298900429,361,0
TK,Turkish Airlines,VIE,SAW,Turkey,Asia,738,Boeing 737-800,1998,26,narrowbody,0,162,1287.0163526813892,145,0
TK,Turkish Airlines,VKO,AYT,Turkey,Asia,321,Airbus A321,1994,30,narrowbody,0,185,2134.864505113542,126,0
TK,Turkish Airlines,VKO,ESB,Turkey,Asia,738,Boeing 737-800,1998,26,narrowbody,0,162,1747.83265072243,53,0
TK,Turkish Airlines,VKO,IST,Turkey,Asia,738,Boeing 737-800,1998,26,narrowbody,0,162,1708.198286224965,361,0
TK,Turkish Airlines,VKO,IST,Turkey,Asia,321,Airbus A321,1994,30,narrowbody,0,185,1708.198286224965,361,0
TK,Turkish Airlines,VLC,IST,Turkey,Asia,738,Boeing 737-800,1998,26,narrowbody,0,162,2472.365471975562,361,0
TK,Turkish Airlines,VNO,IST,Turkey,Asia,319,Airbus A319,1996,28,narrowbody,0,124,1507.218437375811,361,0
TK,Turkish Airlines,VNO,TLL,Estonia,Europe,319,Airbus A319,1996,28,narrowbody,0,124,532.1259529149634,38,0
TK,Turkish Airlines,VVO,ICN,South Korea,Asia,321,Airbus A321,1994,30,narrowbody,0,185,816.4098808716832,370,0
TK,Turkish Airlines,WAW,IST,Turkey,Asia,321,Airbus A321,1994,30,narrowbody,0,185,1346.719271413523,361,0
TK,Turkish Airlines,YNB,IST,Turkey,Asia,320,Airbus A320,1988,36,narrowbody,0,150,2091.5010513826173,361,0
TK,Turkish Airlines,YNB,IST,Turkey,Asia,321,Airbus A321,1994,30,narrowbody,0,185,2091.5010513826173,361,0
TK,Turkish Airlines,YYZ,IST,Turkey,Asia,77W,Boeing 777-300ER,2004,20,widebody,1,365,8171.897118134893,361,0
TK,Turkish Airlines,YYZ,IST,Turkey,Asia,763,Boeing 767-300,1986,38,widebody,1,218,8171.897118134893,361,0
TK,Turkish Airlines,ZAG,IST,Turkey,Asia,739,Boeing 737-900,2001,23,narrowbody,0,177,1135.3422271084073,361,0
TK,Turkish Airlines,ZAG,IST,Turkey,Asia,319,Airbus A319,1996,28,narrowbody,0,124,1135.3422271084073,361,0
TK,Turkish Airlines,ZAG,IST,Turkey,Asia,320,Airbus A320,1988,36,narrowbody,0,150,1135.3422271084073,361,0
TK,Turkish Airlines,ZAG,IST,Turkey,Asia,738,Boeing 737-800,1998,26,narrowbody,0,162,1135.3422271084073,361,0
TK,Turkish Airlines,ZRH,IST,Turkey,Asia,320,Airbus A320,1988,36,narrowbody,0,150,1740.5693568961544,361,0
TK,Turkish Airlines,ZRH,IST,Turkey,Asia,321,Airbus A321,1994,30,narrowbody,0,185,1740.5693568961544,361,0
TK,Turkish Airlines,ZRH,IST,Turkey,Asia,738,Boeing 737-800,1998,26,narrowbody,0,162,1740.5693568961544,361,0
